date,buy_hold_10,model_seed42_10,model_seed43_10,model_seed44_10,model_seed45_10,model_seed46_10,naive_vol_10,oracle_10,xgboost_10,buy_hold_25,model_seed42_25,model_seed43_25,model_seed44_25,model_seed45_25,model_seed46_25,naive_vol_25,oracle_25,xgboost_25,buy_hold_50,model_seed42_50,model_seed43_50,model_seed44_50,model_seed45_50,model_seed46_50,naive_vol_50,oracle_50,xgboost_50
2022-01-03,0.9995,1.0,1.0,1.0,1.0,1.0,0.9995,1.0,0.9995,0.99875,1.0,1.0,1.0,1.0,1.0,0.99875,1.0,0.99875,0.9975,1.0,1.0,1.0,1.0,1.0,0.9975,1.0,0.9975
2022-01-04,1.0053081836392035,1.0,1.0,1.0,1.0,1.0,1.004808573508995,1.0,1.0070408298660252,1.0045538253223156,1.0,1.0,1.0,1.0,1.0,1.0040545900871525,1.0,1.0062851714143997,1.0032965614608358,1.0,1.0,1.0,1.0,1.0,1.002797951050748,1.0,1.005025740661691
2022-01-05,0.985091497092312,1.0,1.0,1.0,1.0,1.0,0.9886716099878323,1.0,0.9852024397488193,0.9843523088753843,1.0,1.0,1.0,1.0,1.0,0.9879297353430191,1.0,0.9844631682832747,0.983120328513838,1.0,1.0,1.0,1.0,1.0,0.9866932776016637,1.0,0.9832310491740343
2022-01-06,0.9856630018603912,1.0,1.0,1.0,1.0,1.0,0.987002982737802,1.0,0.9861217277158779,0.9849233848004659,1.0,1.0,1.0,1.0,1.0,0.9862623601894744,1.0,0.9853817664394527,0.9836906897005904,1.0,1.0,1.0,1.0,1.0,0.9850279892755954,1.0,0.984148497645411
2022-01-07,0.9817757031387045,1.0,1.0,1.0,1.0,1.0,0.9820077588184196,1.0,0.9795712674241022,0.9810390030112867,1.0,1.0,1.0,1.0,1.0,0.9812708845621777,1.0,0.9788362214505473,0.9798111694655903,1.0,1.0,1.0,1.0,1.0,0.9800427608017747,1.0,0.977611144827956
2022-01-10,0.9777460939570433,1.0,1.0,1.0,1.0,1.0,0.9776976884328147,1.0,0.9749289644305758,0.977012417548371,1.0,1.0,1.0,1.0,1.0,0.976964048346447,1.0,0.9741974019260005,0.9757896235339173,1.0,1.0,1.0,1.0,1.0,0.9757413148691675,1.0,0.9729781310850418
2022-01-11,0.9900104194038942,1.0,1.0,1.0,1.0,1.0,0.9872173609320625,1.0,0.9886317382454342,0.989267540149714,1.0,1.0,1.0,1.0,1.0,0.9864765775196573,1.0,0.9878898935193869,0.9880294080594139,1.0,1.0,1.0,1.0,1.0,0.9852419384989821,1.0,0.9866534856426419
2022-01-12,0.9887778904446456,1.0,1.0,1.0,1.0,1.0,0.9860939880558893,1.0,0.988509588235234,0.9880359360496144,1.0,1.0,1.0,1.0,1.0,0.9853540475946169,1.0,0.9877678351675236,0.9867993453912293,1.0,1.0,1.0,1.0,1.0,0.9841208134924961,1.0,0.9865315800546733
2022-01-13,0.9855476646818369,1.0,1.0,1.0,1.0,1.0,0.9852043313232126,1.0,0.9864401161175049,0.9848081341680683,1.0,1.0,1.0,1.0,1.0,0.9844650584382778,1.0,0.985699915930323,0.9835755833117878,1.0,1.0,1.0,1.0,1.0,0.9832329369633865,1.0,0.984466248951687
2022-01-14,0.9854932226876013,1.0,1.0,1.0,1.0,1.0,0.9849794580915067,1.0,0.9866840956598133,0.9847537330257544,1.0,1.0,1.0,1.0,1.0,0.9842403539458653,1.0,0.9859437123964365,0.98352125025601,1.0,1.0,1.0,1.0,1.0,0.9830085137031297,1.0,0.9847097402908092
2022-01-18,0.9673947034403527,1.0,1.0,1.0,1.0,1.0,0.9672368660230459,1.0,0.9663914797229228,0.9666687944582811,1.0,1.0,1.0,1.0,1.0,0.9665110754782563,1.0,0.9656663235350365,0.965458946154829,1.0,1.0,1.0,1.0,1.0,0.9653014245702737,1.0,0.9644577298885598
2022-01-19,0.9594776134667362,1.0,1.0,1.0,1.0,1.0,0.9588544850479516,1.0,0.9574368397202856,0.9587576452725388,1.0,1.0,1.0,1.0,1.0,0.9581349844338586,1.0,0.9567184028720711,0.9575576982822103,1.0,1.0,1.0,1.0,1.0,0.9569358167437038,1.0,0.9555210081250475
2022-01-20,0.943295855367968,1.0,1.0,1.0,1.0,1.0,0.9444720962491934,1.0,0.9394090209248573,0.9425880295635395,1.0,1.0,1.0,1.0,1.0,0.9437633878227933,1.0,0.9387041117045534,0.9414083198894926,1.0,1.0,1.0,1.0,1.0,0.9425822071121267,1.0,0.9375292630040474
2022-01-21,0.9277203933654732,1.0,1.0,1.0,1.0,1.0,0.9312754750628954,1.0,0.9239796161470112,0.9270242550012666,1.0,1.0,1.0,1.0,1.0,0.9305766690535936,1.0,0.9232862847692118,0.9258640243942564,1.0,1.0,1.0,1.0,1.0,0.9294119923714241,1.0,0.9221307324728802
2022-01-24,0.9384264148936593,1.0,1.0,1.0,1.0,1.0,0.9427603566036911,1.0,0.9370747948574785,0.9377222429965402,1.0,1.0,1.0,1.0,1.0,0.9420529326242485,1.0,0.9363716371824977,0.9365486231680089,1.0,1.0,1.0,1.0,1.0,0.9408738926585113,1.0,0.935199707724197
2022-01-25,0.929754460120676,1.0,1.0,1.0,1.0,1.0,0.9304505730945731,1.0,0.9272945575676023,0.9290567954432465,1.0,1.0,1.0,1.0,1.0,0.9297523860712404,1.0,0.9265987387400126,0.9278940209808645,1.0,1.0,1.0,1.0,1.0,0.928588741032353,1.0,0.9254390406940305
2022-01-26,0.9185045788538163,1.0,1.0,1.0,1.0,1.0,0.9192269386811435,1.0,0.9157829375652564,0.9178153558081529,1.0,1.0,1.0,1.0,1.0,0.9185371735945892,1.0,0.9150957567716855,0.9166666507320476,1.0,1.0,1.0,1.0,1.0,0.9173875651169991,1.0,0.9139504554490679
2022-01-27,0.9101586936532081,1.0,1.0,1.0,1.0,1.0,0.9133240280248353,1.0,0.9066489595272832,0.9094757331527177,1.0,1.0,1.0,1.0,1.0,0.9126386923359721,1.0,0.905968632644196,0.9083374656519008,1.0,1.0,1.0,1.0,1.0,0.9114964661878671,1.0,0.9048347545057179
2022-01-28,0.9238767549656557,1.0,1.0,1.0,1.0,1.0,0.9279554842751939,1.0,0.9222404587570757,0.9231835007723346,1.0,1.0,1.0,1.0,1.0,0.9272591695046021,1.0,0.9215484323998291,0.9220280771167997,1.0,1.0,1.0,1.0,1.0,0.9260986448869494,1.0,0.920395055137752
2022-01-31,0.9435834344163999,1.0,1.0,1.0,1.0,1.0,0.9446095457108724,1.0,0.9432398868431843,0.942875392819789,1.0,1.0,1.0,1.0,1.0,0.9439007341458066,1.0,0.9425321030361482,0.9416953234921047,1.0,1.0,1.0,1.0,1.0,0.9427193815373639,1.0,0.9413524633577554
2022-02-01,0.9549951180568906,0.9995,0.9995,0.9995,0.9995,0.9995,0.9512885038273307,0.9995,0.9555529035690464,0.9542785134160272,0.99875,0.99875,0.99875,0.99875,0.99875,0.9504330954276933,0.99875,0.9546866461301275,0.9530841723479221,0.9975,0.9975,0.9975,0.9975,0.9975,0.9490078873026748,0.9975,0.9532433818020161
2022-02-02,0.9563164442551549,1.0045721970816468,1.0027745219298538,1.0032533564245614,1.0027421765143434,1.0035400916721486,0.9562757093062086,1.0007999012477171,0.9593109684886738,0.9555988481238976,1.00381839103081,1.0020220648098463,1.00250053999903,1.0019897436655332,1.0027870600876023,0.955415816360148,1.0000489258340743,0.9584413041722494,0.9544028545718027,1.002562047612749,1.0007679696098342,1.0012458459564781,1.0007356889175163,1.0015320074466916,0.9539831364684247,0.99879730014467,0.9569923636738066
2022-02-03,0.9444998464823243,0.991913591845112,0.9903063216057868,0.9902497679959723,0.9900459950712761,0.9899188709979109,0.9437166742922222,0.9896342868791901,0.946723210168985,0.9437911172328375,0.9911692844975543,0.9895632203139364,0.9895067091405476,0.9893030891219979,0.9891760604393832,0.9428680745595233,0.9888916898655237,0.945864957297435,0.9426099018170268,0.9899287722516249,0.9883247181608528,0.9882682777148398,0.9880649125398678,0.987938042841837,0.941454210451521,0.9876540281760801,0.9444350293125703
2022-02-04,0.9418706416273029,0.9879174761658898,0.9869874692009174,0.9859373172571899,0.9871673975335521,0.9867389027844135,0.9376669120153246,0.9885962673247868,0.9439323220773621,0.9411638852679024,0.9871761674043844,0.9862468582935628,0.9851974943577972,0.9864266516124413,0.9859984783951306,0.9368237522910423,0.9878544492152382,0.9430765992881985,0.9399859580022356,0.9859406528018758,0.9850125067813057,0.983964456192143,0.9851920750772568,0.9847644377463255,0.9354189518585883,0.9866180856993244,0.9416508866525952
2022-02-07,0.9408565160863237,0.9846416161550898,0.9843223770117169,0.9838368205359805,0.984816166951343,0.9835978694488742,0.9367012730694544,0.987535037589895,0.9403309821359233,0.9401505207015662,0.9839027655176545,0.9835837659234138,0.9830985737972091,0.9840771853353213,0.9828598020130697,0.9358589816576367,0.9867940158008078,0.9394785241450798,0.9389738617269712,0.9826713477885962,0.982352747442909,0.9818681625659236,0.9828455493086189,0.9816296896200619,0.9344556279329542,0.985558979485663,0.9380582509628563
2022-02-08,0.9530362904418427,0.9972711624658169,0.9978145010239944,0.9976793963345035,0.9989034000248375,0.997239772001141,0.9507342284935005,1.0024916757088862,0.9536669996070235,0.9523211556566183,0.9965228349301996,0.9970657657806046,0.9969307624703205,0.9981538476986554,0.9964914680201498,0.94987931850394,1.0017394308296648,0.9528024518362246,0.9511292643479119,0.9952756223708377,0.9958178737082886,0.995683039363349,0.9969045938216861,0.9952442947184973,0.9484549407870534,1.000485689364296,0.9513620359719757
2022-02-09,0.9712955271104293,1.0161667516056798,1.0175343308051252,1.0177495958792244,1.0189497917618162,1.0171545674134506,0.9672627547483374,1.0224470019552698,0.9734112749068549,0.9705666910470645,1.0154042452888168,1.016770798290764,1.016985901835293,1.018185197120674,1.016391319864116,0.9663929821380944,1.0216797830943727,0.9725288279435668,0.9693519642747905,1.014133401427379,1.0154982441001625,1.0157130784287407,1.016910872718771,1.0151192406152243,0.9649438415970821,1.020401084992878,0.9710585903832942
2022-02-10,0.9578528854050383,1.0010741721277114,1.0028588547488504,1.002931262867406,1.005055648089481,1.0024795978102898,0.9513713679185706,1.008119405335005,0.9603794422632128,0.9571341363664649,1.0003229909080056,1.002106334347588,1.0021786881328882,1.0043014792690033,1.001727361994024,0.9505158850066908,1.0073629375471098,0.959508809320821,0.9559362213021767,0.9990710222084963,1.0008521336788179,1.000924396908692,1.0030445312348746,1.0004736356335806,0.9490905527357631,1.0061021579006177,0.9580582550026947
2022-02-11,0.9516373228718935,0.9950118683846592,0.994963889254355,0.9959786777223951,0.9969784678003778,0.9964340775126652,0.9431814212325375,1.0024100238986837,0.9538080508591388,0.9509232378372219,0.9942652361672618,0.9942172930393066,0.9952313200352597,0.9962303598955747,0.9956863781048267,0.942333302804891,1.0016578402889547,0.9529433752181864,0.94973309611277,0.9930208491382666,0.9929729660142264,0.9939857238900343,0.9949835133875705,0.9944402124250958,0.9409202406060955,1.0004042009394065,0.9515027463105362
2022-02-14,0.9459981404905292,0.9886543122599163,0.9884737520516913,0.9897526807703103,0.990294307979663,0.9892848877671102,0.9383023148919877,0.9966423272368733,0.947375978232591,0.9452882869583948,0.9879124505948886,0.9877320258745639,0.9890099949168057,0.9895512157025393,0.9885425529338682,0.9374585838069083,0.9958944715636089,0.9465171335935011,0.9441051977381718,0.9866760144865097,0.9864958155793518,0.9877721851609651,0.9883127285740008,0.9873053282117981,0.9360528314220876,0.9946480454415018,0.9450862196696503
2022-02-15,0.9655863151830144,1.0089789452232307,1.009530694853327,1.0106637791379123,1.0110243696142687,1.0103718228207828,0.9567971225369624,1.019266053423677,0.9677742349693668,0.9648617631706204,1.0082218324579304,1.0087731680687944,1.0099054021150473,1.0102657220132572,1.009613664874694,0.9559367607307657,1.0185012214676312,0.9668968982702629,0.9636541764832983,1.006959977849097,1.0075106234279076,1.0086414404102728,1.0090013093449053,1.0083500682978794,0.954503299664488,1.0172265015408883,0.9654351748787272
2022-02-16,0.967599268119488,1.0101310415954328,1.0108825993342214,1.0119113254115966,1.0127639997116857,1.0117834902173182,0.9576779137401193,1.0242971557159584,0.9692830976190429,0.9668732056371567,1.009373064325601,1.0101240581141104,1.0111520122609625,1.0120040467354137,1.011024272991042,0.9568167599174204,1.0235285485455863,0.9684043930589973,0.9656631014999391,1.008109768875882,1.0088598227472596,1.0098864903432394,1.0107374584416273,1.0097589109472482,0.9553819792611611,1.0222475365949661,0.9669403906857011
2022-02-17,0.9540280363296302,0.9940259678316266,0.9955913095275855,0.9953047316415066,0.9961425196025856,0.9933657670639865,0.9430453280327021,1.0111909206681815,0.9515409865207687,0.9533121573628991,0.9932800754095414,0.9948442425119317,0.9945578796667881,0.9953950389725685,0.9926203700401764,0.9421973319814597,1.010432148091392,0.950678366089256,0.9521190257516817,0.9920369213727338,0.9935991308191763,0.9933131263755908,0.9941492379225404,0.9913780416671598,0.9407844736757347,1.0091675271300762,0.949241161348993
2022-02-18,0.9433494111579664,0.9840724149398942,0.9862841973855699,0.9853175188089421,0.9861889914798146,0.9830337362487042,0.9353633000066389,1.0010942411988635,0.9413749349944998,0.9426415451666018,0.9833339914169275,0.9855441141959357,0.9845781609909265,0.98544897973033,0.9822960921244553,0.9345222117139506,1.0003430449198247,0.9405215306071498,0.9414617685143285,0.982103285545317,0.9843106422132128,0.9833458979609004,0.9842156268145223,0.9810666852507075,0.9331208625231947,0.999091051121427,0.939099680641563
2022-02-22,0.9325351916522827,0.9730902796144884,0.9747550772169641,0.9732676276307548,0.9749420153197658,0.9719583932919554,0.9255127306142501,0.9907472363685926,0.9300170515212289,0.9318354403829083,0.9723600968133767,0.9740236451930391,0.9725373117520925,0.9742104430221271,0.9712290598302555,0.9246805000547998,0.9900038042252444,0.9291739436344834,0.9306691882672855,0.9711431254781911,0.9728045918198318,0.9713201186209885,0.972991155859396,0.9700135040607557,0.9232939088596233,0.9887647506529976,0.9277692485830814
2022-02-23,0.9197055706155491,0.9603829420823032,0.9611237110976216,0.9595370465321995,0.961343148139237,0.9594893369544377,0.9124010757784409,0.9774263445310952,0.9172897962642392,0.919015446375467,0.959662294551976,0.9604025077126055,0.9588170337409048,0.96062178009411,0.9587693599632262,0.9115806353537759,0.9766929080544585,0.916458226283456,0.9178652393086645,0.9584612153347648,0.9592005020709132,0.9576170124220802,0.9594195000188984,0.957569398311207,0.9102136878701854,0.9754705139267309,0.9150727544414007
2022-02-24,0.933052085762092,0.9788067315558419,0.9789956690034015,0.9773783667473057,0.9788251157587349,0.9774812460002857,0.9230184915620955,0.9945043459617405,0.934222328773828,0.932351946628203,0.9780722592710323,0.9782610549446191,0.9766449662720077,0.9780906296788758,0.9767477683269489,0.922188503848036,0.9937580945765765,0.9333754085887899,0.9311850480717225,0.9768481387963504,0.9770366981799832,0.9754226321465109,0.9768664862124442,0.9755253055380539,0.9208056494895273,0.9925143422679702,0.9319643618988487
2022-02-25,0.9552438365749611,1.0025430545184753,1.0014674526125489,1.0008103932380792,1.0010203258738115,1.0012122590905161,0.9490428411211109,1.0188216712830476,0.9567968619122736,0.9545270453018929,1.0017907710858698,1.0007159762849251,1.0000594099515074,1.0002691850589989,1.0004609742537798,0.9481894520444591,1.0180571727803338,0.9559294767616765,0.9533323931801138,1.0005369653648615,0.9994635157388871,0.9988077711405545,0.9990172837009775,0.9992088328592194,0.9467676083422439,1.0167830086091445,0.9544843335624988
2022-02-28,0.955111514619496,1.0015710103677822,1.001849363315607,0.9994040185922108,1.000292125916461,1.0013910434785196,0.9475386253400195,1.019574832905882,0.9565113476854956,0.9543948226375398,1.0008194563329886,1.0010976004116676,0.9986540906142778,0.9995415315248279,1.0006396244864144,0.9466865888696578,1.0188097692493743,0.9556442213681058,0.9532003360009477,0.9995668662750002,0.9998446622384373,0.997404210651056,0.9982905408721059,0.9993872594995729,0.9452669987640585,1.017534663155195,0.9541995094087864
2022-03-01,0.9436870326847272,0.9886568672660039,0.9899345176053814,0.9878987184707604,0.9895646220273981,0.9889049804532358,0.9334631000022993,1.0081624190362037,0.945001144058319,0.9429789133505461,0.987915003683763,0.989191695306027,0.9871574237845643,0.9888220772885082,0.9881629306930155,0.9326237203889843,1.0074059189718945,0.9441444523275212,0.9417987144602455,0.986678564380029,0.9879536581404383,0.9859219326409041,0.9875845027236915,0.9869261810926487,0.9312252180532828,1.006145085531379,0.9427171253463044
2022-03-02,0.9635721766106952,1.0109047079928029,1.0119747384816156,1.0095514473877052,1.0112113304015613,1.0115498001421974,0.95307906906968,1.0285326817081641,0.9671985708053812,0.9628491359579102,1.009932101932105,1.0109598365594326,1.00854711567504,1.01018061643856,1.0105848909939275,0.9520432976956327,1.0275258349230876,0.9661407949551707,0.9616440682032701,1.0083118062180958,1.0092691862258434,1.006874053148027,1.0084636673882383,1.0089773961632555,0.9503182002927882,1.0258485414665452,0.9643790688677449
2022-03-03,0.9640820701169256,1.0128069081737197,1.0134383474876958,1.0110902551070358,1.0129150732600722,1.013317565102868,0.9552090639243938,1.0313062817606093,0.9681182695738574,0.9633586468527052,1.011832471978678,1.01242197772295,1.0100843925428262,1.0118826226951354,1.012350969697943,0.954170977750065,1.0302967198549093,0.9670594878959129,0.9621529414123394,1.0102091273850107,1.010728882218587,1.0084087798520367,1.0101627808373512,1.0107406656402456,0.9524420250022537,1.0286149033129057,0.9652960866020074
2022-03-04,0.9581073771680034,1.0080436895924842,1.0070898740008083,1.0061615239204693,1.0085553154323945,1.0097522917914357,0.9505564590931179,1.0262461439144088,0.9650018609411566,0.9573884371651254,1.0070738361590263,1.0060798710728023,1.005160564604179,1.0075273087093464,1.0087890972717994,0.9495234291990658,1.025241535457066,0.9639464875207204,0.9561902038269969,1.0054581261352558,1.004397381612652,1.003493119972061,1.0058148693418594,1.0071844589345809,0.947802897784564,1.0235679708026781,0.9621887626810127
2022-03-07,0.9368604142927474,0.9827608678114039,0.980959158610464,0.9803172985226823,0.9816001726124098,0.984368011852585,0.9304690464957168,1.0069510078528767,0.9386410513196075,0.9361574174836227,0.9818153393469579,0.9799753619821503,0.9793420498080889,0.9805996409000186,0.9834290311916554,0.9294578468648845,1.0059652877070642,0.9376145073749909,0.9349857561350831,0.9802401530713171,0.9783365276657615,0.9777174350933214,0.9789329690249189,0.9818647320436455,0.9277736741790823,1.0043231888544293,0.935904798038405
2022-03-08,0.9341472106986263,0.9827929827917519,0.9800407185759813,0.9801698159134791,0.9793354287333298,0.9818742573424917,0.9243963125305877,1.0061368605772976,0.9371912407376498,0.9334462498101574,0.9818474234290181,0.9790578430443323,0.9791947139189581,0.9783372054435884,0.9809376554537589,0.9233917125242855,1.005151937413031,0.9361662823770769,0.932277981662711,0.9802721856789262,0.9774205431150103,0.9775703436173182,0.9766743789069807,0.9793773192322243,0.9217185316417149,1.0035111662419782,0.9344592138313288
2022-03-09,0.950980736752699,0.9986880810933517,0.9973171556722471,0.997964349425099,0.9975402496162329,0.9996599617062469,0.9405429580027098,1.025537307527773,0.9550954656067981,0.9502671444039594,0.99772722882633,0.9963169537306091,0.9969715449010398,0.996523470400036,0.9987063941784061,0.9395208104143553,1.0245333929614941,0.9540509263067418,0.9490778238227285,0.9961265141351889,0.9946507910115066,0.995317684901494,0.9948297336580276,0.9971177939724185,0.9378184036920064,1.0228609842515446,0.952311245698715
2022-03-10,0.948032926027075,0.9973174376009004,0.9949947235449207,0.9965150412780264,0.9962008403638121,1.0003038619011138,0.9380456930396985,1.0247812472477524,0.9541797391030774,0.9473215456423617,0.996357904049834,0.9939968507531524,0.9955236785686832,0.9951854263892587,0.9993496801621007,0.937026259387308,1.0237780728007482,0.9531362012864912,0.9461359116678412,0.9947593862500109,0.9923345679932044,0.99387222041122,0.9934939638478796,0.9977600567081875,0.9353283727781814,1.0221068970462341,0.9513981886495712
2022-03-11,0.9337889465298672,0.9842934998156501,0.9814146794085843,0.9835978865163908,0.9829456841962222,0.9878884019395219,0.9262785512470827,1.010534530852893,0.9402542115843938,0.9330882544739412,0.9833464967837552,0.9804304259418576,0.9826193741755931,0.9819437810221641,0.9869460632070471,0.9252719056927825,1.0095453027401717,0.9392259034084991,0.9319204343807328,0.9817688539787819,0.9787908306120165,0.9809893227603452,0.9802748245852061,0.9853761696643116,0.9235953179101689,1.0078973600093732,0.937513255744038
2022-03-14,0.9211227643948369,0.9724189899512589,0.9707183949989623,0.972402956533426,0.9712312972416619,0.9756974105203337,0.9182274939691234,0.9983143207537124,0.92781975036046,0.9204315767277066,0.9714834115572855,0.9697448687561422,0.9714355812409007,0.970241334382985,0.9747667006756756,0.9172295980085663,0.9973370551964549,0.9268050411219398,0.919279597282491,0.969924801424024,0.968123143118219,0.9698240824391877,0.968592267958087,0.9732161803320494,0.9155675828447952,0.9957090407370682,0.9251150424929327
2022-03-15,0.9338207833400941,0.9849082096059071,0.9836388178926303,0.9846094395569569,0.9844296257869138,0.9878317760235257,0.9319528751568564,1.012141579802723,0.9401862433857776,0.9331200673946157,0.98396061515282,0.9826523338539961,0.9836299208932023,0.9834262100513645,0.9868894913060529,0.9309400629554611,1.0111507785245617,0.9391580095432424,0.9319522074854866,0.9823819870802635,0.9810090227787645,0.98199819309832,0.9817547340104146,0.985319687749858,0.9292532045019689,1.0095002150771486,0.9374454856810203
2022-03-16,0.953943617828327,1.0038031704113841,1.0029007898478595,1.0037221900415485,1.0040910512779964,1.0067559576631069,0.9499776843319234,1.0321237787606086,0.9601648193468949,0.9532278022071446,1.0028373968428466,1.0018949881211259,1.0027236574469263,1.003067594918715,1.0057956213222885,0.9489452834290529,1.0311134165942644,0.9591147359526635,0.9520347761718422,1.0012284835972491,1.0002194971326284,1.0010602553607468,1.0013627354841954,1.0041957445812084,0.9472257996116179,1.029430266908071,0.9573658216536451
2022-03-17,0.9686639106186512,1.0184344617166814,1.0174591110680038,1.0186841707925087,1.0181500117939197,1.0221659620725574,0.9612807633266386,1.0468952092940107,0.9753091476751906,0.9679370492550048,1.0174546111708709,1.016438708909433,1.0176707535758187,1.0171122253272975,1.0211909262535448,0.960236078652105,1.0458703871424777,0.9742425016998545,0.9667256136489291,1.0158222466361413,1.0147388961373067,1.0159825559931945,1.015383494998356,1.0195665608492024,0.9584961359736471,1.0441631487479546,0.9724660024156037
2022-03-18,0.9760138125814789,1.0233608574747677,1.022628952528339,1.0242502635427824,1.0254928218397439,1.027561312100082,0.9682316386453249,1.0544303919638887,0.9817146106532885,0.9752814360337684,1.0223762671722483,1.0216033655743026,1.0232313090119918,1.0244475509466577,1.0265811297004472,0.9671794000144478,1.0533981935037744,0.9806409593491066,0.9740608084542524,1.0207360065243942,1.0198949158334287,1.021533887113731,1.0227063531637273,1.024948190326462,0.9654268760745301,1.0516786670091152,0.9788527926869551
2022-03-21,0.9736460138872476,1.0239855464973469,1.0220205831832772,1.023493821068924,1.024424555553965,1.0277486145595554,0.9653755638436456,1.053361914983262,0.9808586112545823,0.9729154140769264,1.0230003551724713,1.0209956063583223,1.0224756190695345,1.0233803735301823,1.026768253493624,0.9643264290901044,1.052330762472034,0.9797858961133757,0.9716977477263927,1.0213590932621464,1.0192881729865306,1.0207794507731187,1.021640989570663,1.0251350164697006,0.9625790747183606,1.050612978410532,0.9779992886310216
2022-03-22,0.980892529514992,1.0281712810775852,1.026603864203038,1.0281538305634523,1.0291249906025124,1.0320608659998542,0.9680832108027054,1.0605580039612896,0.9856924043912058,0.9801564920991472,1.027182062596847,1.0255742908397112,1.0271309926484504,1.0280760174891808,1.0310763915122565,0.9670311334777635,1.0595198070856173,0.9846144027764671,0.9789297630727409,1.0255340917180638,1.0238592004333213,1.0254271016279664,1.0263286525990192,1.0294363017146013,0.9652788781960233,1.0577902879055625,0.9828189906704017
2022-03-23,0.971369019743368,1.0204098619607749,1.0172973753186172,1.0185956537107388,1.0198650628459078,1.023401045172112,0.9566348246365586,1.0499473492622968,0.9770380946844317,0.9706401285329548,1.0194281108537793,1.016277135363624,1.017582324553466,1.018825528251062,1.02242483121735,0.9555951889977838,1.0489195393230448,0.9759695578477483,0.9694253098489342,1.0177925801130525,1.0145775927944862,1.0158942736643197,1.017093885914327,1.0207985030923412,0.9538636555867498,1.0472073236103594,0.9741899093331927
2022-03-24,0.980609442653267,1.0301682017037075,1.0270263815043785,1.0282003383929879,1.0295987339100945,1.0336023551118767,0.965573137008926,1.0605557024512002,0.9869947946107134,0.9798736176587793,1.0291770619567133,1.0259963844015996,1.027177454210618,1.0285492779166494,1.0326164102103201,0.9645237875401155,1.0595175078285122,0.9859153686380782,0.978647242667968,1.0275258903786886,1.024280588118878,1.0254734861157986,1.0268011086514797,1.0309738707697718,0.9627760755559076,1.0577879924016758,0.9841175842633857
2022-03-25,0.9871890250628419,1.0399635993476999,1.0365794267022772,1.0376086186868034,1.037931820672661,1.0442509123719472,0.9714697656127633,1.0689500305257462,0.9953717037126386,0.9864482629129694,1.0389630353067636,1.0355398489216756,1.0365763748682455,1.036873870877156,1.0432548098980055,0.97041400790427,1.067903618563556,0.9942831163408711,0.98521365932985,1.0372961634943902,1.0338080928936793,1.0348568150556945,1.0351115527541037,1.0415953484030538,0.9686556228720222,1.0661604139736993,0.9924700736523822
2022-03-28,0.9863166790289691,1.0379141413218507,1.0357517531068932,1.0365173991209102,1.0380512792201504,1.0431734776034043,0.9717512667869728,1.067841208367622,0.9947047211931465,0.9855765714659155,1.0369155490941637,1.034713005393971,1.0354862408799308,1.0369932076621717,1.0421784028857477,0.9706952031533286,1.0667958818488457,0.9936168632662136,0.9843430588608274,1.035251962188893,1.032982632114562,1.0337684894730526,1.0352306867088765,1.0405206535861034,0.9689363085967818,1.0650544854855852,0.991805035468379
2022-03-29,1.0021888012462707,1.0548906344845734,1.0526081518121129,1.0531758536214806,1.054382579889357,1.059390802558858,0.9869117023470401,1.084934217495796,1.0104808030094283,1.0014367836365308,1.0538757089269406,1.051552498942573,1.0521281230560473,1.0533078620586085,1.0583802582664878,0.9858391629081025,1.083872158362107,1.0093756915847547,1.0001834209536322,1.0521849118020585,1.049793964608337,1.0503827646995134,1.051517611974585,1.0566967373577447,0.9840528275768504,1.0821028873451062,1.0075351280797633
2022-03-30,0.9931828275951013,1.0424635112730856,1.041516454471341,1.0422548983930666,1.0444291983968137,1.0490004002383904,0.9778259857239409,1.07636243567417,0.9992766962058917,0.9924375678445293,1.0412585491864679,1.0402178001951445,1.0409725357556503,1.0431364092090716,1.0477792713793637,0.9765579371496329,1.0750919931605687,0.9980156088606524,0.991195468260244,1.0392518799164634,1.0380553874463245,1.038837201036508,1.0409837322970212,1.045745704424697,0.9744467343406236,1.0729763535834196,0.9959158892254245
2022-03-31,0.9817592962251683,1.0284909920355352,1.02825721465385,1.0293964444877184,1.0310031919471734,1.0355311504590317,0.9684538720185819,1.0631677639269466,0.987194416585987,0.981022608409091,1.0273021804959186,1.0269750931634913,1.028129902549143,1.0297270214024177,1.0343257009930835,0.967197977238094,1.061912895230663,0.9859485770794976,0.9797947953822967,1.0253224073471456,1.0248402094557132,1.026020911772448,1.027602016882282,1.0323182452021964,0.9651070095558556,1.0598231903840756,0.9838742452070911
2022-04-01,0.993747478650392,1.041558084262075,1.0397027271964903,1.0407890686565215,1.0425144232178767,1.0481399006671053,0.9791185812708569,1.0771075560775112,0.9990498401293997,0.9930017951996783,1.0403541687398778,1.0384063344349068,1.0395085095369296,1.041224004129182,1.04691977350537,0.9778488564535729,1.0758362340900387,0.997789039076564,0.9917589894484905,1.0383492423534753,1.0362476873750157,1.0373761779575505,1.039075273767387,1.044887874694483,0.9757348628296442,1.0737191299446711,0.9956897961202781
2022-04-04,0.9953969899491293,1.0439026134319067,1.0422737901946786,1.0426849593234,1.0453112618729965,1.0507196484664325,0.9781255835145019,1.079191673526226,1.0006218442451806,0.9946500687460653,1.042695987916765,1.0409741916057242,1.0414020675504814,1.0440173808715376,1.0494965182510414,0.9768571464206037,1.0779178916318277,0.9993590593229077,0.9934052000742938,1.0406865484758652,1.038810206464633,1.0392658517378204,1.0418628859351702,1.0474596184030958,0.9747452967565239,1.0757966910583316,0.9972565132095271
2022-04-05,0.9790361214232646,1.024961695073963,1.0246264226812092,1.0246237244024634,1.0278144447884607,1.0325943260683195,0.9647005488075886,1.061764592437677,0.9834772712832942,0.9783014770099899,1.0237769629759628,1.0233488283814685,1.023363054691426,1.0265422212588358,1.0313922953246297,0.963449521351365,1.0605113799202555,0.9822361228147521,0.9770770696545338,1.0218039834767334,1.0212214829807582,1.0212638420936762,1.024423789077349,1.0293905327908959,0.9613666573876021,1.0584244330713815,0.9801696015547704
2022-04-06,0.9727806933109157,1.017868341088068,1.0168975576407264,1.0168137593572317,1.0204034130970867,1.0252425698472964,0.9603676156973454,1.055702370221099,0.9766408664535698,0.9720507428156843,1.0166918080517398,1.0156296003693703,1.0155626988189494,1.019140362905066,1.024049097195371,0.9591222072057773,1.0544563130117555,0.9754083455289808,0.970834158656967,1.0147324827622846,1.0135183017591125,1.0134794869994566,1.0170372056286097,1.0220615865994882,0.9570486983836113,1.0523812817378047,0.9733561891926582
2022-04-07,0.9774350141635899,1.0222919510975332,1.0210742220909363,1.0225550382867474,1.0254522674563,1.0295553441283207,0.9647707023009553,1.0607294248421262,0.9828206362122139,0.9767015711814755,1.0211103049015695,1.019801056987169,1.0212969138319496,1.0241829678178485,1.0283568510272745,0.9635195838694063,1.0594774341444917,0.9815803164172332,0.9754791662112866,1.0191424644725697,1.0176810867208697,1.0192019394846439,1.0220694043288618,1.026360979790863,0.9614365684387624,1.0573925219648532,0.97951517490478
2022-04-08,0.9808613504479392,1.026677859088339,1.0229118430563713,1.0260705351016461,1.0272866795620834,1.0330742213291266,0.9662908793764353,1.066486604088369,0.9866205458582321,0.9801253364280927,1.025491143311726,1.021636386645237,1.0248080852733006,1.0260151092975904,1.0318716319450854,0.9650377895732912,1.0652278181282555,0.9853754305766902,0.9788986463950169,1.023514860316928,1.0195126010815545,1.0227059085013142,1.023897764894978,1.0298689390979372,0.9629514919614015,1.063131589949598,0.9833023045441074
2022-04-11,0.9725539888782473,1.0180533992309824,1.014364372694237,1.0167136796102596,1.018355854299961,1.0238753042944482,0.9581975513804175,1.0586915548126,0.9769832086689517,0.9718242084963971,1.016876652289761,1.013099574020567,1.0154627422074294,1.0170953385658796,1.0226834232600512,0.9569549570367689,1.0574419694355497,0.975750255708434,0.9706079078599816,1.0149169707763375,1.0109935348485062,1.0133797354277583,1.0149964015204886,1.020698563212296,0.9548861335532506,1.055361062782623,0.9736973800291362
2022-04-12,0.9732808018903251,1.0193850971695575,1.012950712115869,1.016750637300161,1.017284470446763,1.024388872262731,0.9576777752612873,1.0609413612278265,0.9773379184058768,0.9725504761260245,1.0182068109461364,1.0116876761184843,1.0154996544255743,1.016025280866205,1.0231963933899852,0.956435854965349,1.0596891203793266,0.9761045178016161,0.9713332665188587,1.0162445660074215,1.0095845720106216,1.0134165719283044,1.0139285520540655,1.0212105377517144,0.9543681537191396,1.0576037916290328,0.9740508967922188
2022-04-13,0.9867306100792246,1.035027916762898,1.026342243379837,1.031452155952242,1.0312588358746484,1.03926047182133,0.9689116954363266,1.0766762760354613,0.991870442811752,0.9859901919125812,1.033831549326721,1.0250625096440094,1.0301830847210915,1.0299823488951299,1.0380506810968475,0.9676552069486345,1.0754054630926027,0.9906187021594424,0.9847561616348439,1.0318391930555375,1.022931601829535,1.0280698822759564,1.0278568174663427,1.036035995733232,0.965563250789817,1.0732892066478756,0.9885345448361689
2022-04-14,0.9841300249844891,1.032176884235983,1.0227712336338723,1.029287699178596,1.0279529053087146,1.035278520459784,0.9649016360404492,1.0752279233784277,0.9894603115133732,0.983391558232374,1.0309838122495418,1.021495952546927,1.0280212910373492,1.0266805103933567,1.034073365077406,0.9636503478135131,1.073958819942264,0.9882116124471351,0.9821607803121839,1.0289969440163547,1.0193724589187265,1.0259125230541712,1.0245617928303759,1.0320663990289614,0.9615670496866814,1.0718454103009012,0.986132519386873
2022-04-18,0.9792522062618612,1.0288780496421985,1.0186976469033286,1.0259759504585149,1.0238861958460532,1.0316512461893501,0.9593255712633363,1.0721496067585428,0.9870661328747315,0.9785173997038852,1.0276887907106724,1.017427445122432,1.0247136170045923,1.0226188346831326,1.0304503132737035,0.9580815140990782,1.0708841366936068,0.9858204552623059,0.9772927221072601,1.0257082725031068,1.0153124091386996,1.0226116340142544,1.0205084990301767,1.0284503789719486,0.9560102551323757,1.068776777624297,0.9837463929446968
2022-04-19,0.9952609857783828,1.0466094763811278,1.0393395789139157,1.0458550324392417,1.0429272954079847,1.0501791121286934,0.9754411866898361,1.0908427522868154,1.004541649852094,0.994514166629474,1.045399722058894,1.0380436389575354,1.0445682402928844,1.0416363652681777,1.0489566111452084,0.9741762307322712,1.0895552184950112,1.0032739181345387,0.9932694680479609,1.043385072096341,1.0358857458717874,1.0424255297473164,1.0394867839339732,1.0469207591680112,0.9720701768909652,1.08741111719354,1.0011631355709032
2022-04-20,1.0018386032154414,1.0542609986792482,1.0473062049178656,1.0543773632367954,1.0500997015337528,1.0580915660042833,0.9833370496159847,1.1007473173496702,1.012494175318479,1.0010868483856143,1.0530424001200944,1.0460003314718294,1.0530800854418552,1.0487998934258618,1.0568598542275793,0.9820618542724016,1.0994480930899369,1.0112164075125545,0.9998339236692375,1.051013021512847,1.043825897952599,1.0509199146484456,1.046635529018669,1.0548086633575389,0.9799387526452598,1.0972845239130113,1.0090889147885251
2022-04-21,0.9824788115742105,1.0332838603971353,1.0281020577964814,1.0339429018880772,1.030280644593164,1.036674259204551,0.9691368744325137,1.079418916505771,0.991313104367508,0.981741583851668,1.032089508879765,1.026820129769332,1.032670766109538,1.0290053684138742,1.035467479059341,0.9678800939318161,1.0781448663939652,0.990062067076401,0.9805128709807654,1.0301005097949738,1.0246855682006477,1.0305524607128296,1.0268818531387818,1.0334578072653238,0.9657876515939275,1.0760232191640038,0.9879790808546646
2022-04-22,0.9550146065911329,1.0020923543179163,0.9984989034160928,1.00300710127617,1.0009569386576789,1.0062003461758287,0.9431435902910502,1.049355673947901,0.9615147590787364,0.9542979873265567,1.0009340564195395,0.997253887204268,1.0017730280818646,0.9997179592135207,1.0050290403494446,0.9419205179831991,1.0481171078145177,0.9603013273039948,0.9531036218855979,0.9990050988000442,0.9951807881676087,0.9997181028517671,0.9976548831379833,1.0030784445505372,0.9398841971795059,1.0460545512622543,0.9582809545415112
2022-04-25,0.95785829125777,1.0054872604059224,1.003769362308623,1.006977887569276,1.0057464493424886,1.0101216837972036,0.9470351645180899,1.0532384517970674,0.9648216527477294,0.9571395381627785,1.0043250384055702,1.0025177744253198,1.0057389288253884,1.0045015414661902,1.0089458131884474,0.9458070456015144,1.0519953027779507,0.9636040476726657,0.9559416163377945,1.0023895458295535,1.0004337327794943,1.0036758683897409,1.002428593712336,1.0069876155787083,0.9437623225845854,1.0499251144483093,0.9615767263346828
2022-04-26,0.933694057513861,0.9789942514866512,0.9765546032738219,0.9811644388634994,0.9796236205184216,0.9834012613392641,0.922815199013058,1.0278910459114672,0.9408259814898083,0.9329934366602982,0.9778626522092653,0.9753369491445602,0.9799572402986372,0.9784110473477298,0.9822564956557124,0.9216184886427645,1.0266778147164768,0.9396386589555853,0.9318257352376953,0.975978156820482,0.9733094112069961,0.9779470655374318,0.9763919414536908,0.9803500976145081,0.9196260584263489,1.0246574478719526,0.9376617582691518
2022-04-27,0.9342224909539114,0.980569407928005,0.9762462103145778,0.9823203712366905,0.981089371726664,0.984334638134117,0.9223673825457878,1.0305163854997044,0.9422187572515183,0.9335214735770069,0.9794359879597537,0.9750289407167687,0.9811117504434569,0.9798749842565283,0.9831887859177668,0.9211712529056458,1.029300055587298,0.9410296770340685,0.9323531112821677,0.977548460505107,0.973002043069489,0.9790992074491703,0.977852857297213,0.9812805784547493,0.9191797895600206,1.027274528517786,0.9390498497922319
2022-04-28,0.947689636200531,0.9968530074697853,0.9907382085665235,0.9964747929863739,0.9968079090767376,1.0008944984768806,0.9377866800825799,1.0481558870111451,0.9580442060677204,0.9469785134119857,0.9955026774471025,0.9892892391348386,0.9950503298744224,0.9953593735704099,0.9995388072531153,0.9364316070177489,1.04661515130903,0.9566616682133033,0.9457933087644119,0.9932546762335529,0.9868773873349018,0.9926791613953753,0.9929482110259138,0.9972818803884728,0.9341760738726045,1.0440505699531009,0.9543604180398242
2022-04-29,0.9230103131974919,0.9698206550923846,0.9643125046154416,0.9683666788846591,0.9702242931039643,0.9741531941807403,0.9127325841514305,1.0219030605351072,0.9327134480307907,0.9223177091605748,0.9685069429027477,0.9629021831705858,0.9669823963893838,0.9688143882217244,0.9728337235092924,0.9114137134887886,1.020400915149122,0.9313674645771469,0.9211633690990478,0.9663199022927115,0.9605546620698066,0.9646781127674675,0.9664675283563574,0.9706370958751416,0.9092184396168825,1.017900568045135,0.9291270596245434
2022-05-02,0.9232886704997328,0.9696348462717808,0.9637714274009037,0.9675597309641188,0.9690269588257231,0.9744964587401769,0.9126203434429951,1.0233493963760434,0.9313082488947708,0.9225958575904027,0.9683213857774561,0.962361897289558,0.9661766020028357,0.9676187938787297,0.9731765231238708,0.9113016349647433,1.0218451249501295,0.9299642932609147,0.9214411694081877,0.9661347641845177,0.9600156933864425,0.9638742385594196,0.9652748302259014,0.9709791214590834,0.9091066310504337,1.019341239015728,0.9277272636376906
2022-05-03,0.9337665272169214,0.9848093853451639,0.9787272097574746,0.981453590021241,0.9823584428676613,0.9865092496019982,0.9205483909713402,1.0393221190356396,0.9439739667355047,0.9330658519838916,0.9834753695276998,0.9772958065909927,0.9800505997550369,0.980930904952405,0.9851730429050047,0.9192182267069373,1.0377943685219615,0.9426117334123131,0.9318980599288437,0.9812545278621966,0.9749131943508571,0.9777151750832982,0.9785546939882424,0.9829485534797624,0.9170041545179803,1.035251401237883,0.9403442803647902
2022-05-04,0.9539541037602419,1.0107870966606243,1.0035545805682637,1.006021601116217,1.0066835554577915,1.0117987821545147,0.9397212934338898,1.0663774162947013,0.9648542926714966,0.9532382802706764,1.0094178916194259,1.0020868670010494,1.004583490819095,1.005220668917227,1.010428321300478,0.9383634249119479,1.064809895873765,0.963461927292982,0.9520452411214022,1.0071384676693484,0.9996438150418641,1.0021896051667962,1.0027856183312738,1.0081468062591503,0.9361032386995021,1.062200730887809,0.9611443190925151
2022-05-05,0.92070007796246,0.975282754750416,0.9687925662290623,0.9715589839264016,0.9728721584014932,0.9767550242320658,0.9086559119477207,1.0331626974553618,0.9313857876203399,0.9200092074687408,0.9739616436392732,0.9673756926271645,0.9701701380233952,0.9714584057097962,0.975432029434777,0.9073429319517033,1.0316440009773005,0.9300417200916227,0.918857756645877,0.9717622854592766,0.9650172652702489,0.9678582581299588,0.9691051409658462,0.9732295349084121,0.9051574631553786,1.029116104292876,0.9278045042181146
2022-05-06,0.906241190868006,0.9614064133830517,0.9550108987662025,0.9583967253532598,0.9596346014491968,0.9627811617510362,0.8957207877210956,1.0206215063518977,0.9184789345138578,0.9055611699644027,0.9601040990656315,0.9536141810588676,0.9570266949305238,0.9582400852333421,0.961477094266023,0.8944264985838867,1.0191212447852074,0.9171534926528165,0.904427801791732,0.9579360333951621,0.9512893037752095,0.9547461353804232,0.9559188406020069,0.9593061095398261,0.8922721409155502,1.0166240333311802,0.9149472794175606
2022-05-09,0.8772377620295861,0.9281336756315386,0.9220028815579182,0.925836642145298,0.9281406902965305,0.9308698390906524,0.874759835415917,0.9907110413736443,0.8859464249647143,0.8765795045793384,0.9268764323289883,0.9206544385688911,0.9245131564397775,0.926791940218888,0.9296089948425889,0.8734958342135712,0.989254746665157,0.8846679302337387,0.8754824088289268,0.9247833999425467,0.9184099159591799,0.9223100754606565,0.9245468757003503,0.9275099672722242,0.871391891126378,0.9868307188108033,0.8825398610368993
2022-05-10,0.8750228654051174,0.9263936620236872,0.9194336564817689,0.9253026295805904,0.9261840768161004,0.9290013128783227,0.8727482290186116,0.9908590176999197,0.8843989355865944,0.8743662699583398,0.9251387757312447,0.9180889710228,0.9239799072473147,0.9248381700386292,0.9277429995109776,0.8714871345259728,0.989402505473779,0.8831226740121172,0.8732719442137117,0.9230496672459929,0.9158507029312558,0.9217780969814819,0.9225978383408237,0.9256481852987765,0.8693880296871793,0.9869781155575105,0.880998321929976
2022-05-11,0.8605243663531056,0.9114914575701587,0.9049034335494556,0.911201521496269,0.9127133590358173,0.9132582911378306,0.8595941475029464,0.9776228287221835,0.8704989046358382,0.8598786502202739,0.9102567576983088,0.9035799987586072,0.9098989567308968,0.9113870275574812,0.9120213013729648,0.8583520602557004,0.976185773018847,0.8692427019676675,0.8588024566655558,0.9082012551443679,0.9013771030227768,0.9077307008542412,0.9091792799612498,0.9099619862555741,0.8562845931736406,0.9737937688229628,0.8671517381659773
2022-05-12,0.8696585109744169,0.9204940577904801,0.9137309133351993,0.9200811771031405,0.9218457029821976,0.9229435287715041,0.8688906359848941,0.9866534552409382,0.8786658662985023,0.8690059408061015,0.9192471630601419,0.9123945682232815,0.918765918848733,0.9205061006175235,0.9216934205494183,0.8676351155961812,0.9852031249771451,0.8773978780221282,0.8679183238589105,0.9171713587605387,0.9101701828821991,0.9165765333262218,0.9182762629420836,0.919612266094276,0.8655452889110796,0.982789025044654,0.8752872969399159
2022-05-13,0.8942597011775251,0.9461683317309093,0.9391841410542326,0.94520077849373,0.9469237949162352,0.9482262962961244,0.8894484236929249,1.0127835611675255,0.9030062759486019,0.893588670886496,0.9448866588109558,0.9378105702165038,0.9438496117087508,0.9455477497161195,0.9469419430800879,0.8881631979298583,1.0112948209805521,0.9017031624269416,0.8924702870681155,0.9427529565077928,0.9355242215711322,0.9416004526651803,0.943257251049321,0.9448037782633885,0.8860239263416129,1.0088167870633187,0.8995341149696131
2022-05-16,0.8930440903143353,0.9466332033353427,0.9397218339776279,0.9449971627910974,0.946802159329615,0.9476680358775541,0.8859593798303018,1.014153866642762,0.9035731204893815,0.8923739721875357,0.9453509007036068,0.9383474767559655,0.9436462870752546,0.945426290887192,0.9463844388138906,0.8846791956288832,1.0126631121766203,0.9022691889636769,0.891257108642871,0.9432161500694229,0.936059819151644,0.9413976125468362,0.9431360864427485,0.9442475328241084,0.8825483157721948,1.0101817254567003,0.9000987799292004
2022-05-17,0.9134076935700046,0.9704902578767397,0.9636317136184179,0.9673434534492563,0.9687048380946311,0.971137254041625,0.9052761990365358,1.0384914333121331,0.9246694065322679,0.9127222951005919,0.9691756386479141,0.9622223878405667,0.9659606336572005,0.9672971412451642,0.9698218683997026,0.9039681026222862,1.0369649038641067,0.9233350313027581,0.9115799643182388,0.9669870880179847,0.9598765240565004,0.9636587848584391,0.9649539567649671,0.967632041438682,0.9017907625983723,1.0344239690650294,0.9211139483728511
2022-05-18,0.8777406321486843,0.9330127544063587,0.9257317951098282,0.9299380137576511,0.9317264006683108,0.9336930853138332,0.8730436818922768,1.00057211533196,0.8869167986541857,0.8770819973571765,0.9317489019382611,0.9243778985290215,0.9286086651315516,0.9303724399289738,0.9324284170362311,0.8717821604792738,0.9991013253476297,0.8856369035928808,0.8759842727046651,0.9296448667510809,0.9221242982570335,0.9263958247052707,0.9281187019935567,0.9303230233001454,0.8696823450271142,0.9966531698546907,0.8835065035300884
2022-05-19,0.8805612309059504,0.9353745711973274,0.9275199397265564,0.9325536735659085,0.9340608452487983,0.9362500349200007,0.8736978270194223,1.003850351673726,0.8883524501270936,0.879900479607121,0.9341075194289347,0.9261634279575329,0.9312205858478254,0.9327034921548947,0.9349819033062069,0.8724353603867216,1.0023747428491503,0.8870704833007339,0.8787992274424069,0.9319981581134563,0.9239054746286272,0.9290015213101742,0.9304441074692026,0.9328707438792652,0.8703339716065895,0.9999185663128659,0.8849366347611591
2022-05-20,0.8782364761418874,0.9348503130589619,0.9257396568441753,0.9311503895128175,0.9323665249760403,0.9354957021700792,0.8739334902986194,1.002193600136546,0.8859334963310969,0.8775774692813502,0.9335839714469298,0.9243857487654646,0.9298193077926616,0.9310116340245935,0.9342285922846398,0.8726706831396895,1.000720426652242,0.8846550202572201,0.8764791245137897,0.9314757923849256,0.9221321293548808,0.9276035824492753,0.9287563477028318,0.932119133810047,0.8705687275501235,0.9982683037821694,0.8825269821153361
2022-05-23,0.8892837345357292,0.948102104335096,0.9394378266163501,0.9454419179453717,0.9464859308413069,0.9474071507586336,0.884535841328331,1.0152242673911671,0.8997230261866667,0.8886164380866023,0.9468178119404707,0.9380638847596967,0.9440904064509668,0.9451105219339553,0.9461239070585531,0.8832577140965003,1.0137319394905113,0.8984246506687985,0.887504277338059,0.9446797487905947,0.9357769185425243,0.9418406736023478,0.9428210824094923,0.9439875893411956,0.881130258086986,1.011247933761495,0.8962634896733224
2022-05-24,0.8799478842801571,0.9386354173005691,0.9307921275308327,0.9378508629934246,0.939148884784323,0.9379328808327279,0.8760407257041674,1.0080806512422982,0.8905708581812335,0.879287593221417,0.9373639484131432,0.9294308301382589,0.9365102029303213,0.9377841378827885,0.9366624698384018,0.874774873654539,1.0065988240930852,0.8892856900066564,0.8781871081235186,0.9352472335701715,0.9271649109996395,0.9342785334289655,0.9355124458204781,0.9345475157456333,0.8726678498128824,1.0041322970473605,0.8871465127861218
2022-05-25,0.8981774606812419,0.9605495743495579,0.9519700643027749,0.9568552942615633,0.9582175223807374,0.9593733123894096,0.8916142427314746,1.0268635819817535,0.9110527349071375,0.89750349060069,0.959248420700223,0.9505777938612732,0.9554874673182785,0.9568250654275829,0.9580738607669861,0.8903258874261522,1.0253541448822086,0.9097380096727465,0.8963802071331055,0.9570822872857359,0.9482603191810579,0.9532105756911826,0.9545072485459082,0.9559105604338861,0.8881814066824222,1.0228416605942634,0.9075496343859117
2022-05-26,0.9163535834846703,0.9806139161808963,0.9709289713914815,0.9763499150331788,0.9768699417285593,0.9791996152145197,0.9083253415824636,1.0463609392129054,0.9312546014604116,0.91566597449256,0.9790754111094604,0.9692926901153891,0.9747448721049679,0.9752568643796211,0.9776956888336467,0.9068777898181494,1.0444858576246778,0.9297420639503589,0.9145199595057116,0.9765150088994394,0.9665699960885598,0.9720740082742306,0.972572654217768,0.9751927174136847,0.904468901141749,1.0413662294069002,0.927225146260026
2022-05-27,0.9337381769193935,1.000612620779244,0.9902571735484373,0.9954365808850602,0.9965333507535427,1.0000289935013618,0.9255289854219066,1.068028097295102,0.9508554087129297,0.9330375229597234,0.9990427393343557,0.9885883189572809,0.9938001609704051,0.9948878037806083,0.9984930758380004,0.9240540170879424,1.0661141881019185,0.9493110357025205,0.9318697663602753,0.9964301201135354,0.9858114244872548,0.9910770844189125,0.9921495631689818,0.9959368616085669,0.9215995041611326,1.0629299612593075,0.9467411425762098
2022-05-31,0.9228223539475465,0.9894096519116837,0.9798232713192284,0.9835887731600387,0.9833664351740609,0.9876656552212092,0.9165431387934533,1.0547011462548728,0.940013866376628,0.9221298909505866,0.9878573470319791,0.9781720007114089,0.9819718301150091,0.9817426303516107,0.9861487260769467,0.9150824907449038,1.0528111189934266,0.9384871021269431,0.9209757859556555,0.9852739789830767,0.975424365151265,0.9792811639531105,0.9790405693449542,0.9836241142724833,0.9126518083809994,1.049666625220891,0.9359465106219654
2022-06-01,0.9138834418054392,0.9802425728164943,0.9713450150485947,0.9746641704693368,0.9741116079888511,0.9777759899359051,0.9087227692966813,1.0422270786295342,0.9323101736553271,0.9131976863463548,0.978704650353198,0.9697080326249764,0.9730618987733956,0.9725030853973952,0.9762742500628488,0.9072745841720913,1.0403594049304756,0.9307959216919586,0.9120547605812163,0.9761452177280004,0.9669841719220941,0.9703956463981561,0.9698264544916309,0.9737749176285747,0.9048646415130742,1.0372521014351153,0.9282761510886556
2022-06-02,0.9309043426828189,0.9986069626103605,0.9891381410298478,0.991548320044382,0.9923492178386659,0.9963948900663002,0.9249978713506684,1.0644286647914354,0.950285430689998,0.9302058151620455,0.9970402278832716,0.9874711723150134,0.9899182921265606,0.9907105800045448,0.9948645539247672,0.923523749426108,1.0625212057908795,0.9487419834340908,0.9290416026274255,0.9944328454753533,0.98469741585327,0.987205852146121,0.9879838364117219,0.9923176289729172,0.9210706450195867,1.0593477103228695,0.9461736307971013
2022-06-03,0.9226644603818532,0.9902222915314044,0.9810764951815136,0.9842279383829157,0.9836941310731034,0.9879600546183658,0.9163754118435201,1.0535316786822972,0.9426676275516064,0.9219721158643073,0.9886687116849107,0.9794231125481999,0.9826099446002303,0.9820697851358032,0.9864426733139788,0.9149150310928552,1.051643747109854,0.941136553080728,0.9208182083350662,0.9860832218179879,0.9766719626783334,0.9799175299634771,0.9793668236974469,0.9839173089834058,0.9124847935426448,1.0485027399965607,0.938588789210173
2022-06-06,0.9225570640177109,0.9933099892868418,0.9841860644039957,0.98675275660271,0.9867432180323974,0.9909947293562709,0.9188177707341785,1.0544595248403086,0.9450917341365246,0.9218648000877319,0.9917515650886848,0.9825274412947611,0.9851306122162644,0.985113837225153,0.9894726871764865,0.9173534977207313,1.0525699305650806,0.9435567224479053,0.9207110268711023,0.9891580131822311,0.979767571522824,0.982431290787634,0.9824024976088521,0.9869395657920709,0.9149167830082023,1.049426157164412,0.9410024069031495
2022-06-07,0.9320077007102606,1.0028712818940717,0.9934025575099618,0.9965523628958706,0.9952913191702129,1.0003761029999254,0.9256795621456827,1.0647709591928487,0.954895277662006,0.9313083452570006,1.0012978567899282,0.9917284020852387,0.9949141087228229,0.9936478231284497,0.998839652220411,0.9242043538452746,1.0628628867998144,0.9533443431234051,0.9301427528349026,0.9986793401605409,0.9889426872808973,0.9921879798826274,0.9909129953291691,0.9962825507304631,0.921749441587357,1.0596883708127527,0.9507635313744013
2022-06-08,0.9193578373085699,0.9877099060050298,0.9790495249969143,0.9813756657617722,0.9817795602694381,0.9862750551857639,0.9122345262967363,1.050359070179681,0.9399450389358909,0.9186679739989329,0.9861602678911691,0.9773995583635944,0.9797623608922822,0.9801583758080564,0.9847602618267347,0.9107807446641457,1.0484768239301194,0.938418386475276,0.9175182018162067,0.9835813379122389,0.9746540925548455,0.9770777488185874,0.9774606751625521,0.9822392045908102,0.9083614887874032,1.0453452756552037,0.9358779809913961
2022-06-09,0.8995345872272357,0.96615647391336,0.9583518989428217,0.9606704526113377,0.9609398766018068,0.9647563809254008,0.8944444400310155,1.029098554718271,0.9200425742602797,0.8988595987925971,0.964640651416464,0.9567368134789485,0.9590911854935108,0.9593531041130402,0.9632746375200264,0.8930190095514561,1.0272544073690066,0.9185482472499951,0.8977346180682018,0.9621179978723778,0.9540493882730525,0.9564632137739142,0.9567126660449589,0.9608085850306646,0.8906469331768103,1.0241862453516168,0.916061632496754
2022-06-10,0.8807805780117246,0.9458526829679289,0.9379590477351155,0.9407485797188854,0.9398498099985718,0.9435572727413793,0.8752929019363188,1.007618782674858,0.9005781874782962,0.8801196621202694,0.9443687155006459,0.9363783298115882,0.9392020626025799,0.9382978629325889,0.9421080884767088,0.8738979922861244,1.0058131271342692,0.89911547439515,0.8790181356345127,0.941899075553808,0.9337480905542108,0.9366285883627595,0.9357153754356863,0.9396962238782416,0.8715767059986202,1.0028090050675953,0.8966814663719549
2022-06-13,0.8442630012090857,0.9023014812341283,0.8955039562482225,0.8980149783659828,0.8985307683960868,0.900959565285457,0.8398821820753558,0.968066918339284,0.8591604375629851,0.8436294872011743,0.9008858421309742,0.8939947867832558,0.8965387119493419,0.8970470502797744,0.8995758056951962,0.8385437046831463,0.966332139844862,0.8577649949128985,0.8425736305213237,0.8985299152279024,0.8914836007495496,0.8940821380425407,0.8945780978468653,0.8972728268056912,0.8363163280095121,0.9634459379980883,0.8554429273486198
2022-06-14,0.8365318683889367,0.8930494516469565,0.885698494422754,0.8884510823865953,0.8908881807585507,0.8918320175721112,0.8309997950683458,0.9610651355993389,0.8513971047839473,0.8359041556312654,0.8916483282407612,0.8842058498468998,0.8869905382672287,0.8894170826282557,0.8904622767371537,0.8296754730832295,0.9593429043182239,0.8500142712871608,0.8348579677018153,0.8893165585687987,0.8817221604407833,0.8845601269722728,0.8869691302389789,0.8881826291385375,0.8274716525964604,0.9564775776381271,0.8477131858147579
2022-06-15,0.8475156015304293,0.9049542419198446,0.8967149183227429,0.8990050091869821,0.9027169110536019,0.9033552449456281,0.8401972322392117,0.9769482052279808,0.8619048092636565,0.8468796468519415,0.9035344408466216,0.8952037080549708,0.8975271152370733,0.9012262804798458,0.901967805895342,0.8388582527676264,0.9751975114438143,0.8605049092233651,0.8458197223877971,0.9011715875332569,0.8926891262227004,0.8950678330415013,0.8987458255058303,0.8996587033129477,0.836630040577534,0.9722848308628392,0.8581754243988963
2022-06-16,0.8147291333660392,0.8668243944839489,0.8585665565607078,0.8625399698628391,0.8648741855505088,0.865715048530817,0.807587162019264,0.9378910588798792,0.8263684144152074,0.8141177808397508,0.8654644161020881,0.8571196367321997,0.8611220215867025,0.8634460435852395,0.864385420046926,0.8063001515531882,0.9362103556059291,0.8250262323503181,0.8130988599626054,0.8632011205698559,0.8547120311255474,0.8587624916962392,0.861069571571502,0.8621725310806363,0.8041584216236839,0.9334141202889994,0.8227927923461428
2022-06-17,0.8187303578823105,0.8697726866625735,0.8614107127746232,0.8653411042903554,0.8687213086670538,0.8692928174881878,0.8120168392299427,0.9468958015377388,0.8282103280355742,0.8181160029364251,0.8684080826452877,0.8599589997638163,0.8639185511682157,0.8672868140575963,0.8679576940050789,0.8107227694132487,0.9451989617409774,0.8268651543468726,0.8170920780266181,0.8661370890642257,0.8575434185303539,0.8615513586062938,0.8648997710491724,0.8657356597600244,0.8085692919316456,0.9423758796179059,0.8246267361713487
2022-06-21,0.8295286135926487,0.8832823926074402,0.8742738390155035,0.8786902457057099,0.88139286540637,0.8829219563709763,0.8232869886560653,0.9604520022441393,0.8409235605726371,0.8289061559036089,0.8818965929383624,0.8728004481134809,0.8772457476387338,0.8799374466182898,0.8815659002596311,0.8219749581771074,0.9587308696996287,0.8395577381364757,0.827868726421878,0.8795903252495326,0.8703487959026203,0.87484203769874,0.8775155851351505,0.8793090280259047,0.8197915921367566,0.955867371019837,0.8372849596905987
2022-06-22,0.825290145754218,0.8772865309046682,0.8681028317133338,0.8736207563916493,0.8757722836512315,0.8786128063043995,0.8223488791680211,0.9576775916233584,0.8345352778753583,0.8246708685062776,0.8759101382646822,0.8666398406489931,0.8721845921687672,0.8743261459687824,0.8772633685008678,0.8210383437063025,0.9559614308300651,0.8331798312453291,0.8236387397597122,0.8736195258886126,0.8642054932721792,0.8697947501212583,0.8719197285299506,0.875017511058501,0.8188574655425082,0.9531062037985507,0.8309243185200257
2022-06-23,0.8301843119785024,0.8804813084182593,0.872050583147014,0.8763781444860879,0.8795689217499058,0.8834055558383455,0.8296945359475936,0.9674659488229639,0.8372573472396799,0.8295613622696634,0.8790999034270047,0.8705809390401296,0.8749374473327541,0.8781165147877322,0.8820487569795713,0.8283722940873582,0.9657322472675146,0.8358974794427518,0.8285231127549335,0.8768009494240507,0.8681355213177346,0.8725400622845082,0.8756996650752373,0.8797906485978453,0.8261719351619613,0.9628478371556871,0.833634609734163
2022-06-24,0.8520428562579592,0.9066624989444225,0.898227824924862,0.9027070803751454,0.9056511187916841,0.9102512753668026,0.8530584139170301,0.9933152830645685,0.8620374784970889,0.8514035044398559,0.9052400177520902,0.8967140649950462,0.901223100509635,0.9041556430447508,0.908853244888668,0.8516989382362378,0.9915352594333536,0.8606373629763138,0.8503379180763524,0.9028727041460568,0.8941952406467008,0.8987536910759867,0.9016671255540263,0.9065265150862593,0.849436618052577,0.988573781925861,0.8583075195844457
2022-06-27,0.8569990228240512,0.9133422142105311,0.90435895103344,0.9097213793499324,0.9116230434091329,0.9155561381425599,0.8571992619104548,0.9954122335876121,0.8685893494836786,0.8563559520215311,0.9117032855452459,0.902645943996693,0.9079980312246022,0.9099043662986154,0.9139814648037117,0.8557398830742687,0.9933360050181734,0.8670480463409074,0.8552841673506663,0.9089766881987229,0.8997964842529772,0.9051313696907601,0.9070454383383999,0.9113614998812906,0.8533117353906469,0.9898831929033972,0.8644838606427433
2022-06-28,0.8468551357089514,0.8999598583552904,0.8891526919176405,0.8953753398831046,0.8980021844251165,0.9017447442275315,0.8436003858028602,0.9841975532027903,0.8558914063734323,0.8462196766276283,0.8983449433907615,0.8874684880777194,0.89367916845251,0.8963091866331843,0.9001938252308413,0.8421641590071264,0.9821447161881532,0.8543726356041402,0.8451605781587583,0.8956582963447911,0.8846669403087273,0.8908577133306926,0.8934929748536019,0.8976133831362181,0.8397745322147229,0.978730804724775,0.8518459358412328
2022-06-29,0.8431146232661199,0.8937276322436242,0.886344119404313,0.8914159180545493,0.8921923945322462,0.896645339224317,0.8404604691384207,0.9798820662598934,0.8509610617981468,0.8424819709725228,0.8921239005725685,0.8846652354702469,0.8897272472305586,0.8905103499001512,0.895103190740726,0.8390295880401588,0.9778382304780918,0.8494510398761591,0.8414275504831961,0.889455858569609,0.8818725369687993,0.8869182688104104,0.8877123581193807,0.8925373411562472,0.8366488555407329,0.9744392882556921,0.8469388951144781
2022-06-30,0.8338114327309252,0.8842893804759673,0.8788923487412656,0.8835032354456245,0.8833599190756288,0.8891050003385358,0.834336863699578,0.9680060362091809,0.8425370352831477,0.8331857613206711,0.8827025850869881,0.8772275797065627,0.8818295541635418,0.8816945262531893,0.8875758205524551,0.8329164080188074,0.9659869714238076,0.8410419617122422,0.8321429756369162,0.8800627190643184,0.8744583602899404,0.8790455097323921,0.8789242338721032,0.8850315484797867,0.8305530215660039,0.9626292238934671,0.8385546857430735
2022-07-01,0.8448293984386859,0.8953197598463987,0.8897037819196145,0.8936216162445759,0.8944798108267772,0.9002588174360094,0.8458539304225586,0.9820353163408857,0.8523872917324119,0.844195459420347,0.893713171213816,0.888018534223103,0.8919287670139575,0.8927934537433284,0.8987104540983386,0.8444138669747525,0.97998698931497,0.8508747389796222,0.843138894389784,0.8910403762378422,0.885215250076344,0.8891128381249073,0.8899882884291019,0.8961342641472037,0.8420178566734132,0.9765805780584205,0.8483583838066554
2022-07-05,0.8408081165267672,0.88887436448102,0.8876214790213202,0.8906277093568882,0.8872734811173197,0.8950175243143187,0.8420844497519706,0.9766872221306219,0.8451847058490054,0.8401771949785974,0.8872793416592134,0.8859401755546007,0.8889405316911461,0.885600710081319,0.8934781755244139,0.8406508038322219,0.9746500501474279,0.8436849340130722,0.8391256590649827,0.8846257880996846,0.8831434523406175,0.8861340370287785,0.8828181444344066,0.890916984111932,0.8382654711599538,0.9712621899633457,0.8411898417852739
2022-07-06,0.8348688153802725,0.8818915448989588,0.8824650813911123,0.8848233424804322,0.8818833540189798,0.8900239464131624,0.8391552442363882,0.9712014070145237,0.8404521470867615,0.8342423505363147,0.8803090522580631,0.8807935450035097,0.8831471604282948,0.880220744955226,0.8884931861233603,0.8377265852790953,0.9691756773320032,0.8389607731291789,0.8331982424630533,0.8776763444856308,0.878013068598886,0.8803589561520065,0.8774550832086504,0.885946284385092,0.8353495500283294,0.96580684593645,0.8364796520138529
2022-07-07,0.8525418749481939,0.9013602563549674,0.8991117290309941,0.9017950125311085,0.8999508796027289,0.9084426611134129,0.8506565270593528,0.9913229948391499,0.8581772591202951,0.8519021486788475,0.8997428284742623,0.8974086611099082,0.9000866798706316,0.8982542079482048,0.9068802223084809,0.8492082872070608,0.9892552955945783,0.8566544321280886,0.8508359382299383,0.8970520008249971,0.8945757343455424,0.8972449954466809,0.8954318848936064,0.9042806133855624,0.846798672818064,0.985816667927827,0.854120984238549
2022-07-08,0.8490712328803264,0.8970133978749539,0.893784470829573,0.8964890705537589,0.8961096162397039,0.904166285446068,0.8472554974591537,0.98884990044185,0.8543056584607687,0.8484341108946727,0.8954037701274914,0.8920914936260891,0.8947907893061293,0.8944201864945032,0.9026112016185861,0.8458130478482214,0.986787359571939,0.8527897015853413,0.8473722409185848,0.8927259191397807,0.8892753520196209,0.8919658246604673,0.891609909970881,0.9000238300165448,0.843413067394428,0.9833573103915754,0.8502676831509822
2022-07-11,0.8384893790745,0.8861598479652228,0.8830227357083643,0.8860182390097436,0.8859915487089569,0.8938467260711597,0.8377757421584425,0.9764244363107623,0.8451344214757811,0.837860197449381,0.8845696961532754,0.8813501430302607,0.8843397933824717,0.8843211944919512,0.8923093909478144,0.8363494317987589,0.9743878124456328,0.843634738868967,0.8368115614075176,0.8819242462304928,0.8785679095649851,0.8815478238171671,0.8815426490948908,0.8897515499037048,0.8339763041980854,0.9710008637935086,0.841139795087003
2022-07-12,0.8370363479927585,0.8859759594362845,0.8836371142249878,0.886333157816342,0.8831110386402686,0.8921354893143559,0.8376719785749135,0.973735928627166,0.8425575240038166,0.83640825668611,0.8843861375994292,0.8819633578112669,0.8846541156165949,0.881446115030527,0.8906010973626908,0.8362458448723789,0.9717049124452389,0.8410624140758807,0.8353614378416975,0.8817412366384347,0.8791791885583833,0.8818611536973129,0.8786766031598069,0.8880481532113985,0.833873011197886,0.9683272894891303,0.8385750776214151
2022-07-13,0.8362743989013034,0.8857617193055485,0.8824846420300689,0.8855270822729435,0.8821416243539996,0.8912365020515063,0.8358721028181314,0.9721116758192159,0.8423811655460779,0.8356468793423473,0.88417228190761,0.8808130685913462,0.8838495670778466,0.8804785283748302,0.8897036562762205,0.8344490333979684,0.9700840475000959,0.8408863685644673,0.8346010134107555,0.8815280205169354,0.8780325305549408,0.8810591452173189,0.8777120566703587,0.8871532846761856,0.8320812981461455,0.966712058631638,0.838399552742491
2022-07-14,0.8291979608641656,0.8774922135489212,0.8756051124726175,0.8789188928906247,0.8734416739426325,0.8842508265668552,0.8307561049930308,0.9641669875994774,0.8357735451195506,0.8285757512887292,0.8759176152001599,0.8739465700129413,0.8772538960456977,0.871794979924496,0.8827299955184454,0.8293417455418138,0.9621559302929495,0.8342904732945238,0.8275387353296701,0.8732980407363592,0.871187708040567,0.8744842975303619,0.8690557920098139,0.8801996141996907,0.8269885021343268,0.95881149936964,0.8318231640043817
2022-07-15,0.8396521433350994,0.8901814100298174,0.887778880964491,0.8911722873630485,0.8872253980692205,0.8969734678376895,0.8417276375128028,0.9781777235871065,0.8475488823672452,0.8390220892005301,0.8885840418062727,0.8860972793521781,0.8894840780655263,0.8855527176838839,0.8954307550027084,0.8402945990646812,0.9761374427193698,0.8460449153236461,0.8379719989762499,0.8859265863281972,0.8833000601951845,0.8866758673603592,0.8827703028295294,0.8928639664419928,0.8379102771175158,0.9727444123944027,0.8435428437475291
2022-07-18,0.8406971229660383,0.8919223369053736,0.8866457527037704,0.890787515788572,0.8885411906808147,0.8971983347624718,0.839011500734876,0.9786943522775071,0.8484953316329347,0.8400662847046824,0.8903218447104235,0.8849662974258107,0.8891000353904541,0.8868660296400579,0.8956552351768192,0.8375830865004069,0.9766529938268247,0.8469896851245475,0.8390148876024245,0.8876591920493803,0.8821726485363084,0.8862930371552772,0.8840794883473534,0.8930878031345839,0.8352064584250386,0.9732581714585805,0.8444848195104049
2022-07-19,0.8656095665300934,0.9195903753962744,0.9137639853932557,0.9182433171583553,0.9148830773502538,0.9244992498297945,0.863304332977397,1.0085209738135748,0.8742548263987778,0.8649600345892247,0.9179402348431412,0.9120331636491729,0.9165038253368566,0.9131582541185355,0.9229091951517213,0.8618345602784249,1.0064174030636324,0.8727034699236931,0.8638774813544454,0.9151949848826859,0.9091540704653657,0.9136103099641756,0.9102891024126031,0.9202636385283199,0.8593891190496168,1.002919120323185,0.8701225590205888
2022-07-20,0.8730865923791868,0.9267492580578743,0.9202845942775886,0.9240864502007964,0.923390052291682,0.9307400494921741,0.8686144593532615,1.019542922668013,0.8799707614609577,0.872431449863644,0.9250862713909593,0.9185414214102157,0.9223358893282637,0.9216491909143538,0.9291392612059343,0.867135646182144,1.017416362362256,0.8784092621160802,0.8713395456710744,0.9223196500429063,0.9156417830518413,0.9194239614117972,0.9187533606062375,0.9264758458456165,0.8646751632102637,1.0138798475032464,0.8758114770491989
2022-07-21,0.8770710099686984,0.9308645826774962,0.9271460469013172,0.9309856987545972,0.9283770049683584,0.9361843027489447,0.8752952642641045,1.0253658012361708,0.8849113487101334,0.8764128776450594,0.9291942113486428,0.9253898772956323,0.9292220681583764,0.9266267417209496,0.9345741508419544,0.8738050770452844,1.0232270955835598,0.8833410823424288,0.8753159904389961,0.9264153045362661,0.9224686198301407,0.9262883997278463,0.9237152719020215,0.93189515615016,0.871325669674271,1.0196703827553224,0.8807287120366515
2022-07-22,0.868456408022475,0.9202699142486694,0.9173122567592914,0.9215849615991042,0.9181201021020164,0.9265508515067873,0.8718273654830003,1.018679732578182,0.875469130848973,0.8678047398823876,0.9186185543106365,0.9155747139960697,0.919839139469433,0.9163891761281755,0.9249572682603086,0.8703430823500935,1.0165549727123482,0.8739156196027453,0.8667186263155767,0.9158712757252003,0.9126844408970246,0.9169350940995511,0.9135098728353152,0.9223058407523108,0.86787349833144,1.0130214520230896,0.871331123919208
2022-07-25,0.8752916758843163,0.9282077480609972,0.921524327281742,0.9274420276513816,0.9248381751871004,0.9334329739002019,0.8747620791022411,1.0247544651114444,0.8843433261205107,0.8746348787288247,0.9265421442358726,0.9197788061528106,0.9256851100764122,0.9230945836729119,0.9318275540287515,0.8732727996293508,1.0226170345823298,0.8827740677032295,0.8735402168030071,0.9237711688626682,0.9168752616360638,0.922762608257848,0.920194211927339,0.9291564325680716,0.870794902586651,1.0190624423114922,0.8801633742720321
2022-07-26,0.8692565663617845,0.9221106196531289,0.9145412782183765,0.9210504554852588,0.9193097894011636,0.9280772694582227,0.8719431959086483,1.0162199459085475,0.8800784077173259,0.8686042978027331,0.9202348500500492,0.9126365256255876,0.9191557480345469,0.9173248674491694,0.9263063432452295,0.8703545182521518,1.014013161799244,0.8783737681454126,0.867517183537649,0.9171153286810197,0.9094690042381033,0.9160048191706891,0.9140243541091673,0.9233606871739175,0.8677117323434611,1.0103437231958914,0.8755385439550035
2022-07-27,0.8880884666962093,0.9416088273677476,0.9328361645189306,0.9386299439477299,0.9385204695942434,0.9466141580105043,0.8867169379752408,1.04155344364877,0.9004252937957212,0.8874220671464117,0.9396933942529742,0.9308933084168243,0.936699073453429,0.9364940690228898,0.9448078603226083,0.8851013426089277,1.0392916462911326,0.8986812439770955,0.886311401230084,0.9365079100001787,0.9276624225371964,0.9334880048683665,0.933124585345599,0.9418033693890449,0.8824137787404622,1.0355307317086473,0.895780471100225
2022-07-28,0.8983130611383391,0.9534989253159253,0.9436752384170276,0.9497848201063799,0.9491107714565086,0.957821875121163,0.8991065708566484,1.057423049134477,0.9126597274213226,0.8976389893065688,0.9515593052068438,0.9417098073315908,0.9478310027400116,0.9470615049014712,0.9559941912398193,0.8974684016196712,1.0551267899525587,0.9108919805098977,0.8965155362536202,0.948333596480066,0.9384413802286082,0.9445817731388487,0.943653999837947,0.9529541277509967,0.8947432858242609,1.0513085722801039,0.9079517936877843
2022-07-29,0.9046032958205343,0.959347028040832,0.947977746378436,0.9559396538451723,0.9549609350081901,0.9629989462842622,0.9035252488115059,1.0669106778119484,0.9198140677634741,0.9039245039527344,0.9573955116439374,0.946003354283376,0.9539731752730326,0.9528990371093007,0.9611613836877178,0.9018790287577196,1.064593815660875,0.9180324634825793,0.9027931841730698,0.9541500186515521,0.9427200254079834,0.9507028898837049,0.9494705287419216,0.9581048885163133,0.8991405203240171,1.0607413393901084,0.915069228533587
2022-08-01,0.9044652434582352,0.9599990082580713,0.9489194566624011,0.955981433667128,0.9552162493996333,0.9638579217282318,0.9049230573181404,1.0663273918609726,0.9199575764772691,0.9037865551815025,0.9580461655944065,0.9469431032287469,0.9540148691490561,0.9531538002402808,0.962018720063282,0.9032742904618182,1.0640117963512135,0.9181756942317857,0.9026554080536167,0.9547984669379972,0.9436565127318874,0.9507444408302654,0.9497243752411367,0.9589594985604449,0.9005315453890299,1.0601614262504684,0.9152119969610578
2022-08-02,0.9003065419773707,0.9529597257727247,0.9418595113121148,0.9500552700736281,0.9493791888419216,0.9570112961263842,0.8987955911482368,1.0601562632377541,0.9145461869368231,0.8996309742870419,0.9510212025104767,0.9398978619159176,0.9481008963603573,0.9473293427351741,0.9551851589649493,0.8971579885152731,1.0578540687133202,0.9127747861083008,0.8985050281364958,0.9477973179081165,0.9366357235989915,0.9448507415453768,0.9439208739974114,0.95214766820042,0.894433815272996,1.0540259817587458,0.9098285219462531
2022-08-03,0.9091539309606923,0.9627393093215203,0.9540583325998703,0.958635409840781,0.9594211007295438,0.9669778471923507,0.9053308343597496,1.0698840600974484,0.9208037780963307,0.9084717244091954,0.9607808923012343,0.9520712762187395,0.9566633857863718,0.9573495726918786,0.9651326921892804,0.9036813245349887,1.0675607410638817,0.919020256827832,0.9073347134900359,0.957523923143496,0.9487668871819702,0.9533838781711325,0.9539050514019444,0.962063568248696,0.9009373435245563,1.063697528294796,0.9160538334689745
2022-08-04,0.9033259892279106,0.9565557336149856,0.95080176459344,0.9527625470936288,0.9534370816704343,0.9608594656641035,0.9019767179110482,1.065604493454648,0.9124712329121214,0.9026481558192848,0.9546098953060834,0.9488214907999317,0.9508026041980071,0.9513784739898985,0.9590259855534006,0.9003333192755073,1.0632904677632362,0.9107038510990747,0.901518433471577,0.9513738453267413,0.9455283809137659,0.9475431877434999,0.9479554365729298,0.9559762809524427,0.8975995043076891,1.0594427079550062,0.9077642715230744
2022-08-05,0.9088961397951392,0.9604880609834227,0.9547180684882461,0.9560586304422297,0.9567979631168289,0.9638697192555653,0.9045676258280996,1.0708057620536857,0.9170001939630525,0.9082141266837365,0.9585342234822437,0.9527296380481486,0.9540919071214515,0.9547320988102482,0.9620304950789659,0.9029195065667918,1.068480441487637,0.9152240399245322,0.9070774381647341,0.9552848703492512,0.9494229640105966,0.9508212147112147,0.9512969951298982,0.9589712361315547,0.9001778387767186,1.0646139005721666,0.9122698700349683
2022-08-08,0.9161487559744047,0.9684660840798437,0.9614837707693581,0.9630216672098227,0.9637359831471397,0.9703875896525046,0.9099695323394582,1.0814789093283195,0.9225294557065439,0.9154613006797759,0.9664960175786966,0.9594812491239001,0.9610406201160476,0.9616551386582307,0.9685359282921504,0.9083115708221211,1.0791304113665734,0.920742591942289,0.9143155418553968,0.9632196746106438,0.9561511420197526,0.9577461070416979,0.9581951260430175,0.9654559820537791,0.9055535303113533,1.0752253310986857,0.917770609211832
2022-08-09,0.9057079936056606,0.9566951893293042,0.949313293755909,0.9524919235692351,0.9518052555299613,0.9597141265967221,0.9002523334331594,1.0684723486395193,0.913755712309265,0.9050283728000529,0.9547490673377458,0.9473361200616031,0.9505325373775432,0.9497501711965773,0.9578828319839771,0.8986120766205078,1.0661520952242027,0.9119858425651538,0.9038956714573755,0.9515125455765246,0.944048165506667,0.9472740467305953,0.9463329923748366,0.9548367626137146,0.8958834881158593,1.062293979962346,0.9090421249634651
2022-08-10,0.9260780340684143,0.9793546674245123,0.9712068922696819,0.9738008361396985,0.9741777700363506,0.9814850546783781,0.9181513673803152,1.0949553401825125,0.9338387174820835,0.925383128089873,0.9773624512232931,0.9691841198806777,0.9717976150471351,0.9720743802289283,0.9796122175039416,0.9164784985862431,1.0925775773223763,0.9320299486068945,0.9242249514589731,0.9740492719281248,0.9658203366636647,0.9684662262573376,0.9685768794271228,0.9764970486431601,0.9136956596270733,1.0886238354081483,0.9290215324265533
2022-08-11,0.9320971829623347,0.9839149330119304,0.9741272072685279,0.978042680981764,0.9776529209574155,0.9860071883053011,0.9217877140608551,1.103175353616098,0.9401780376573966,0.9313977603638129,0.9819134402582148,0.9720983526198177,0.9760307339231266,0.9755420277997305,0.9841257221457119,0.9201082198550019,1.100779740491266,0.938356990039842,0.9302320560329457,0.9785848334800036,0.9687244548673133,0.9726848337118653,0.972032050483364,0.9809962003309128,0.917314359437311,1.0967963171731896,0.9353281513678748
2022-08-12,0.9458725060716617,1.0004137696408726,0.9886067356579129,0.9926502277158912,0.9932437828358809,1.0011378872201344,0.9347214249952954,1.120909573129587,0.9548331368548906,0.9451627468124777,0.9983787147357456,0.9865477239021384,0.9906082312419704,0.9910992267667924,0.9992275491635481,0.9330183656103417,1.1184754490564404,0.9529837035141966,0.9439798147138398,0.9949942920149227,0.9831236761816157,0.9872123583713824,0.9875332750137286,0.9960500035078594,0.9301853042112508,1.114427989768646,0.9499076525809204
2022-08-15,0.9453963004325704,1.0005358309090822,0.9905780937132945,0.9928666695974495,0.994192155015556,1.0017148993492444,0.9374604306478843,1.121377296586172,0.9534188590933588,0.9446868985062822,0.998500527705311,0.9885149761293232,0.990824227877513,0.9920455512746382,0.9998034602572828,0.935752380803573,1.1189421568227746,0.9515721650924973,0.9435045619624706,0.9951156920484191,0.9850841005936416,0.9874276145556632,0.988476194668209,0.996624083203135,0.9329110177105456,1.1148930086461584,0.9485006703379505
2022-08-16,0.9496174318919981,1.00646011933967,0.9973036676631117,0.9975904050863433,1.0006324888647042,1.0071443372908946,0.9408395129439805,1.1268165579862266,0.9569335386619912,0.9489048625333991,1.0044127648701167,0.9952265424506997,0.9955382460954662,0.9984719795174472,1.0052225379258295,0.9391253064227567,1.1243696065321886,0.9550800370155577,0.9477172469357363,1.0010078872096282,0.9917723728332347,0.9921254727962682,0.9948795007730529,1.0020259281935815,0.9362737016177481,1.1203008178871527,0.9519972195147111
2022-08-17,0.9378395575983302,0.9933845453529617,0.9840815547453561,0.9860326509514316,0.9870623004649453,0.994594228727085,0.9296148926803074,1.1113486753372834,0.9461622016710332,0.9371358260643637,0.9913637893887333,0.9820319677692841,0.9840042675992748,0.9849310911046544,0.9926963770622416,0.9279211373805614,1.1089353133416808,0.9443295632194197,0.9359629401744218,0.988003146694847,0.9786235930508053,0.9806310335684071,0.9813873321589136,0.9895396005472301,0.9251035534480161,1.1049223772174823,0.9412814462122246
2022-08-18,0.9429356435603562,0.9976285460990738,0.9870103157593583,0.9897354045612654,0.9910405217752458,0.9978559862871693,0.9326251027894886,1.1175177239972172,0.953197793657116,0.9422280880499301,0.9955991569324667,0.9849546289327187,0.9876994042161298,0.9889007228634243,0.9959519106449117,0.9309258628967505,1.1150909655330576,0.9513515278418425,0.9410488288658886,0.9922241566867472,0.9815361104259039,0.9843135030038329,0.9853426812757977,0.9927847815264306,0.9280991552725518,1.1110557537731665,0.9482807452625599
2022-08-19,0.9286285188927851,0.9820305270946759,0.9727770540143136,0.9754555716353632,0.9763623934193203,0.9834135398402485,0.9211646832939889,1.098751383555474,0.939193308217598,0.9279316990937154,0.9800328676243689,0.9707510113851076,0.9734489465602559,0.9742542866960557,0.981537022794494,0.9194863242481591,1.0963653773536994,0.9373741679400666,0.9267703327619344,0.9767106358345827,0.967381789899723,0.9701118968929199,0.9707489426419521,0.978415733048941,0.9166943521839058,1.0923979284185175,0.9343485016317254
2022-08-22,0.9133431551994312,0.9638531658950785,0.9539032455210439,0.95817485586297,0.9582826102490098,0.9651291239065065,0.9029889102065614,1.0775448273431802,0.9231088590147879,0.9126578051580104,0.9618924830530369,0.9519165121461269,0.9562037792214286,0.9562135403759081,0.9632874965757918,0.9013436673599623,1.075204872482408,0.9213208729939262,0.9115155550889774,0.9586317456929712,0.9486126602547559,0.9529258471689757,0.9527731065035799,0.9602242403610429,0.898606784523104,1.0713139976750246,0.9183470236817405
2022-08-23,0.9140484911858383,0.9637402384912804,0.9511251091108025,0.9568688327409695,0.9570113806021364,0.9637848704153579,0.900935950464752,1.0798989288338154,0.9239945929059651,0.9133626118777944,0.9615338469486929,0.9489007741298363,0.9546722577474676,0.9547168681743993,0.9617159327191771,0.8991945833227738,1.0771964784591521,0.9220321436276383,0.9122194796977229,0.9578658174897043,0.9452031507225409,0.9510205712572264,0.9509028754443419,0.95827576671239,0.8962982901551185,1.0727049129632527,0.9187690150236362
2022-08-24,0.9187003935713385,0.9686461392244697,0.9563286220240548,0.9614767322889548,0.9628864220416463,0.9688023871465705,0.9027169954140895,1.0888167285911663,0.9287305177448257,0.9180110235911695,0.9664285160891208,0.9540921179228687,0.9592695794643299,0.9605778237254132,0.9667226784476224,0.9009721857930411,1.0860919613953155,0.9267580099527873,0.9168620736242226,0.9627418145982989,0.950374265177746,0.955600307905005,0.956740417098935,0.9632646027485097,0.8980701669927086,1.0815633045748299,0.9234781562164881
2022-08-25,0.9330713003989513,0.9836658986753543,0.972927959231117,0.9774838461092903,0.9775204498146954,0.9843140671310996,0.917873266186716,1.1082476890246333,0.9434649191768651,0.9323711468468756,0.9814138892303956,0.9706526353300362,0.9752399475733068,0.9751767652296115,0.9822010598191143,0.9160991618839482,1.1054742957908255,0.9414611173538022,0.9312042242600842,0.9776700220034837,0.9668702504879113,0.9715095882668578,0.9712810373786743,0.9786876162097666,0.9131484193053458,1.1008648208223586,0.9381292284138937
2022-08-26,0.905415827324545,0.9524996000422072,0.9420223763388327,0.9458549709385267,0.946570002332849,0.9529438033130821,0.8905358524505431,1.073810089694007,0.9140348669699816,0.9047364257532655,0.9503189428714108,0.9398193293322172,0.9436836792154056,0.9443005239566259,0.9508981379187224,0.8888145870582465,1.0711228766579275,0.9120935709074046,0.9036040898011345,0.9466936956802182,0.9361570939905355,0.9400740247874213,0.9405281434180409,0.9474966683800655,0.8859517277132797,1.0666566361429684,0.90886561552502
2022-08-29,0.9021055307597916,0.9490176598625357,0.9385328541621322,0.9417919087062199,0.9433982057281022,0.9490934256443889,0.8865818146093652,1.0702015881472686,0.9105843742882348,0.9014286131529179,0.9468449742623528,0.9363379678760888,0.9396299440931385,0.9411363319915681,0.9470560257787253,0.8848681917487837,1.0675234053973544,0.9086504066417818,0.9003004171414631,0.9432329794587262,0.9326892985088064,0.9360357954784434,0.9373765920646173,0.9436682999071209,0.8820180436878746,1.0630721735286737,0.9054346368300208
2022-08-30,0.8889168159444486,0.9339400495558188,0.9225927748890083,0.928245905201119,0.9290277716448133,0.9337913582796135,0.8758415697977593,1.0531359189939093,0.895189542872198,0.8882497948219286,0.9318018827092734,0.9204351666388267,0.9261150366082476,0.9268003521898734,0.9317868070557705,0.8741487061369878,1.0505004431332843,0.8932882719276892,0.8871380929510633,0.9282472738241416,0.9168484664170016,0.9225725834363382,0.9230978829832426,0.9284537008960934,0.8713330853892032,1.0461201915838605,0.8901268696578307
2022-08-31,0.8835161665692873,0.9276869807306509,0.9170922263912182,0.921905579656831,0.9234335522011665,0.9284683459184742,0.868601953451303,1.04802541478553,0.889628296567478,0.8828531979600553,0.9255631296899836,0.9149474819192305,0.9197892658284839,0.9212195453412042,0.9264752214987545,0.8669230828274613,1.045402727977328,0.8877388370165435,0.8817482502780034,0.9220323202061258,0.911382165799963,0.9162710091611962,0.917539370866612,0.9231611154777396,0.864130735711226,1.0410437322730173,0.8845970745389848
2022-09-01,0.8780389403656036,0.9216405754621362,0.9104387763163576,0.9167202540039106,0.918420011242612,0.9224410752871621,0.8646547435746585,1.0417064657700505,0.8834526447117742,0.8773800817310117,0.919530567090805,0.9083095918391633,0.9146158435381484,0.9162180247538485,0.9204608894887022,0.8629835022851532,1.0390995921511004,0.881576301475178,0.8762819840066932,0.9160227704394099,0.9047701418783016,0.9111173755639255,0.91255783082406,0.9171682974094144,0.8602038445027058,1.034766878511352,0.8784563485908501
2022-09-02,0.873117092354206,0.9171179647357244,0.9062753371575113,0.9113691580161715,0.9136348848463822,0.9177465212535411,0.8583101443116962,1.0371577235365645,0.8794649768560324,0.8724619269522389,0.9150183104511674,0.9041558894470929,0.9092770314531056,0.9114443710863731,0.915776413160288,0.8566511661322153,1.0345622331589759,0.8775971029286354,0.8713699846156285,0.9115277270162735,0.9006326254011452,0.905798984799191,0.9078032473971873,0.9125005779794526,0.8538919047158885,1.0302484388579918,0.8744912326733004
2022-09-06,0.8657554035041232,0.9068407938380948,0.8983472703523706,0.9023304227206309,0.9037855652923281,0.9076079039473646,0.8528708954230838,1.0314988174004458,0.8704760826992338,0.8651057621308079,0.9047646681580774,0.896246363500728,0.9002590453545748,0.9016186660750294,0.905659560221011,0.8512224304541001,1.028917488452783,0.868627300061966,0.8640230265086174,0.9013131999993771,0.8927539208526305,0.8968154931124732,0.8980167950362682,0.9024199141604692,0.8484806549194113,1.0246272309355358,0.8655531744920075
2022-09-07,0.8840162275319969,0.9279302265943716,0.9183812492364015,0.9245487549485257,0.9240303177200903,0.928540592276784,0.8731157201985218,1.0546896220525004,0.8894457850083176,0.8833528836894261,0.9258058186654525,0.9162334902097792,0.9224263734831625,0.9218148800663806,0.9265473127672526,0.8714281251752419,1.0520502580452156,0.8875567130891726,0.8822473106184764,0.9222740833792278,0.912663162845409,0.9188980296992568,0.9181323272926407,0.9232329488676658,0.8686212673806575,1.0476635442622788,0.8844155951594218
2022-09-08,0.8885532422298467,0.9329593254304285,0.9242742484973155,0.9302305437281624,0.9297864728636361,0.9346918270946376,0.8776918767793321,1.0627720074253177,0.8955023119984828,0.8878864939240207,0.9308234038584181,0.922112707893198,0.9280951192262568,0.9275572343609705,0.9326853428524077,0.8759954367669026,1.0601124172238996,0.8936003767713573,0.8867752467476461,0.9272725276440199,0.9185194707225389,0.9245450921033008,0.9238517414902625,0.9293490225291732,0.8731738677256061,1.0556920868104653,0.8904378699432143
2022-09-09,0.9059828571727949,0.9537702292701362,0.94396872354999,0.949125370699919,0.9493411397633925,0.9547118251880026,0.8915061469667204,1.08485283379169,0.9135808660422773,0.9053030301163865,0.9515866631146669,0.9417611247466179,0.9469465714918753,0.9470650173603562,0.9526623644164617,0.88978300614811,1.0821379862547071,0.9116405342210495,0.9041699850223743,0.9479565798636592,0.9380913227252872,0.9433244362784191,0.9432815929635389,0.9492545840412894,0.886917027538809,1.0776258162485295,0.9084141821634298
2022-09-12,0.9154746452791188,0.9664784714651116,0.9560724869290534,0.9609741522691112,0.9606256903178505,0.9662865038057263,0.9000926047238164,1.0967371186449457,0.9241826318281798,0.9147876958204294,0.9642658109987685,0.9538365818345031,0.9587681531602997,0.9583225122893394,0.9642121959032038,0.8983528676361855,1.093992530648743,0.9222197831786336,0.9136427800559492,0.9605873597281624,0.950119724848102,0.9551007995907831,0.9544941153930837,0.9607631004823792,0.895459285622976,1.0894309309761725,0.9189559905066916
2022-09-13,0.8824808178596323,0.9286092262477691,0.9186308713105861,0.9234779309324094,0.9229150547989395,0.928985678983798,0.8665500043765871,1.057014358129653,0.8890764846346828,0.8818186261503822,0.9264832638137739,0.9164825285089101,0.9213580076359985,0.920702291078565,0.9269914440155388,0.8648750998467768,1.0543691764632197,0.8871881970634737,0.8807149733016343,0.9229489442308354,0.9129112307060397,0.917833750424316,0.9170241829799457,0.923675491408548,0.8620893492550585,1.0499727935306316,0.8840483833346586
2022-09-14,0.8810228114699579,0.9280313254019632,0.9172154332938871,0.9212656828308675,0.9216175460280321,0.9273109508971268,0.8635444516716754,1.0582132874126835,0.8885102618239544,0.8803617138125259,0.925906686016947,0.9150704006858584,0.9191508379409142,0.9194078931902033,0.9253203110341403,0.8618753564013591,1.05556510542205,0.8866231768393783,0.879259884383475,0.9223745659450824,0.9115046055836233,0.9156350233038345,0.9157349560739984,0.9220103362576915,0.8590992679412939,1.0511637358474197,0.8834853627519724
2022-09-15,0.8741862581873803,0.9205363557497928,0.910444462784682,0.9144411855579869,0.9149513465132852,0.9197044452634213,0.8563648918456408,1.0505372250246607,0.8815692508814251,0.8735302905099003,0.918428875384388,0.9083152650089109,0.9123420068905502,0.9127576764296247,0.917730134133874,0.8547096735324695,1.0479082524036476,0.879696907738435,0.8724370110474359,0.9149252814323016,0.9047757929411591,0.9088522364965698,0.9091113062247456,0.91444731027348,0.8519566656366332,1.0435388094621918,0.8765836061444151
2022-09-16,0.8625347306977005,0.9074397697124809,0.8978494153023927,0.9020862749311811,0.902522784566306,0.9065949299492038,0.8473336697137775,1.037422444645357,0.8699851918994335,0.8618875060373463,0.9053622727342123,0.8957496727522627,0.9000154580274482,0.9003589129682479,0.9046487607538628,0.8456959073290374,1.0348262918023836,0.8681374518530024,0.8608087982700916,0.9019085248521336,0.892259165580864,0.8965728375234844,0.8967620745096694,0.9014127304366482,0.8429719326479846,1.0305113964611385,0.865065059886057
2022-09-19,0.8692796126354791,0.9149172735180784,0.9056162023009067,0.9108648878228182,0.9096281938928918,0.9143778592103307,0.8560410843800431,1.0469889979796072,0.8779339603218143,0.8686273267830755,0.9128226575065918,0.9034982960666882,0.908773918855505,0.9074472864995085,0.9124149825564797,0.8543864919356483,1.0443689048076343,0.8760693380825935,0.8675401836957386,0.909340449980365,0.8999775944938064,0.9052977966415862,0.9038221307397306,0.9091511715908037,0.851634525003212,1.0400142198159659,0.8729688746812427
2022-09-20,0.8532145481366509,0.8958241713304793,0.8869286236145467,0.8926991526180248,0.8916375945301995,0.8958131090577811,0.8404077252098356,1.0270344325413283,0.8617176414418779,0.8525743171100343,0.8937732671590777,0.8848544208159577,0.8906498846637702,0.8894998210583732,0.8938900849816057,0.8387833495838104,1.0244642757304399,0.859887460641522,0.851507265399009,0.8903637286555715,0.8814063696522749,0.8872430881166125,0.885946363521385,0.8906925396571115,0.836081640154506,1.0201925866888693,0.8568442659021256
2022-09-21,0.8419561011074528,0.8828227828232592,0.8745115792843199,0.8805942054061691,0.8798329876301916,0.883408365600557,0.8291142547997874,1.0130787960320198,0.8501875437431325,0.8413243181401378,0.8805473810086872,0.872229945710967,0.8783423849156117,0.8775164779096677,0.8813270277627417,0.827417706089146,1.0102609524095256,0.8482261821506321,0.8402713465279484,0.8767661409887658,0.8684385084717593,0.8746002330287393,0.8736672064695503,0.8778672865477473,0.8245964405642964,1.0055794326299452,0.8449657267973182
2022-09-22,0.8281880219716414,0.8688372818774472,0.860041588979182,0.8662578904014849,0.865888803233676,0.8682833995010851,0.8169182521902009,0.9956611500550119,0.8361508524857719,0.8275665702292907,0.866597926520725,0.8577977081542986,0.8640427301656606,0.8636090071157942,0.8662376965581433,0.8152466591625458,0.9928917530122185,0.834221873192119,0.8265308173253753,0.8628765881446033,0.8540690054304403,0.860361501537102,0.8598207415159987,0.8628371900873819,0.8124668935413635,0.988290721595907,0.8310152483206673
2022-09-23,0.8103207677869447,0.8489319897312388,0.8417281517411077,0.8461535818343968,0.8461723080558282,0.8479575987351096,0.8018022726682396,0.9733359868221766,0.8156299585528278,0.8097127231888046,0.8467439385985922,0.8395320513621733,0.8439898315371138,0.8439444234408979,0.8459597840167595,0.8001616102335873,0.9706286864485497,0.8137483204528917,0.8086993155252402,0.8431078570698649,0.8358827463839449,0.8403940376931323,0.8402424175549962,0.8426388806077034,0.7974332804569255,0.9661308214331799,0.8106203928747264
2022-09-26,0.7985595547436233,0.8366359015035618,0.8288921316333694,0.8334486412393792,0.8340657276478929,0.8352501828257454,0.7904085384975184,0.9602496790729473,0.8038633956160401,0.7979603354679269,0.8344795425089181,0.8267295209132569,0.8313173795110506,0.8318697184133945,0.8332823071781388,0.78879119012954,0.9575787778115885,0.8020089026851785,0.796961636675102,0.8308961266587388,0.8231358663869979,0.8277755762760559,0.8282206788459384,0.8300111705273223,0.7861016303405236,0.9531413856921174,0.7989260996838194
2022-09-27,0.7970004127710592,0.8345009629198049,0.8278150239959681,0.8313694170844925,0.8322876020362668,0.8333089313854408,0.786265119986714,0.9607357015466428,0.8028209005400803,0.7964023634368129,0.832350106550628,0.825655223490158,0.829243472265505,0.8300962744235325,0.8313456293871596,0.7846562499572656,0.9580634484305879,0.8009688126195219,0.7954056145464049,0.8287758349085164,0.8220662387545612,0.825710504851308,0.8264550141599103,0.8280820953671063,0.7819807891705662,0.9536238103616083,0.7978900075697634
2022-09-28,0.8185911857935377,0.8576888426762642,0.8513995640843297,0.854846027457565,0.8561004518719689,0.8564418715250212,0.8038125041304236,0.9897382973058615,0.8258460591351683,0.8179769352789344,0.8554782214882579,0.8491782306271529,0.852660049183937,0.853846427475989,0.8544240675936733,0.8021677283234881,0.9869853744730818,0.8239408527443829,0.8169531844212646,0.8518046332668529,0.8454869953260076,0.8490273161327808,0.8501009859369781,0.8510699367561781,0.7994325582390058,0.9824117130426047,0.8207737465872338
2022-09-29,0.8004416327228869,0.8390494076555723,0.8321286711832847,0.8355102005087008,0.837908545462802,0.8378327503016363,0.78621567006528,0.9682598671677062,0.8083689415131546,0.7998410011825738,0.8368868280508757,0.8299576162098616,0.8333736670429742,0.8357024184844277,0.8358587900439947,0.7846069012211627,0.9655666858452838,0.8065040543995731,0.7988399486153875,0.8332930748530113,0.8263499296949286,0.8298231030554534,0.8320365665797754,0.8325775391408293,0.7819316087000043,0.9610922779930278,0.8034039727032392
2022-09-30,0.7921169944048981,0.830553159164099,0.8236912439551342,0.8271226411996291,0.8288997370466131,0.8293186313782019,0.7782058636771578,0.9593359559860092,0.8003611241938571,0.7915226094666246,0.8284124779286002,0.8215422025464167,0.825007556067087,0.8267173293337811,0.8273647306519855,0.7766134846449653,0.9566675962138054,0.7985147109163666,0.7905319679028374,0.8248551152220556,0.8179710964228173,0.8214926356492172,0.8230908909876489,0.8241168240653285,0.7739654474634572,0.9522344264832748,0.7954453390687469
2022-10-03,0.8143747981539861,0.8561027099226114,0.8491620225473709,0.8528112483234885,0.8545511220777007,0.8550609734937492,0.800757566542975,0.9907092383038836,0.8250553188974176,0.8137637115120487,0.8538961768589897,0.8469465269201479,0.8506304733061615,0.8523011769076412,0.8530464230015067,0.799119041805051,0.9879536148323087,0.8231519367247631,0.8127452337754889,0.850229382241875,0.843264992460602,0.847006387203315,0.848562513690212,0.8496977002516168,0.7963942668983698,0.9833754666042548,0.819987863043519
2022-10-04,0.8415100808487199,0.8858157985175076,0.8795967889475674,0.8822683715827245,0.8841224850369648,0.8855054261966666,0.8260781146843234,1.0276286755943456,0.8536062673407795,0.8408786325639401,0.8835326824555527,0.8773018878711076,0.8800122699809835,0.8817946815111635,0.8834191476182642,0.8243877785789633,1.0247703619852193,0.8516370188376684,0.8398262187559762,0.879738622976343,0.873488403750254,0.8762630035979243,0.8779266435095596,0.8799511935684617,0.8215768442688851,1.0200216060249698,0.8483634527351587
2022-10-05,0.8364081886451423,0.8801805274895282,0.8731842245978377,0.875395743793523,0.8779004611972155,0.8793395971880731,0.8202451619752938,1.0250481197927965,0.84889325479922,0.8357805686936819,0.8779119358668744,0.8709060541427421,0.873157216602316,0.8755890396199303,0.8772678454963483,0.818566761364156,1.0221969839103549,0.8469348790992357,0.8347345354412502,0.8741420129558963,0.867120371638071,0.8694371559724758,0.8717482229876122,0.873824039024921,0.815775675112763,1.0174601529090272,0.843679387322896
2022-10-06,0.831267768974061,0.8736529047273868,0.8669912798885784,0.8677673855757777,0.8713758891291586,0.8722790268933157,0.8115176142103638,1.018498646722789,0.8431247209035981,0.8306440062659756,0.8714011375059229,0.8647292670589519,0.8655483653189096,0.869081646078742,0.8702239101268228,0.809857072066647,1.0156657279731047,0.8411796530683446,0.8296044017525022,0.8676591732168827,0.860970434011449,0.8618607219760819,0.8652693744649373,0.8668077553587316,0.8070956834467725,1.010959162621244,0.8379462835253395
2022-10-07,0.8124323561041976,0.8552383895159242,0.8482348290519907,0.8488525050196236,0.8529590456457342,0.8535596885112925,0.7929871708072551,0.9946173565788148,0.8252498976776972,0.8118227270225779,0.8530340841657915,0.8460217525074397,0.8466818531432777,0.8507132922490935,0.851548675093591,0.7913645459948122,0.9918508628114643,0.823346066616619,0.8108066785532139,0.8493709915407136,0.8423442378871158,0.8430745900204522,0.8469815943698891,0.8482058319094055,0.7886662117740518,0.9872546548499751,0.8201812467289286
2022-10-10,0.8090929693263008,0.8534971352360495,0.8460507433024824,0.8469912094085905,0.8507352337769375,0.8510960153575783,0.7909691152856014,0.9924389692201157,0.8223514501992472,0.8084858460376609,0.851297317823049,0.843843365119727,0.8448253171633779,0.8484953354481144,0.8490908064311569,0.7893506198551749,0.9896785345618394,0.820454305784667,0.8074739738899301,0.8476416832070935,0.8401753195839075,0.8412259637574687,0.8447733667511923,0.8457576118668871,0.7866591525655251,0.9850923931060823,0.8173006013957473
2022-10-11,0.8060142991048693,0.8513965394460783,0.8435482361853109,0.8447966856178308,0.8484618765485404,0.8488701210318484,0.7894756660266674,0.9907008493240024,0.8191660226700661,0.8054094859739743,0.8492021361428688,0.8413473871376652,0.842636405121604,0.8462279637353685,0.846870156382325,0.787860226519354,0.9879452491860848,0.8172762269578487,0.8044014640891518,0.8455554986405145,0.8376901911993813,0.8390463775110429,0.8425159409817964,0.8435456792115493,0.7851738410587561,0.9833671397241912,0.8141347386315102
2022-10-12,0.8009278366466922,0.844317222091555,0.8373020546678396,0.8379529480627984,0.8418172219896555,0.8417230212229088,0.7834287228973831,0.9859211832899887,0.8132222696750083,0.8003268402710184,0.8421410651361605,0.8351175021424962,0.8358101681001474,0.8396008038681938,0.8397398953648686,0.7818256567553928,0.9831788776277866,0.8113461860536415,0.799325179644898,0.8385247492324504,0.8314873864690929,0.8322492234715633,0.8359178514943217,0.8364434087777681,0.779159847508607,0.9786228553926374,0.8082274919230239
2022-10-13,0.8185210773911484,0.8658161558916129,0.8577194630380303,0.8585546040061103,0.8633545288028963,0.8630564751333734,0.8008908426759724,1.0084436754821686,0.8337492858444238,0.8179068794841506,0.8635845872341964,0.8554816407269897,0.8563591423079814,0.8610814051688109,0.8610230869883048,0.7992520452259942,1.0056387242871263,0.8318258469054924,0.8168832163058236,0.859876188717246,0.8517630055596693,0.8527106493794111,0.8573042270257545,0.8576430510115604,0.7965268168144348,1.000978623777813,0.8286284320029114
2022-10-14,0.8002872409417885,0.8459263658192301,0.8382846630474275,0.8379351081762144,0.843019515752946,0.8417571050753526,0.7849274106929293,0.9856077327712233,0.8134003767753274,0.7996867252532369,0.8437460614305917,0.8360975468598968,0.8357923738330121,0.840799932115723,0.8397738989146863,0.7833212779086367,0.9828662989607948,0.8115238822652944,0.7986858657723203,0.8401228533637213,0.8324631710965299,0.8322315050163795,0.8371117197037407,0.8364772788431026,0.7806503690073876,0.9783117252060691,0.808404505096854
2022-10-17,0.8199933553964794,0.866069919299495,0.8592321504524228,0.858578765050902,0.8639652176333287,0.8628858925665045,0.8037106157644112,1.0128006903826812,0.8331256698307372,0.8193780527285972,0.8638376965881391,0.8569903814830734,0.8563832415691099,0.8616904861183934,0.8608529063193178,0.8020660484433086,1.0099836203014292,0.8312036695584939,0.8183525482821294,0.860128211170882,0.853265188072809,0.8527346459663468,0.8579106362102328,0.857473538404548,0.7993312250590947,1.005303385670746,0.8280086462131465
2022-10-18,0.8365075240976565,0.8781279472276221,0.870642052661995,0.8706415295853255,0.875502368242286,0.8752449350917625,0.8149383870295612,1.0264663972222827,0.8441017565646276,0.8358798296073371,0.8758646459587555,0.8683705148290116,0.8684151596816689,0.8731972605969844,0.87318283055246,0.8132708452381092,1.0236113164502378,0.8421544347323189,0.8348336721234743,0.8721035145048868,0.8645958538883476,0.8647153024458105,0.8693669356271203,0.8697550602334709,0.8104978165959252,1.0188679314731826,0.838917318273501
2022-10-19,0.8280432818027073,0.8712750657678624,0.8635920383198333,0.863289388021176,0.8697806159591088,0.8680010651292615,0.805027392371391,1.015090768531648,0.838334997413575,0.8274219386697877,0.8688557644095157,0.86117420327949,0.8609320919699447,0.8673174391591922,0.8658355883638509,0.8032959991712293,1.0120026016126535,0.8362993400233755,0.8263863667815914,0.8648365353157909,0.8571575317049044,0.8570156347151439,0.8632256155326414,0.8622367167187588,0.8004172409923601,1.006873843869635,0.8329159819418105
2022-10-20,0.8204188603251809,0.8622226345566083,0.8546147928491564,0.8539732718020098,0.8599315762707097,0.8591210490591654,0.7953860657535841,1.0039719607212445,0.8297342838140591,0.8198032383689579,0.8598284694152684,0.8522220917814549,0.8516414143166648,0.8574962914766815,0.8569777260320954,0.7936754084035373,1.0009176200722973,0.8277195108033187,0.8187772017752556,0.8558509995733834,0.8482471744670987,0.8477672211872656,0.8534508019860684,0.8534156723580019,0.7908311273718052,0.995845040233185,0.8243708635401664
2022-10-21,0.8332924217074655,0.8763970392878763,0.8697489577501405,0.8693644058585499,0.8770422336338388,0.8749450010334608,0.8107657291310887,1.025353091962743,0.8451615347907045,0.8326671397502052,0.8739635155582243,0.867313884922881,0.866990521377346,0.8745584922825193,0.8727622006350904,0.8090219943418828,1.0222337044192347,0.8431093011018844,0.8316250031547743,0.8699206585818734,0.8632685767674035,0.8630465037841322,0.8704325068705443,0.8691345383179186,0.8061227160117285,1.0170530961694533,0.8396983924343661
2022-10-24,0.8385400322619846,0.8839538467941175,0.8772489324474583,0.8772934473258319,0.8835659886312409,0.8826632105020293,0.8170479349393988,1.032687794311283,0.8523562193334039,0.8379108126279701,0.881499339800531,0.8747928616248257,0.8748979118219231,0.8810637723200716,0.8804611548239752,0.8152906888479421,1.0295460927187698,0.8502865154055926,0.8368621132379487,0.877421622948375,0.8707126701751073,0.8709179228008092,0.8769070963473479,0.876801491572331,0.8123689455041455,1.0243284258013017,0.8468465703812873
2022-10-25,0.8582750462187286,0.9037396599945393,0.8970753222278994,0.8958850339192985,0.903258541395222,0.9018462765668029,0.834933759139909,1.0596631177714386,0.8703786717008049,0.8576310179199141,0.901230213009402,0.8945637426258808,0.893438732271069,0.9007005567233772,0.8995963632471843,0.8331380455444972,1.0564393503143532,0.868265205388667,0.8565576374218928,0.8970612233558282,0.8903913362265982,0.8893743993958516,0.8964512384783514,0.8958571639266343,0.8301523429327415,1.0510853902659103,0.8647525252285807
2022-10-26,0.8614517112260424,0.9081286864157515,0.9009690662284946,0.8996721767391649,0.9070691330564304,0.9061467925703794,0.835779170511515,1.063802674941571,0.8745807577975151,0.8608052992366271,0.9056070522603394,0.8984465851472299,0.8972155339273133,0.9045003569725887,0.9038861503843353,0.8339816386680361,1.0605663138880228,0.8724570879180165,0.8597279459209378,0.9014178158404133,0.8942560684711592,0.8931340200428334,0.9002331120588094,0.9001291204346232,0.8309929128859839,1.05519143867953,0.8689274489502953
2022-10-27,0.8613148923632247,0.9086401069815273,0.9000646894025319,0.8988787174154188,0.9068363842958509,0.9051433708101358,0.8352318829745898,1.0645065923715782,0.8734490514804996,0.8606685830392892,0.9061170527459155,0.8975447403431971,0.8964242412218029,0.9042682673452856,0.9028852319464895,0.8334355281965486,1.0612680898203548,0.8713281296269509,0.859591400832733,0.9019254571210746,0.8933584300337074,0.8923463269987667,0.9000021173821872,0.8991323623443462,0.8304487595012838,1.0558896580609785,0.8678030580072774
2022-10-28,0.8762948461953501,0.9240680207787636,0.9163205962687374,0.9148183712006223,0.9218217322348213,0.9211335181854238,0.8505647667252451,1.0850326811915216,0.8880833255791342,0.8756372962857477,0.9215021272903456,0.9137551348615698,0.9123203702244164,0.9192111775008602,0.918835487328544,0.8487354351181962,1.0817317330044642,0.8859268685656423,0.8745413797697467,0.9172393620401756,0.9094932163526858,0.9081701430857202,0.9148745299897322,0.915016320010532,0.8456938364073056,1.0762495929460543,0.8823427358430777
2022-10-31,0.8757617971005647,0.9237745748041687,0.9161447751325227,0.9137035604163921,0.9221244256245308,0.9191773500546515,0.8470957511024627,1.0859748602095742,0.8876257878014903,0.8751046471777767,0.9212094961379267,0.9135798059792031,0.9112086035399933,0.9195130136774732,0.9168841994183229,0.8452738803968906,1.0826710456718756,0.8854704417879701,0.8740093973064665,0.9169480845665716,0.9093187052358017,0.9070634339275963,0.9151749421659238,0.9130731426871542,0.8422446868006475,1.0771841452431776,0.8818881555994788
2022-11-01,0.87789528048729,0.9239620925698638,0.9169374900318363,0.9137842613268187,0.9239097370045664,0.9198593996667849,0.84876304212351,1.0917531699423961,0.8882482303413155,0.8772365296515054,0.9213964932161798,0.9143703014811908,0.9112890840886964,0.9212932691416936,0.9175645474627425,0.8469375855320861,1.0884317763019042,0.8860913729036509,0.8761386115918678,0.917134216617362,0.9101055137244063,0.9071435483630694,0.9169467987544374,0.9137506628444798,0.8439024297441102,1.08291568089705,0.882506574657326
2022-11-02,0.8544484541206413,0.9001892144576329,0.8930812393569111,0.8918541726568748,0.8982250125334498,0.8967419562136951,0.8266547325976851,1.061433627539028,0.8661428843691961,0.8538072972015901,0.8976896261245421,0.8905808421571044,0.8894188776692958,0.8956812825728351,0.8945047770802105,0.8248768249184384,1.0582044737363434,0.864039703458254,0.852738702336508,0.8935370148278824,0.8864270127228961,0.8853728314729757,0.8914556442212714,0.8907867410905874,0.8219207279022156,1.052841568167006,0.8605441181174754
2022-11-03,0.8511539505321164,0.8980728736047222,0.8905727344510669,0.8908080885497962,0.8948223834950069,0.8956491375090271,0.8229978692699051,1.0585081337324502,0.8615344597937907,0.8505152657268135,0.8955791617927226,0.8880793604182083,0.888375649997115,0.8922882896158963,0.8934146847241713,0.821227826501045,1.0552878800335546,0.8594424691272892,0.8494507910513117,0.8914363132668139,0.8839371983453268,0.884334349536984,0.8880786587007328,0.8897011797361881,0.8182848063382481,1.049939755555207,0.8559654824977402
2022-11-04,0.8623136292504117,0.9082740420357591,0.9000844848046117,0.9000576758237291,0.9083581906099824,0.9056209769482856,0.8331633204128339,1.0789644334017756,0.8714710236888881,0.861666570499097,0.9057520042660779,0.8975644803232551,0.897599980368949,0.9057857639772533,0.9033616465596093,0.8313714145457087,1.0756819463835727,0.8693549049115613,0.8605881392469091,0.9015620973144678,0.8933780779429432,0.8935167176031467,0.901512454780071,0.8996067967258083,0.8283920429793485,1.0702304662166748,0.8658378162298958
2022-11-07,0.8708999616477654,0.9159244767004463,0.9078035945657661,0.9063156271163604,0.9167938097503535,0.9119291529580621,0.8390537671317575,1.0898587999272675,0.8793507843185673,0.8702464599256674,0.9133811956888735,0.905261978567359,0.9038408437139284,0.914197493850632,0.9096540850212075,0.8372491925287711,1.0865431694470704,0.8772155317904031,0.8691572903888405,0.9091559969553772,0.9010396736689796,0.8997291907013788,0.9098844998581463,0.9058730804778262,0.8342487568696483,1.0810366453684308,0.8736666419172217
2022-11-08,0.8732877223692218,0.9182499123886781,0.9097273181676472,0.9081261990882491,0.920179538362768,0.9141575887732545,0.840988432957402,1.0967937609135079,0.8812175524580608,0.8726324289307245,0.9157001742547335,0.9071803162391641,0.905646471742084,0.9175736342427344,0.9118769613662853,0.8391796974186675,1.093457032500233,0.8790777670160009,0.8715402731998988,0.9114642481870795,0.9029490638684063,0.9015266047657894,0.9132447123207512,0.9080867173705688,0.836172343442079,1.0879154694517217,0.8755213432272718
2022-11-09,0.8518314499631778,0.8976557611635597,0.8902136400499209,0.8905580382849364,0.8973002685152214,0.8958465207648619,0.8252892039549727,1.0699072866130057,0.861838751271176,0.8511922567791123,0.8951632075629392,0.8877212713887972,0.8881262825189433,0.8947591573851136,0.8936115755510546,0.8235142331534386,1.066652353762332,0.8597460217196266,0.8501269348056728,0.891022283194538,0.8835807795076378,0.8840861164538221,0.8905378694287566,0.889897252180432,0.8205630192340966,1.0612466349333978,0.8562678070284646
2022-11-10,0.8983786262875028,0.9465135953423133,0.939684034528181,0.9387624269976361,0.9470391254023419,0.9452528980865682,0.8706372094057404,1.1324762097284569,0.9083840470426024,0.8977045052572707,0.943885376405637,0.9370531615178719,0.9361990444368032,0.9443571562258593,0.9428946945422687,0.8687647074779088,1.1290309261382114,0.9061782955182038,0.8965809702068875,0.9395190687612727,0.9326825768168772,0.9319401910687836,0.9399018752073046,0.9389755244063909,0.8656513302050909,1.123309077108069,0.9025122330059525
2022-11-11,0.9106393128375105,0.955850878025975,0.950432512500362,0.950306793367872,0.9597658604345523,0.9551995280674065,0.8813113674113681,1.148338084618249,0.9185783980757728,0.9099559916923086,0.9531967319147847,0.9477715465230983,0.9477118877863278,0.9570478497576097,0.9528165098114862,0.879415908296286,1.1448445451292935,0.9163478924780228,0.9088171231169754,0.9487873509865712,0.943350969344145,0.9434006614619737,0.9525326966815062,0.948856099352249,0.8762643604966607,1.1390425537944606,0.9126406875345706
2022-11-14,0.8988079102300338,0.9438845422162577,0.938634530136837,0.9383909993550942,0.9478236414680319,0.9429176018700682,0.8693713263758303,1.1337838393360098,0.9075384682686174,0.8981334670757829,0.9412636234676035,0.9360065954682215,0.9358286310137424,0.9451394505798477,0.9405652243896991,0.8675015470153187,1.130334577600537,0.905334769991054,0.8970093951520348,0.9369094437576061,0.9316408921397604,0.9315714626895856,0.940680478858932,0.936655736766521,0.8643926965091182,1.124606121756814,0.901672120071367
2022-11-15,0.9114503173257972,0.9565972465935949,0.9517778556679962,0.9502272828693747,0.9607935917375353,0.9551702485721346,0.88032549611089,1.1492721794690504,0.9186161788930473,0.9107663876229501,0.9539410280134905,0.9491131230767439,0.947632594399018,0.958072670575057,0.9527873033622845,0.878432157334671,1.1457757982235675,0.9163855815553602,0.9096265047848752,0.9495282040551944,0.9446862885431373,0.9433217287873901,0.9535526826070853,0.9488270143005312,0.8752841349865973,1.1399690873637942,0.9126782241358289
2022-11-16,0.8980319820274112,0.944404331893174,0.9395636943201034,0.9388818913793398,0.9488235566890402,0.9437111972739418,0.8718564861124352,1.132163964195229,0.9070020959148278,0.8973581211104309,0.9415188136798439,0.936712243969943,0.9361302899397573,0.9459383121572811,0.9411514978517554,0.8698526261075108,1.1285912246276977,0.9046575023018599,0.8962350195821338,0.9367268887970922,0.931976776240612,0.9315600194604678,0.9411467603034188,0.9368987590641986,0.8665215594140904,1.1226586787131987,0.900761554885205
2022-11-17,0.8923530877309247,0.937846419531056,0.9342977494186279,0.9320203121262289,0.9410243530125838,0.9370688555528608,0.8667399631486806,1.12333477263398,0.9002310619027405,0.8916834881153174,0.9349809382605091,0.9314622805080697,0.9292888200651787,0.9381628248078497,0.9345271726576739,0.864747862872444,1.11978989511032,0.8979039713618927,0.8905674887559755,0.9302222883452324,0.9267533535149294,0.9247519502440441,0.9334106588741315,0.9303043669093339,0.8614363446706643,1.1139036142121805,0.8940371083239689
2022-11-18,0.8970147575505841,0.9433788471593472,0.9406197300826797,0.938083415365894,0.9467184068433527,0.9435541590377551,0.8726596083986928,1.1291182498612136,0.9059992563346008,0.8963416599336114,0.9404964621960215,0.9377650748049947,0.935334154037212,0.9438395637884941,0.9409948855622816,0.8706539025112704,1.1255551215730166,0.9036572550544237,0.8952198305719938,0.9357097406415974,0.9330242845804407,0.9307677703634794,0.9390586429255834,0.9367428544516073,0.8673197673611245,1.1196385352197655,0.899765615246637
2022-11-21,0.8940237824068812,0.9396210293613191,0.9377034703002336,0.9350319162627406,0.9451831758254198,0.9415871274188996,0.8728906934436504,1.1248750189053203,0.9045286982091363,0.893352929143443,0.9367501259756741,0.9348576654815733,0.9322915980283948,0.9423090012011331,0.9390331892724048,0.8708844564343212,1.121325280867661,0.9021904983106804,0.8922348403710497,0.9319824716576054,0.9301315734133803,0.9277400683809212,0.9375358332433629,0.9347900223901999,0.8675494383869223,1.1154309290698874,0.8983051751554745
2022-11-22,0.9066476317720514,0.9539055369984307,0.9514445389420344,0.9482635173208643,0.9591192642872753,0.9554921961945942,0.8838291329852704,1.1421895431489613,0.9161973443574506,0.9059673058852776,0.9509909889517403,0.9485570318149228,0.9454844209474855,0.9562027118966009,0.9529005422759295,0.8817977552539727,1.138585166129834,0.9138289810962478,0.9048334294073251,0.94615085478021,0.9437616837851455,0.9408684827772095,0.9513591667964902,0.9485947136117124,0.8784209451545384,1.1326000861219145,0.9098935363018283
2022-11-23,0.9130228395200743,0.9597842581022967,0.9571548368810758,0.9542424870260763,0.9644374188019457,0.9605140228451463,0.8877003458793147,1.1527349667827953,0.9200987698163116,0.9123377298355907,0.9568517483031626,0.9542499997622285,0.9514458679570325,0.9615046946202945,0.9579087478453574,0.88566007061865,1.1490973118521073,0.9177203213995688,0.911195880361455,0.9519817853930453,0.9494258714254015,0.9468008254776934,0.9566342928797219,0.9535802888287159,0.8822684699332192,1.1430569737615477,0.9137681183765783
2022-11-25,0.9132433658295552,0.9609477110449063,0.9589723892230781,0.9561382874368333,0.9656464900168064,0.9616521675210693,0.8894734309350888,1.153862330184259,0.9216262049888116,0.9125580906676007,0.9580116464498623,0.9560620360755747,0.953336112304575,0.9627100892125772,0.9590438054451942,0.8874290804461209,1.150221117663011,0.919243808163608,0.9114159653976803,0.9531357801581982,0.951228747145896,0.9486818414859406,0.9578335816714263,0.9547102174950155,0.8840307054065756,1.1441748721815141,0.9152850441777033
2022-11-28,0.8988493191448811,0.9410648844783146,0.9399362206933873,0.9379754450812335,0.9471911121914518,0.9426261327638866,0.8742207286561505,1.1329328898823237,0.9039589218852339,0.8981748449184079,0.9381895695603452,0.9370836397754281,0.9352265001833973,0.9443108317033518,0.9400693764444285,0.8722114347166843,1.129357723836549,0.9016221948543004,0.8970507212076229,0.9334145890949594,0.932346294486726,0.930660642085255,0.939527523681974,0.9358215273900252,0.8688713350577266,1.1234211487468706,0.8977393191229839
2022-11-29,0.901357888394829,0.9448581278101914,0.9436358283558058,0.9408882992998839,0.9504278673982992,0.9459776825404419,0.8761220434705924,1.1364077881755676,0.9065249028456493,0.9006815318002342,0.9419712230759196,0.9407720196226083,0.9381308176372694,0.9475377443739391,0.9434118355584471,0.8741083795817433,1.132821656486107,0.9041815427731851,0.8995542708092467,0.9371769956243708,0.9360160280486118,0.9335507804056619,0.9427380907630124,0.9391488830849318,0.8707610156464363,1.1268668729086788,0.9002876450972237
2022-11-30,0.9187759320471033,0.9678758947045701,0.9668724183262584,0.9597655266010966,0.9688577313221802,0.9644496264270247,0.8921858708561197,1.1657043018003161,0.9248699216093064,0.9180865053847355,0.964918661845616,0.9639380896453357,0.9569527210406688,0.9659115655660261,0.9618336765912864,0.8901352861417258,1.1620257198856867,0.9224791398009754,0.9169374609474594,0.9600076418231295,0.9590649840080672,0.9522807936198291,0.9610188412803375,0.9574874821763011,0.8867265477930547,1.155917422402402,0.9185064427167406
2022-12-01,0.9179602051012625,0.9650193142271997,0.9652093336042483,0.9593115505419628,0.9675756274724131,0.9619086947379609,0.8909209319214766,1.164817340417873,0.9232053108807642,0.9172713905401547,0.9620708093195234,0.9622800521633813,0.9565000754589777,0.9646333604212348,0.9592996368638683,0.8888732545210503,1.1611415574635762,0.9208188320786774,0.9161233662716454,0.9571742836387153,0.9574153285911925,0.9518303578937125,0.9597471107503837,0.9549648928998068,0.885469349073231,1.1550379076632173,0.9168532851828455
2022-12-02,0.9233331702816377,0.9714189300588844,0.9714046022169147,0.9645771954379428,0.9733013035489276,0.9669813044010576,0.8956231127794994,1.1725856162544885,0.9274418194840287,0.9226403239807747,0.9684508718651662,0.9684565189630767,0.9617502882157195,0.9703416254886382,0.9643584877032262,0.8935646279671796,1.168885319159722,0.9250443893389878,0.9214855801460068,0.9635218744163787,0.9635605707972098,0.9570549386496207,0.9654264611964903,0.9600008845382453,0.8901427570877876,1.1627409635477186,0.9210606448945252
2022-12-05,0.9044704956914875,0.9489077673738091,0.9493080206045662,0.9423953793364522,0.9513345035873384,0.9452035056446701,0.8773927874419041,1.147058919174051,0.9060521762174859,0.9037918034736085,0.9460084894342018,0.9464269975253143,0.9396334808418206,0.9484416236045446,0.9426397585213593,0.8753762028968906,1.1434391759951232,0.9037100381398088,0.9026606497771474,0.9411937140373123,0.941642417699653,0.9350461074761751,0.9436373914876546,0.9383802947974982,0.8720239838816637,1.1374285804278348,0.8998181710193378
2022-12-06,0.8959707311776682,0.9402819176315212,0.9413113313980629,0.9331981601628957,0.9425499260294927,0.936717698655416,0.8707683395362239,1.1350492780749026,0.8983476354093356,0.8952984169721809,0.9374089949782,0.9384545772027364,0.9304632161571625,0.9396837587628661,0.9341769682297028,0.8687669805087403,1.1314674333994634,0.8960254135118426,0.8941778932963723,0.9326379873009397,0.9337103012584488,0.9259206128309292,0.93492388869684,0.9299557449343024,0.8654400712527828,1.125519768423053,0.8921666405661186
2022-12-07,0.8914990966436184,0.9371116562126951,0.9386616508496981,0.9303740465763272,0.9403149163513609,0.9341171000221619,0.8672888886118847,1.1301709481785533,0.8950969627304644,0.8908301378417334,0.9342484199264902,0.935812938081018,0.9276473792612849,0.9374555454478798,0.9315834233972705,0.8652955266947713,1.1266044979184069,0.8927831437974575,0.889715206505262,0.9294934982137525,0.931082016714824,0.9231185230986442,0.9327069621639862,0.9273739194358258,0.8619819112357517,1.120682395419704,0.8889383338291981
2022-12-08,0.8947961760316743,0.940865875921019,0.9436843712643059,0.9351761118028082,0.944483885296077,0.9377124701132916,0.8706974096019566,1.1358146723902705,0.8981202846425386,0.8941247431832249,0.9379911690506804,0.9408204152098629,0.9324353709714787,0.9416118371200239,0.9351690414935406,0.8686962135986184,1.1322304123804436,0.8957986504450721,0.8930056884358131,0.9332171983583605,0.9360641789761612,0.927883139411841,0.9368422005741883,0.9309433353614676,0.865369575341782,1.1262787367332627,0.8919408540644923
2022-12-09,0.886846070355252,0.9326439292667331,0.9347329557997496,0.9275222185825652,0.9360931008251615,0.9297474520516035,0.8639844389319501,1.1251259218190808,0.889979082455984,0.8861806030688409,0.9297943436035075,0.9318961660959384,0.9248039091814257,0.9332465678935827,0.9272256275541614,0.8619986719053461,1.121575392013801,0.8876784932050887,0.8850714909248264,0.9250620912191484,0.9271850456317374,0.9202889350900142,0.9285193047464718,0.9230358149680719,0.8586976816231122,1.1156797254832653,0.8838556666396505
2022-12-12,0.896198280180211,0.9442197360863979,0.9463572732017427,0.9396455840024902,0.9476409278652757,0.9420056986620285,0.8742090671200168,1.138041854356505,0.9015653379826009,0.8955257952275981,0.9413347818842064,0.9434852052468382,0.9368917443924413,0.944759279548348,0.9394506251930194,0.8721997999832253,1.134450566088063,0.8992347983480976,0.8944049869732472,0.9365437936439603,0.9387154973975931,0.9323177564254858,0.9399736999611867,0.9352055720619642,0.8688597448790254,1.128487219994116,0.8953622040450864
2022-12-13,0.9027713986355005,0.9514463926971737,0.9537512766285473,0.9474664743642225,0.9561769545928399,0.9505295837090731,0.8812568299766664,1.1470964327086282,0.9097515497064173,0.9020939813778938,0.9485393582814892,0.9508567688605808,0.9446897139018536,0.9532693493693146,0.9479513902604635,0.8792313643825168,1.1434765711492418,0.9073998487760266,0.9009649526152196,0.9437117018531983,0.9460497947090829,0.9400776555613292,0.9484406629111205,0.9436679251060426,0.8758643821767941,1.137465779010809,0.9034920913233808
2022-12-14,0.8967094669676282,0.9435554914061871,0.946122031781842,0.9397079650608017,0.9483034312714145,0.9425448282806411,0.8750095662290654,1.1359611846933144,0.9028144645429379,0.8960365984331339,0.9406725667267943,0.9432506777532346,0.9369539426292377,0.9454197683709361,0.9399882924894964,0.8729984592388415,1.132376462338528,0.900480695925648,0.8949151508756472,0.9358849488762255,0.9384821555374481,0.9323796510050151,0.9406308431465364,0.9357408098255003,0.8696553457001828,1.1264240189660064,0.8966027361097921
2022-12-15,0.8786985890869271,0.9233606742151853,0.9254078044075621,0.9199837050152988,0.9283256033404409,0.9219667424110823,0.8564775309939264,1.1116102483176753,0.8834914458941725,0.8780392354683012,0.9203205028149856,0.9224285543944584,0.9170936363588539,0.9252826357203734,0.9192634384385201,0.8543434490425621,1.108073083963927,0.8810601346073337,0.8769403127705953,0.9152734093797923,0.9174821339029787,0.9122947942735822,0.9202308131449575,0.9147734904403229,0.8507968830800554,1.1021998408260882,0.8770210480537963
2022-12-16,0.871314109037639,0.9142387173904958,0.9168437695119802,0.9114067309861249,0.9194625062909304,0.9123555310337671,0.8484220760535967,1.100629478553308,0.8734642912488174,0.8706602965496154,0.9112285800961734,0.9138920904799654,0.9085436063327897,0.9164485911038004,0.909680408149201,0.8463080658500319,1.097127255211885,0.8710605740426881,0.8695706090695798,0.9062313473164006,0.9089914458264413,0.9037895036746526,0.9114450003056851,0.9052372664372815,0.8427948565154227,1.0913120294688698,0.86706732895789
2022-12-19,0.860425829675904,0.9029809793633812,0.9061801146444545,0.9010149483410149,0.909295417120658,0.9014661167530728,0.8391952723835034,1.0855544981973595,0.8621371701019221,0.8597801874825491,0.9000079082493031,0.9032627660922049,0.8981844687933958,0.9063148287350555,0.8988229227825658,0.8371042525731114,1.0821002437220288,0.8597646244001914,0.8587041171602946,0.8950722103142323,0.8984191200080678,0.8934845720126308,0.9013665658632753,0.8944328121634202,0.8336292502744779,1.0763646673210945,0.8558231638832319
2022-12-20,0.8629727446600102,0.9054591691168905,0.9082786070513778,0.902868980974399,0.91227242940647,0.903894308898144,0.8412816965908465,1.0893694193617363,0.8653198856545558,0.8623251913248464,0.902477938545925,0.9053545026305252,0.9000326771044875,0.9092820826430337,0.9012439952115238,0.8391854780448395,1.0859030257367572,0.8629385813255832,0.8612459357662435,0.897528694814953,0.9004996398419326,0.8953231092721811,0.9043176192723998,0.8968420593757412,0.8357018361254228,1.0801472930269151,0.8589825702845046
2022-12-21,0.8768044527824247,0.9210508238290747,0.9240893108823325,0.9187318236568368,0.9275314675493338,0.9201508330261617,0.8547051417571518,1.1070567185310864,0.8792382900279186,0.8761465204766837,0.9180182576272322,0.9211143056160676,0.9158456877038256,0.9244911030347819,0.9174528534919205,0.8525754760616073,1.1035340435932726,0.8768186831507947,0.8750499666337858,0.9129837898442303,0.9161749326374359,0.9110533757135069,0.9194436020391037,0.9129717489132663,0.8490362493404843,1.0976848592364792,0.8727990408881435
2022-12-22,0.8675545820375709,0.9101210187873794,0.9134028550936456,0.9078227179224067,0.9172991764551353,0.909558913500429,0.8459298091389126,1.0937366875164016,0.8696263479045697,0.8669035906053253,0.9071244390441607,0.9104622537122374,0.9049708522117714,0.9142923524681382,0.9068919905941699,0.8438220089077615,1.0902563971634431,0.8672331924701638,0.8658186048849197,0.9021497136227455,0.9055800011767691,0.9002354445725034,0.9093005342188605,0.9024624683185251,0.8403191197376509,1.0844775897943315,0.863257493435672
2022-12-23,0.8739101955485782,0.9172775183035926,0.9211648664076539,0.915617430605067,0.9248654158369283,0.916663200501641,0.8515717428610536,1.1029695266424584,0.8769209711079802,0.873254435021652,0.914257375736266,0.9181992760730525,0.9127410783141942,0.9218337903994901,0.9139754470747252,0.849449884644151,1.0994598572247691,0.8745077413425663,0.8721615008101121,0.9092435328575712,0.9132755346160126,0.9079650116990549,0.9168007976972161,0.9095113271528396,0.8459236329345954,1.0936322677315975,0.870498693242126
2022-12-27,0.8727620109146178,0.9160204395203368,0.920227804359482,0.9152444265081051,0.9242859195107238,0.9153380424455522,0.8514599224102408,1.1012386564304377,0.8757335638426466,0.8721071119569517,0.9130044358935904,0.917265230794467,0.9123692459852142,0.9212561936099894,0.912654174522172,0.8493383428159491,1.097734494673751,0.8733236017451876,0.8710156136941787,0.9079974642129568,0.9123464980513095,0.9075951250434044,0.9162263544484694,0.9081965080768464,0.8458125541408461,1.0919160503118075,0.8693199821531289
2022-12-28,0.8597363762889361,0.8999612548431781,0.9040826046924432,0.8992198641605506,0.9080177672320673,0.8994124244562044,0.8394143361926305,1.0848965501789802,0.8611267260300571,0.8590912514442958,0.8969981261929488,0.9011720088458895,0.8963950237525132,0.9050413668675932,0.8967752521286583,0.8373227705417411,1.0814443893064032,0.8587569610050246,0.858016043369899,0.892078934085154,0.8963395742148635,0.8917044905348906,0.9001000567939771,0.89239514292409,0.8338468611273682,1.0757122892036497,0.8548201199680643
2022-12-29,0.8773087151743428,0.9195864394517246,0.9239606171715942,0.9177039139979202,0.9261162675982585,0.9193559164877521,0.8552058134274169,1.1088027555801696,0.8797309799189794,0.8766504044826149,0.9165586947455632,0.9209860262207666,0.9148210071558929,0.9230805419815368,0.9166602677328517,0.8530749002100909,1.105274524720197,0.8773100171911582,0.8755532199964056,0.9115322312938957,0.9160473411261196,0.9100340569737282,0.9180407423128885,0.9121830343718416,0.8495336002704189,1.0994161150975044,0.8732881224821215
2022-12-30,0.8740497649396668,0.9156202117351219,0.9195782099142517,0.9131490600590383,0.9218620298726771,0.9152728764518939,0.8503568376288376,1.1032423809212186,0.8757402908205897,0.8733938996833326,0.9126055258611236,0.9166177276480675,0.9102804619928423,0.9188402492636126,0.9125891996020974,0.8482380065868868,1.0997318432761718,0.8733303102109229,0.8723007909227795,0.9076007418272937,0.9117024670684899,0.9055172709540787,0.913823600582189,0.9081318505130379,0.8447167856474196,1.0939028121450494,0.8693266598649205
2023-01-03,0.8729800331662342,0.913632827071215,0.9179502263367454,0.911666674708266,0.9213942226173585,0.9144164158905996,0.8515398188116056,1.101100355905233,0.8719560449655299,0.8723249706100802,0.9106246846749554,0.9149949851870414,0.9088027334587242,0.9183739754382945,0.9117352502737264,0.8494180401397409,1.0975966342233736,0.8695564783555711,0.8712331996831606,0.905630763694286,0.9100884263833611,0.9040472748756216,0.9133598725007832,0.9072820721196972,0.8458919206236675,1.0917789205785242,0.8655701285693189
2023-01-04,0.8877423960949014,0.9293255578115601,0.9350388575308543,0.927549310927065,0.9371120562493922,0.9306187000817416,0.866056694369347,1.121185693545289,0.8877889033908759,0.8870762562278954,0.9262657469909025,0.9320286013872562,0.9246354754143232,0.9340402874289689,0.9278900276544774,0.8638987440514123,1.1176180599478631,0.8853457657791023,0.8859660231162226,0.9211860494761965,0.9270307017119004,0.9197971694256675,0.9289406501633155,0.923357944904302,0.8603125119756139,1.111694224511096,0.881287032399475
2023-01-05,0.8815868324893379,0.9227698597287447,0.927996872179268,0.9207226060981977,0.9313678921277353,0.9236815628464039,0.8573842655482681,1.1128203779723724,0.8803698066848148,0.8809253116045273,0.9197316335893241,0.9250092869434049,0.9178302162323136,0.9283149521593481,0.9209732308390093,0.8552479242897095,1.1092793629636983,0.8779470859470737,0.8798227767965132,0.9146877695486666,0.9200490275607697,0.913027519872674,0.9232465738591722,0.9164749317211607,0.8516976036532147,1.1033997260509723,0.8739222706929519
2023-01-06,0.8990638334923146,0.9431854950027521,0.9500304286750664,0.9415992321750483,0.9519992933235225,0.9434108157839622,0.8755239997575228,1.135506759442471,0.898662281680817,0.8983891982995976,0.9400800502431215,0.9469719087948593,0.9386412597533558,0.9488787254823615,0.9406446355208894,0.8733424597891585,1.1318935559486936,0.8961892212356247,0.89726480631174,0.9349245942518383,0.941893877296156,0.9337296662129619,0.9436980738828731,0.9360502555840069,0.8697170247899544,1.1258940545110647,0.892080777679123
2023-01-09,0.9007577465448914,0.9459028962110823,0.9527237226087083,0.943720736703845,0.9533628629257251,0.946018897153617,0.8759966056713052,1.1390788353887187,0.9010582124181132,0.9000818402818499,0.9427885043891963,0.949656531960923,0.9407560997143893,0.950237825426362,0.9432450697202037,0.873813888112503,1.135454265483265,0.8985785585265769,0.8989553298434513,0.9376181950711662,0.9445641044691889,0.935833439928842,0.9450497534652302,0.9386379885120214,0.870186496111525,1.129435890820447,0.8944591614156642
2023-01-10,0.9094187944047328,0.9557346834688167,0.9619524410377632,0.953670885954493,0.963881027218664,0.9560035361968093,0.8832942252785254,1.1503883221361817,0.9102512886803594,0.9087363891062787,0.9525879204194478,0.9588555395323758,0.9506749912217539,0.9607215121251779,0.9532004327459993,0.881093324267469,1.1467277652348875,0.9077463360378493,0.9075990469421925,0.9473638705097828,0.953713783386042,0.9457004292180278,0.9554762017343015,0.9485447266709727,0.8774357137395948,1.1406496363861645,0.9035849106414461
2023-01-11,0.919969987193279,0.9679277955031874,0.973113429965926,0.9651166128465286,0.975115554127572,0.9685839308480836,0.8942661150009028,1.1663926444936252,0.9216428769625873,0.9192796645415569,0.9647408865481919,0.9699805968677292,0.9620847621111337,0.9719192132679026,0.9657439403499726,0.8920378753720992,1.1626811615428148,0.9191065754062938,0.9181291267886906,0.9594501890354593,0.9647791838392333,0.9570504966196103,0.9666127660986606,0.961026968162859,0.8883348316259262,1.1565184731314178,0.9148930707155546
2023-01-12,0.927283933674268,0.9766302218483311,0.9814693818208374,0.9724504530752114,0.9818901403843819,0.9765320270668654,0.8984460797477479,1.1772144573778736,0.9288834624581759,0.926588122818583,0.9734146600944612,0.9783096476423228,0.969395563560259,0.9786715930418313,0.9736687319102519,0.8962074249159755,1.173468539218468,0.9263272352791494,0.9254284380591122,0.968076395081722,0.9730635710057569,0.9643230431073225,0.973328279488997,0.968913052753499,0.8924870724603977,1.167248673268129,0.9220806285684066
2023-01-13,0.9312299231753779,0.9808923423196888,0.9857944778488857,0.9772428642477247,0.9871642078996208,0.9806090259931117,0.9035115998691822,1.1808820216163447,0.9338433334620263,0.9305311513470809,0.977662747504716,0.9826208194930118,0.9741729196864242,0.983928372639321,0.9777337766445665,0.9012603232993323,1.1771244331997524,0.931273457038959,0.9293665316332564,0.9723011857230633,0.9773516246770673,0.969075400938084,0.9785563583232612,0.9729582426358699,0.8975189951606863,1.1708851895075036,0.9270041751247696
2023-01-17,0.9312557614829247,0.9795559023013306,0.9854696588384106,0.9753367046034788,0.9858908976358739,0.9796511677812756,0.903620164047879,1.179241076751223,0.9332705199940117,0.9305569702662028,0.9760525795289421,0.9820513909972225,0.971995612718501,0.9823708433729266,0.9765174360512174,0.9012598441714201,1.175437971729397,0.9305175708690242,0.9293923182383369,0.9702388431335497,0.9763780198346153,0.9664500116785028,0.9765293023903706,0.9713144851631458,0.8973379825916776,1.169123551661309,0.9259454166137256
2023-01-18,0.9174610231034931,0.9636937941093935,0.9713313572216418,0.9609474546763385,0.9712990641440247,0.9650492016973756,0.8924983386684571,1.162062190139308,0.9188952391583038,0.9167725831161705,0.9602472012129788,0.9679621304659017,0.957655654288272,0.967831108998546,0.9619621790878118,0.8901670697877041,1.1583144877923306,0.916184694047962,0.9156251831373035,0.9545276075974792,0.9623701538261613,0.952191868111781,0.9620760266632477,0.956836779592422,0.8862934787771538,1.1520920546033535,0.91168296524813
2023-01-19,0.9108042343601467,0.9573861613363652,0.963017562413439,0.9526900402096882,0.9640175488791627,0.9576957061070502,0.8843596541593631,1.151436023815684,0.9119216027577052,0.9101207894619261,0.9539621273092114,0.9596771734582099,0.9494265262383383,0.9605755918729408,0.954632206036137,0.882049644099052,1.147722591328623,0.9092316283884462,0.9089817146315625,0.9482799699585898,0.9541330595236209,0.9440096903365963,0.9548636535304887,0.9495458611324941,0.8782113763308946,1.1415570575126441,0.904764063896455
2023-01-20,0.9282316516283148,0.9757604485191721,0.9819365097600716,0.9713264244306187,0.9840646184859928,0.9766070724442548,0.899996446232229,1.1753889402909747,0.9306108782135121,0.9275351296285923,0.9722706999589704,0.9785304972427936,0.9679990700728751,0.9805510848245869,0.9734830782396144,0.8976455917633908,1.171598258580892,0.9278657744649248,0.926374259629059,0.9664794898611977,0.9728774664995128,0.9624762708138335,0.9747203648005418,0.9682962946150117,0.8937394577207732,1.1653044653449667,0.9233066499713338
2023-01-23,0.9400126671390973,0.987122282920431,0.994202310341015,0.9834047605194117,0.9969107829078867,0.9883247745721311,0.9098075782791688,1.1927589667426757,0.9423410519396317,0.9393073049576508,0.9835918994428138,0.990753751824176,0.9800360308801886,0.9933513829179202,0.9851632974999465,0.9074310964384521,1.1889122659232436,0.9395613466786175,0.9381317013219109,0.9777332560214075,0.9850301065889339,0.974444556226425,0.9874445475791693,0.9799142808778263,0.9034823804533774,1.1825254623217771,0.9349447552849495
2023-01-24,0.9363739957148856,0.9831379525308617,0.9897281746766025,0.97930557803936,0.9928967004726834,0.985167565952702,0.906795950288878,1.1879604292705466,0.9394857167983662,0.9356713639021916,0.9796218187712582,0.9862951354544689,0.9759508904691523,0.9893516324823548,0.982016188235425,0.9044273350338008,1.1841292039482942,0.9367144341674579,0.9345003108810394,0.9737868226440417,0.9805972479196576,0.9703827230799642,0.9834685811415177,0.9767839396241341,0.9004916900143569,1.1777680948226301,0.9321118312502679
2023-01-25,0.9409554824632685,0.9886834094111103,0.9945466665833858,0.9841654530794806,0.9977612865963422,0.9902772335878413,0.9104078186718677,1.1930994887365016,0.9440798218030202,0.9402494128165964,0.9851474426584881,0.991096913608799,0.9807941176286159,0.9941988499426421,0.9871095109427728,0.9080297689607272,1.189251689718465,0.941294987541495,0.9390726300721469,0.979279533836429,0.9853712859068643,0.9751983178044445,0.9882869752509934,0.9818501247639125,0.9040784478326639,1.1828630627418182,0.9366698777987957
2023-01-26,0.9481872798003921,0.9933581816031383,1.000126786117224,0.9890254378806065,1.0024307929941543,0.9954930911692689,0.9162895575929406,1.2042479435347595,0.9492137517894879,0.9474757835924363,0.9898054958089202,0.9966576775562106,0.98563745417309,0.9988516841955537,0.9923086839134533,0.9138961443631051,1.2003641902532016,0.9464137735287029,0.9462899565791811,0.9839098418697431,0.9908999249796404,0.9800140212898527,0.9929121420276594,0.9870215961896679,0.9099192955113207,1.193915867232977,0.9417635123220592
2023-01-27,0.9492597183222728,0.9945643943387461,1.0015551114825028,0.9904792357729189,1.0045542905355065,0.9967784376153563,0.9165212037462186,1.205249610679365,0.9506406658068588,0.94854741738306,0.9910073945972229,0.9980810485338844,0.9870862719674346,1.0009675999379557,0.9935899187623981,0.914127185440222,1.2013626269766298,0.9478364784538424,0.9473602491510431,0.9851045816966582,0.9923150730558118,0.9814545730330322,0.9950154757511545,0.9882960045327572,0.910149331205662,1.1949089403821165,0.9431792267006672
2023-01-30,0.9397253396882533,0.9845837187098805,0.9920362736040481,0.9808113005350746,0.9948138218223449,0.986952035498068,0.9083189283725571,1.1916776308834276,0.9406614203564903,0.9390201931101967,0.9810624142544887,0.9885952283512193,0.9774514549951239,0.9912619088847756,0.9837949495766674,0.905946334990845,1.1878344174203281,0.9378866696506647,0.9378449488134398,0.975218837398562,0.9828840530385672,0.9718747263201781,0.9853674983327322,0.9785532236047494,0.902004079993591,1.1814534039910198,0.9332783068836655
2023-01-31,0.958017419817911,1.0054652991352413,1.013181253400512,1.0002689970122964,1.0152507625549676,1.0069421736759911,0.9257489999228646,1.2165845398213782,0.9608911644765701,0.9572985473167955,1.0018693129633127,1.009666863216368,0.9968424976168171,1.0116258809547196,1.0037211428195394,0.9233308779596033,1.2126610004670528,0.9580567403371784,0.9561004264816074,0.9959018023902525,1.003833955775755,0.9911551357407309,1.0056103786803223,0.9983732487434982,0.9193129735571401,1.2061466193246175,0.9533492707102916
2023-02-01,0.9704405843386836,1.0186408968039273,1.028083496884567,1.0142639629280588,1.0308266797050636,1.0214364462512082,0.938727171744521,1.234272768535215,0.9746125615847883,0.9697123898031604,1.01499778889934,1.0245174157536683,1.0107895226862738,1.0271461853857053,1.018169050766849,0.9362751498771523,1.2302921838550651,0.9717376622483841,0.9684987322439593,1.0089520801841243,1.018598715759543,1.0050225877794885,1.021038393631213,1.012744177260938,0.9322009180536468,1.2236830884861993,0.9669629705858357
2023-02-02,0.9835096807631234,1.031346787218148,1.0450960731948737,1.0292720013029184,1.0480491659954558,1.0365666107392089,0.9510695368241279,1.2542666607411046,0.9890478470722618,0.982771679501919,1.0276582374606487,1.0414709810716267,1.025746149856175,1.0443071799974235,1.0332508165205896,0.9485852758248994,1.2502215948676236,0.9861303667202782,0.9815416773999159,1.0215371183504125,1.0354543392900757,1.0198938817584753,1.0380973426111804,1.0277455863475828,0.944457476087203,1.243505439257495,0.9812849556354895
2023-02-03,0.9736228535402519,1.0210911797919757,1.03385958240768,1.0188209306175917,1.034957892467883,1.0250614866016996,0.9420636160237162,1.240899312690062,0.9784640249715398,0.9728922711088797,1.0174393085976459,1.0302734659492454,1.0153308801278833,1.031262647943272,1.0217824952510335,0.9396028791275531,1.236897357109721,0.9755777646390115,0.9716746337232633,1.0113790572725054,1.0243215128998426,1.0095380350665444,1.0251303781773493,1.0163383690687302,0.9355141665817793,1.2302527789339734,0.9707842044015584
2023-02-06,0.9625098492294274,1.0097657122425139,1.0209648673901055,1.00763177300734,1.0231136883020269,1.0139052237461033,0.9314263104921443,1.2264456590415687,0.967860252317609,0.9617876057207496,1.0061543459017412,1.0174234784271048,1.0041800518489434,1.019460732677197,1.0106619193175266,0.9289933589915236,1.2224903171383272,0.9650052708544157,0.9605838665396241,1.0001613120602917,1.01154576054433,0.9984508264625201,1.0133986414718092,1.005277044315277,0.9249508141183362,1.215923133180314,0.9602636592033834
2023-02-07,0.9653182420858858,1.0133316687885257,1.0244891088024555,1.0102971996452454,1.0264069040835768,1.0171063316475764,0.9338210895740438,1.230290621586831,0.9714069398478238,0.9645938912288915,1.009707549018629,1.0209354954132877,1.0068363478601965,1.0227421902629075,1.013852787438012,0.9313818827408269,1.2263228795080419,0.9685414964123259,0.9633866398005718,1.0036933509625519,1.0150374883928215,1.0010919673046246,1.0166605862950038,1.0084509112747917,0.9273289441287137,1.2197351071316505,0.96378250930355
2023-02-08,0.9537175686425255,1.0002551788226306,1.0106530897354196,0.9968299132163845,1.0120737554566555,1.0040709352247608,0.9220157491751286,1.2151494415157016,0.957997165171863,0.9530019226430426,0.9966778263326542,1.0071474689136561,0.9934151946704393,1.0084602171372983,1.0008590889549607,0.9196073787272654,1.2112305304173627,0.9551712777136189,0.9518091793105751,0.9907412382072203,1.0013291161685665,0.9877473868484407,1.0024635390727719,0.9955264440953155,0.9156056772530431,1.20472383372022,0.9504779859815143
2023-02-09,0.9410741739336447,0.985924517507976,0.9970358618982501,0.9820760090280877,0.9977226674585395,0.9901813324078552,0.9112588816400625,1.1993333888733864,0.9459568726735522,0.9403680152238382,0.9823984177663206,0.9935774747295825,0.9787118311306412,0.9941603686917605,0.9870139165337886,0.908878608892164,1.1954654852496134,0.9431665015120171,0.9391910840408315,0.9765468831708173,0.9878375166737997,0.9731279115351642,0.9882487228238861,0.9817550396883998,0.9049235940094793,1.1890434779363221,0.9385321959724493
2023-02-10,1.2582272353876947,0.9919997279768547,1.0015182744131754,0.9868955144541128,1.0014525227493825,0.9941480448084162,0.914506885787566,1.733733709865543,0.9506199311952035,1.257283092889903,0.988451900610331,0.9980443392401493,0.9835148269652684,0.9978769067960381,0.9909679401192668,0.9121181290227617,1.7281423413926402,0.9478158050048724,1.255709522060256,0.9825643091934357,0.9922785758339197,0.977903504469668,0.9919431610156961,0.9856879959690189,0.908149017262668,1.7188588088341787,0.9431586548319366
2023-02-13,1.274107926505338,1.0029616229615397,1.013006834055601,0.9983055095363578,1.0141036917852868,1.0066268873267477,0.9254159935687242,1.7565098862522321,0.9628986694515574,1.27315186753097,0.9993745910368708,1.0094930488743936,0.9948857362202324,1.0104829057207234,1.0034068650158567,0.9229987414416484,1.750845063595531,0.9600583236003514,1.2715584359070289,0.993421939966223,1.0036611455699025,0.9892095384048621,1.004474200000516,0.9980606454331915,0.9189822823420658,1.741439572645282,0.9553410190732752
2023-02-14,1.2730049880291718,1.0018548743102347,1.011788394564397,0.9971947296436745,1.0136021080660116,1.0068591262612334,0.9237895764889994,1.7540651687472824,0.9623071632787228,1.2720497566724698,0.9980133416595975,1.0080177599577136,0.9935386165577486,1.0097479142635521,1.0034048094609587,0.9212333487359058,1.7479856126395048,0.9592368240286167,1.2704577044113052,0.9916405995903452,1.0017617669250993,0.9874721467071222,1.0033539123593307,0.9976714221317694,0.9169869039685679,1.7378949034417837,0.9541392233953961
2023-02-15,1.2810219945639765,1.0082575338466955,1.018810150319646,1.004727311683457,1.0196606955528809,1.013225194012097,0.9277624726026423,1.7666483837688751,0.967923686728366,1.2800607474444918,1.004391450708467,1.0150133477163807,1.0010435811513614,1.0157834641401424,1.009749036604522,0.9251952514073576,1.7605252144800694,0.9648354273867812,1.2784586689120232,0.997977981684813,1.0087139384365378,0.9949312865681295,1.0093512434717533,1.0039793987898105,0.9209305441651636,1.750362117114669,0.95970807451375
2023-02-16,1.274540439661272,1.0029858169473271,1.0127408723638849,0.9991636288927376,1.0150892384584365,1.0076705871429554,0.9208174192947525,1.7602974882588431,0.963171863107495,1.2735840561397636,0.9991399477873036,1.0089666881555535,0.9955002970379038,1.0112293898840539,1.004213486395172,0.9182694158287691,1.7541963310516155,0.9600987649443046,1.2719900836039215,0.9927600118560398,1.0027048058534938,0.989421849318183,1.004826006868166,0.998475478340584,0.9140366333733759,1.7440697688394573,0.954996583762832
2023-02-17,1.2734828811045888,1.0026719202188346,1.012905022346496,0.9984649570171179,1.0138441765921034,1.0082065107837839,0.921249186045387,1.7627702609421179,0.9610340101006105,1.2725272911487806,0.9988272546707936,1.0091302263999706,0.9948041867716783,1.0099890623308114,1.0047475713974185,0.9186999878331336,1.7566605331523728,0.9579677329757003,1.2709346412224392,0.9924493154188277,1.0028673291414705,0.9887299894473345,1.0035935334106094,0.9990065116171903,0.9144652206469038,1.7465197456819381,0.9528768765783064
2023-02-21,1.2434659885354056,0.9785053564241736,0.9863876697692396,0.9732936049145756,0.9901761048805522,0.9841894366473658,0.9014296323407439,1.7203439657833708,0.936572196389304,1.24253292251099,0.9747533556385163,0.98271169611386,0.969725122872309,0.9864109878031463,0.9808128946694552,0.898935277021854,1.7143812867159072,0.9335839671784409,1.2409778124703028,0.968529138529061,0.9766127584084224,0.9638040563699505,0.9801647617448747,0.9752085960159292,0.8947916156916137,1.7044845673761277,0.9286226916070275
2023-02-22,1.2457279477599084,0.9805755785307992,0.9889918284411843,0.9754410894405299,0.9915299564814933,0.9857467205334418,0.9026830647154462,1.7258866659718497,0.9379053925076735,1.2447931844174154,0.976815639643506,0.9853061498604838,0.9718647338645956,0.9877596914210591,0.9823648358499331,0.900185241010785,1.7199047760122341,0.9349129095984836,1.2432352455132658,0.9705782539685729,0.9791911103707255,0.9659306030632149,0.9815049250000105,0.9767516695092923,0.8960358179448809,1.7099761708698238,0.9299445717275918
2023-02-23,1.2499768966066445,0.9857444781549557,0.993569758732395,0.9784583025579913,0.9954460494066729,0.9880444584191468,0.904245599328541,1.7339535798833934,0.9429857449524255,1.2490389449583637,0.9819647195341031,0.9898670195662245,0.9748708846769386,0.9916608935118946,0.9846546906918495,0.901743451918087,1.7279437301554548,0.9399770526600878,1.2474756922112342,0.9756944547816396,0.9837236742566332,0.9689183985515014,0.9853814236047133,0.9790284402752579,0.897586846245775,1.717968718024379,0.9349818027918342
2023-02-24,1.24005924673666,0.9782553575649163,0.9859454757000112,0.9702261378108685,0.9865461487198266,0.9811728300329982,0.8974034578574206,1.7201369140579221,0.9364436361064734,1.239128737046761,0.9745043153799557,0.9822711499704916,0.9666689023248515,0.9827948344496826,0.977806637382651,0.8949202434078533,1.7141749526277532,0.9334558170803179,1.237577887563601,0.9682816884990738,0.9761749463970435,0.9607664968684744,0.9765715068704288,0.9722195162802727,0.8907950894606818,1.7042794244060617,0.9284952225274026
2023-02-27,1.2431513281807762,0.9800699995233073,0.988104808033761,0.9727101016297707,0.989671747224731,0.9834210869016745,0.8994638827485322,1.7233424284324563,0.9384863497799188,1.2422184982696836,0.9763119992384152,0.9844224351144646,0.96914375894297,0.9859085479532727,0.9800471809662508,0.896974966875801,1.7173693567511739,0.9354920132672396,1.2406637817512007,0.9700778295228918,0.9783128801642784,0.9632262422037416,0.9796655034825156,0.9744472575491221,0.8928403416369848,1.707455387986931,0.9305205979089592
2023-02-28,1.2406730577880447,0.9776716990587964,0.9862536519393558,0.9697339602177226,0.9865337278734957,0.9824671254479391,0.8969611071463307,1.7216587531441923,0.9367769740789651,1.2397420875095628,0.9739228948658499,0.9825781777285931,0.9661785292508084,0.9827824608332743,0.9790964923487946,0.8944791167300206,1.7156915170490468,0.9337880915039766,1.238190470378765,0.967703980603643,0.9764800686693571,0.9602791179744458,0.9765592116071675,0.9735020011022335,0.8903559961656781,1.7057872340581832,0.9288257311699006
2023-03-01,1.239918307399873,0.9796404068828874,0.9873063607722027,0.9687570047205295,0.9877704124691155,0.985116365925705,0.8958831185972427,1.7231664342298272,0.9364284505503742,1.2389879034673552,0.9758840538367292,0.9836269634285228,0.9652051556616132,0.9840144429701421,0.9817366438530868,0.8934041110942679,1.717193972541063,0.9334406799752857,1.2374372302464973,0.9696526167356417,0.9775223453609221,0.9593116877290058,0.9777833924938244,0.9761270669590989,0.889285945791329,1.7072810162285526,0.9284801658643574
2023-03-02,1.2486791702642732,0.9859203472088846,0.9946289447415392,0.9766381887577341,0.9958770606487963,0.9923146488173813,0.9020352608443638,1.736842445036955,0.9428873146066625,1.2477421923976402,0.9821399142321645,0.9909222583039407,0.9730574441388692,0.992090265845767,0.988910230986561,0.8995392296845376,1.730822582558007,0.939878936366392,1.2461805626199234,0.9758685307866174,0.9847723639369288,0.9671160307409201,0.9858080770347071,0.9832596647000685,0.8953927844216186,1.720830951490135,0.9348842079102322
2023-03-03,1.2665644044410262,0.999756608573867,1.0094347200508247,0.9911491340356089,1.0104942210299284,1.0071581217855876,0.9127612874591595,1.7644143886135475,0.9570650474954665,1.2656140059384426,0.9959231215559288,1.0056728568894568,0.9875151865112909,1.0066518448814163,1.0037027791960687,0.9102355761994372,1.758298962308944,0.9540114337509545,1.2640300084341416,0.9895637264360935,0.9994314168715214,0.981485495258059,1.0002774481412613,0.997967689287932,0.9060398258991461,1.748148716572926,0.9489416020191366
2023-03-06,1.2478943126148736,0.9828909634730347,0.9930715528534094,0.9782209599665967,0.9983831569828041,0.9919468442421954,0.9008035356618891,1.738116152169402,0.9426114410275229,1.2469579236859465,0.9791221464267563,0.9893706703524653,0.9746344122780236,0.9945868328182216,0.9885436882696531,0.8983109128216367,1.7320918750460526,0.9396039429900717,1.2453972754710727,0.9728700327194442,0.9832304055017174,0.9686833700347413,0.988288835057472,0.9828952163834953,0.8941701295114924,1.7220929166516332,0.9346106759106795
2023-03-07,1.2336802622523328,0.970402002162404,0.9803993746412736,0.9657301144489262,0.984958535048543,0.9789893746619535,0.8902661335052742,1.720963908263915,0.9304571867450847,1.232754539194113,0.9666810730426881,0.9767457175818995,0.9621893631754301,0.9812132576351932,0.9756306729767018,0.8878026688202162,1.714999080487748,0.9274884680967964,1.231211667430418,0.9605084009103849,0.9706838061289856,0.9563143094381931,0.9749999450359366,0.9700559851880132,0.8837103234848966,1.705098794770047,0.9225595853810366
2023-03-08,1.2323723176974353,0.969947333805841,0.9807219878655247,0.9649691695553683,0.9840688393487828,0.9772404922626301,0.8907617234839246,1.7220544971647502,0.929939600209301,1.231447576088356,0.9662281480756935,0.9770671285225561,0.9614312082089549,0.9803269449785667,0.9738877906162082,0.8882968874466779,1.7160858894284474,0.9269725329736975,1.229906340073229,0.9600583680630352,0.9710032223184729,0.9555607837072297,0.9741192447551656,0.9683230615396443,0.8842022640000599,1.7061793298187335,0.9220463920534404
2023-03-09,1.207893831004363,0.9492920808921873,0.9596890147061123,0.945135380009724,0.9649900785747583,0.9574683186656294,0.8752973203038286,1.688040917279188,0.910006638976582,1.206987457444328,0.9456520960827616,0.9561125390023537,0.9416701372360684,0.9613207306613311,0.9541834510881976,0.872875275977595,1.682190199955981,0.9071031698888247,1.2054768348442748,0.9396137029631246,0.9501786818621335,0.9359203723033577,0.9552333830217975,0.948731311277217,0.8688517387779269,1.672479312177345,0.9022826192412781
2023-03-10,1.1831643027229268,0.9288177520477965,0.9390669194900698,0.9243053202998442,0.9445643302318285,0.9370102557880845,0.8578189944017535,1.6519609831427615,0.8898573579497251,1.1822764855873151,0.9252562744201717,0.9355672962055538,0.9209164488222075,0.9409726506579277,0.9337955754180343,0.8554453145330604,1.6462353181767049,0.8870181772002022,1.1807967903613006,0.9193481173458065,0.9297609476280752,0.9152934043037351,0.9350141526653715,0.9284599305519994,0.8515021211123844,1.636731989461284,0.8823043627296694
2023-03-13,1.1705576121102506,0.9180608423379041,0.9295986957547732,0.9166204859855457,0.9388032564880359,0.9276025768894137,0.8504077965636551,1.6370864691708071,0.8810037466192973,1.1696792547224724,0.9145406112230529,0.9261343577258223,0.9132597901715627,0.9352334832366872,0.9244201722393959,0.848054624297645,1.6314123589838314,0.8781928142206235,1.1682153257428467,0.9087008782416388,0.9203865521619199,0.9076834966178606,0.9293113272329597,0.9191380977940762,0.844145498421224,1.6219945997202319,0.8735258997176338
2023-03-14,1.1841767965441894,0.9293989606673732,0.9407641608897919,0.9285769255019853,0.9515186923122692,0.9384888549602012,0.8620708165267474,1.6569911843776448,0.8918311074380273,1.1832882196583367,0.9258352544416288,0.9372582124910601,0.9251723926181927,0.9479005689701311,0.9352691018348589,0.8596853713967938,1.6512480848309432,0.8889856292392542,1.1818072581819203,0.919923400332178,0.9314413696932204,0.9195233616364928,0.9418982014906911,0.929925037338374,0.8557226333435805,1.641715818594402,0.8842613592852486
2023-03-15,1.1653509044281907,0.9136752262236634,0.923697061878163,0.9116518065970645,0.935416149533218,0.9221621851934324,0.8486860315123224,1.6325878390123802,0.8759096612256285,1.1644764540246662,0.9099069047851485,0.9199865424468147,0.908076697888387,0.9315880355567911,0.918730839456467,0.8461885451722047,1.6265141227730695,0.8729222828293887,1.1630190366854634,0.9036580682063712,0.9138327071884402,0.9021467025091177,0.9252397924241774,0.9130378121127763,0.8420407023471516,1.6164366375793986,0.8679639185342942
2023-03-16,1.1788742392826475,0.9250243236810436,0.9359995648560661,0.9235371551757651,0.9471181997233378,0.9337624125640999,0.8586768016385701,1.653917877078587,0.8870313894478449,1.1779896413041948,0.9212091945300844,0.9322396258928844,0.9199154372102398,0.9432421960649676,0.930287902629583,0.8561499147769508,1.647764806702554,0.8840060792738308,1.1765153113401114,0.9148827388441099,0.9260038291563196,0.9139081315446939,0.936814536450402,0.9245232605388612,0.8519532433596431,1.6375556574491272,0.8789847569106182
2023-03-17,1.159392781873613,0.9089302659594467,0.9192752912901195,0.9062226708413667,0.9299726331072835,0.916896380839961,0.8449540043822125,1.6243322207324722,0.870802904745221,1.158522802297418,0.9051815144238637,0.9155825342468581,0.9026688528824911,0.9261667962759768,0.9134846290481933,0.8424675005331836,1.6182892178683403,0.8678329434579135,1.157072836337098,0.8989651297277828,0.9094581576160707,0.8967741722469779,0.9198554958087056,0.9078241104851185,0.8383378975063359,1.6082626921814063,0.8629034875766852
2023-03-20,1.1713586392594368,0.9194838195671089,0.9301949553440323,0.9173595395044335,0.9415813117242339,0.9276817485775402,0.8563996373414512,1.6411768804735074,0.8812380424074944,1.1704796808007614,0.9156915414247286,0.9264583336753129,0.9137620475070087,0.9377279673264994,0.9242298646634601,0.8538794516467122,1.6350712104248175,0.8782324910288862,1.1690147500363068,0.9094029785301732,0.9202612082869103,0.9077949252010753,0.9313378840475937,0.9185027619415165,0.8496939095743454,1.624940707601048,0.8732439637430491
2023-03-21,1.1870588313563892,0.9320999036886376,0.943778694277993,0.9303234774983513,0.9551614288295388,0.9402366674588809,0.8645146640158418,1.661816016259772,0.8939393600232651,1.1861680918631237,0.9282555923304048,0.9399875063133039,0.926675146477425,0.9512525089148344,0.9367380669605891,0.861970597677948,1.6556335624379859,0.8908904895176638,1.1846835260410191,0.9218807451132839,0.9336998836233049,0.9206236980155571,0.9447702635696688,0.9309334556423954,0.8577453944659882,1.6453756602912972,0.8858300623972267
2023-03-22,1.179625556004464,0.9273600175630887,0.9385333867512812,0.9252619502189504,0.9332463595121722,0.9357736888521415,0.8465704651640021,1.6286293070978926,0.8882896706439353,1.178740394256585,0.9235352551802362,0.9347632693478231,0.9216334683445128,0.9294271252236888,0.9322916950016416,0.8440792044454456,1.6225703177841404,0.8852600689747727,1.1772651246767916,0.9171928251426015,0.9285105918359903,0.9156149434540805,0.9230936074671628,0.9265146361678702,0.839941701176333,1.6125172674452466,0.8802316237119825
2023-03-23,1.1735792373549816,0.9223007970344362,0.9329238643199983,0.9201704377567369,0.9296480602298327,0.9315241947968379,0.8439555386370501,1.6216579173877894,0.8831707298875893,1.1726986126145935,0.9184969006755637,0.929176280540215,0.916561922617858,0.9258435516864425,0.928058013222687,0.8414719730413528,1.6156248637339026,0.8801585868830631,1.1712309047139515,0.9121890718193906,0.9229609746714726,0.9105765163426206,0.9195344539473812,0.9223071889127794,0.8373472498862402,1.6056148457359978,0.8751591190070954
2023-03-24,1.1812040160064425,0.9283607069080797,0.939036326452089,0.9262208727181247,0.9359586878369713,0.9378727197700469,0.8509496208990546,1.6350913962644966,0.8894251207622841,1.1803176698213436,0.9245318173266298,0.9352641887244254,0.9225886303595274,0.9321283535669728,0.9343829154704659,0.848445473339872,1.6290083660415982,0.886391646525774,1.1788404261795165,0.9181825433426962,0.9290081605382304,0.9165638679933966,0.9257764284741293,0.9285928981348142,0.8442865675154906,1.6189154271243746,0.8813567736876583
2023-03-27,1.1937701433829266,0.9400306351627249,0.9511551677343529,0.9377861273361613,0.9474133594547535,0.9490186099879222,0.8582950345722686,1.6537605512103724,0.8994662886067648,1.1928743678876401,0.9361536146485697,0.9473343482495211,0.934108530992409,0.9435361478793574,0.9454873320696027,0.8557692711626653,1.6476080661337382,0.896398567952822,1.191381408728834,0.929724527321277,0.9409975821722455,0.9280085404460138,0.9371064851502008,0.9396285048664471,0.8515744655823433,1.6373998880066851,0.8913068539011372
2023-03-28,1.198964543868999,0.9455835416368547,0.956545900801375,0.9429530681695325,0.9525603427400486,0.9539088840648089,0.8612161946516899,1.6624898480866348,0.9034586190533112,1.1980648706244734,0.9416836189623783,0.9527034265764559,0.9392552092923908,0.9486620675571226,0.9503594095414065,0.8586818349448403,1.656304887408426,0.9003772821530194,1.1965654152169352,0.9352165540210514,0.9463307464700191,0.9331216094940366,0.9421974745979173,0.944470391917862,0.8544727525737777,1.6460428258957935,0.8952629682492989
2023-03-29,1.2128640200069731,0.95771679748586,0.9691684113661395,0.9548402399025548,0.964426805663842,0.9664457770087318,0.8704482269940367,1.6828792904574708,0.9144500496858631,1.211953916940433,0.9537668329509692,0.9652752321290947,0.9510957646189334,0.9604799679533265,0.9628496529752447,0.8678866995551751,1.6766184749405337,0.9113312254008911,1.210437078496204,0.9472167858615083,0.9588184585966112,0.9448848426752828,0.9539348427178695,0.9568832380397297,0.8636324968242974,1.6662305553890935,0.9061546910198622
2023-03-30,1.21725519967928,0.961196851565525,0.9730131413318792,0.9582413417668143,0.9676601762455525,0.9698974973795312,0.8753908571710397,1.6903015305806182,0.9184635184565281,1.2163418015804695,0.9572325340504733,0.9691045176966275,0.9544835288154496,0.9637001062307614,0.9662885295684855,0.8728147847168332,1.6840131021051066,0.9153310058308171,1.2148194714157898,0.9506586860648021,0.9626221298845294,0.948250483821975,0.9571330375826311,0.9603008052160705,0.8685364255224869,1.673579367245505,0.910131751937568
2023-03-31,1.2361586170883483,0.9764133505562551,0.9879023754896291,0.973529039629233,0.9832892881734372,0.9852815077928381,0.8907350633567789,1.7187862661652817,0.9339227786705588,1.2352310343341533,0.9723862747899997,0.9839339413440484,0.9697112748614313,0.9792652572981883,0.9816152964085938,0.8881138364592023,1.712391865933177,0.9307375406759774,1.2336850630771663,0.9657083576419335,0.9773523587873619,0.9633787884178023,0.9725921209896754,0.975532597882064,0.883760484448702,1.701782303167572,0.9254507747398009
2023-04-03,1.240104419356143,0.9800059319307138,0.9921458984556041,0.9777862641840409,0.987831981841654,0.9883946681555241,0.8930982285457194,1.7240135731094224,0.9377113263078956,1.2391738757698312,0.975964039081731,0.9881604179481018,0.973951804401245,0.9837893603646386,0.9847168727682589,0.8904700474005652,1.7175997257282478,0.9345131670888249,1.2376229697926493,0.969261551437212,0.9815505642814103,0.9675916261110625,0.97708539486433,0.9786149549467347,0.8861051457269276,1.7069578963322827,0.9292049548778021
2023-04-04,1.225708593531639,0.9680826232873888,0.979771733301549,0.9659987152605318,0.9766465138026558,0.9764934705101189,0.8832667925863003,1.7038952698378422,0.9262002841750339,1.2247888522158308,0.9640899064019093,0.9758359601950397,0.9622104812061395,0.9726496679374409,0.9728599592243502,0.8806675430791143,1.6975562685766548,0.9230413845281636,1.2232559500228215,0.9574689650279381,0.9693085454327907,0.9559269770476195,0.9660216131114339,0.9668315142091347,0.8763506912726714,1.6870386235574786,0.9177983342200602
2023-04-05,1.2203979842606312,0.9653793109969322,0.9762559221934501,0.9622402283661808,0.9728962500227119,0.973156783171704,0.8807492795066646,1.6948634658563935,0.9220291374090503,1.219482227894251,0.9613977435323484,0.9723342722080072,0.9584667334908591,0.96891475180485,0.9695356876280444,0.8781574384571345,1.6885580656139085,0.9188844638796531,1.2179559672836215,0.954795290737513,0.9658302804090345,0.9522076770543261,0.9623121483101016,0.9635278418659321,0.8738528906691113,1.6780961712678173,0.9136650256700452
2023-04-06,1.2187834394706987,0.9636737670792661,0.9741882645709455,0.9608986047314901,0.971076968565918,0.9721468003183981,0.8793822681105851,1.6916598268789687,0.9201172389944252,1.2178688946186682,0.9596992338841085,0.9702749204295962,0.9571303711305995,0.9671029156084092,0.9685294628993003,0.8767944498588409,1.6853663451339864,0.9169790861877377,1.2163446531986215,0.9531084456993156,0.9637847037360177,0.9508800415148734,0.9605126587478516,0.9625278523310539,0.8724965831615868,1.6749242259103048,0.9117704708851653
2023-04-10,1.2275747830035573,0.9731931528678962,0.9841970939779509,0.9712212816889041,0.9811763944244418,0.9816701749420194,0.8874080772141949,1.7109965676901573,0.930250836724094,1.226653641345474,0.9691793583416668,0.9802435440618594,0.9674125669613155,0.9771610103938035,0.9780174012499525,0.884796640865934,1.7046311474718667,0.9270781222585119,1.225118405248673,0.9625234648717397,0.9736866467542118,0.9610950917246229,0.9705022133323079,0.9719569975181964,0.8804595490683842,1.6940696682268974,0.9218121425137054
2023-04-11,1.239810190426556,0.9839524153947738,0.994773275934032,0.9825737024791116,0.9905030778652003,0.9926159271388798,0.8947065057089514,1.7288394275061463,0.9395188834433202,1.2388798676223323,0.9798942458450361,0.9907772411706057,0.9787204684096669,0.9864495251464855,0.9889224245373635,0.8920735917767629,1.722407626499741,0.9363145593680147,1.2373293296152974,0.9731647672856714,0.9841498834445954,0.9723291494068101,0.9797274321346983,0.9827944465030014,0.8877008298572339,1.7117360085220727,0.9309961149068428
2023-04-12,1.2334730363700448,0.9792577733003365,0.989996272073326,0.9778866544319521,0.9842822728886079,0.9877463842043728,0.8901240638436585,1.7182302866926342,0.9340639889815122,1.232547468808985,0.9752189661235108,0.9860194266809396,0.9740518009615148,0.9802541783047429,0.9840710010678027,0.8875046349760735,1.7118379548708598,0.9308782693748984,1.2310048562072236,0.96852159530922,0.9794238942102004,0.967690969665764,0.9735743030614769,0.9779730854687937,0.8831542691463896,1.7012318240032331,0.9255907040729939
2023-04-13,1.2428917203764904,0.9867935981491365,0.9979317794531762,0.9851862039531782,0.9922218366010551,0.9952921062185822,0.8967775628984797,1.7323120296280219,0.940584317324439,1.2419590852686524,0.9824770708713121,0.9936650866853877,0.9810763802734674,0.9878705932408177,0.991348349204801,0.8940147164688279,1.7254194449193607,0.9371896426170659,1.2404046934222606,0.975321611502266,0.9865913376461323,0.9742617835098222,0.9806576896216053,0.9848073263310736,0.8894270548401298,1.7139873502462875,0.9315568003919923
2023-04-14,1.2365142704631298,0.9821905322147374,0.9933798452873958,0.9803927849964046,0.9867431903592697,0.9907373661263094,0.8919685082770379,1.7252704373598715,0.9360741307265771,1.2355864208354668,0.9778941401097645,0.9891326144758095,0.9763029576449577,0.9824159727987106,0.986811656867627,0.8892204778730546,1.7184058699889428,0.9326957337904652,1.234040004789367,0.9707720585933195,0.9820911314096344,0.9695215172706108,0.9752428959055871,0.9803005675771574,0.8846574180143717,1.7070202450904148,0.9270899015516771
2023-04-17,1.2424376505116752,0.9864397648447495,0.9998225579662061,0.9869099030854765,0.993092282261701,0.9957321155729887,0.8969335424792713,1.7360709953952016,0.9400945543437567,1.241505356126597,0.9821247853385291,0.9955477811077281,0.9827928887858787,0.9887372216896652,0.9917866150610256,0.8941702154983147,1.7291634543798682,0.9367016472461263,1.239951532151472,0.9749718916932958,0.9884606294562246,0.9759663690837256,0.9815179904122372,0.9852427004621113,0.8895817559219793,1.7177065530600775,0.9310717380463508
2023-04-18,1.2396398699688205,0.9853398867412122,0.9978035251746874,0.9844552216691589,0.9904118740079603,0.9941145259849261,0.894464843043678,1.7328783450779957,0.9392108570504449,1.238709674968842,0.9810297184273679,0.993537380762622,0.9803484473706597,0.9860685679732533,0.9901754350287543,0.8917091217809103,1.7259835070932825,0.935821139315847,1.237159349968883,0.9738848002423479,0.986464540842204,0.9735389068588042,0.9788688217803913,0.9836421511687252,0.8871332913761132,1.7145476751190025,0.9301965222810973
2023-04-19,1.2402809908493226,0.9864984543567895,0.9989143171755052,0.985706204700821,0.9913825844203379,0.995248971131765,0.8959586201581154,1.7336286998552168,0.9400471311047918,1.2393503147681433,0.982183218125272,0.994643423532787,0.981594211774954,0.987035021477467,0.9913053850369533,0.8931982967766752,1.7267308763322318,0.9366543951629704,1.2377991879661827,0.9750298989093626,0.987562709863872,0.9747760181324672,0.9798282187571347,0.9847646456454194,0.8886148246285592,1.7152900925209242,0.9310247699649776
2023-04-20,1.2316533494607682,0.9789021822377988,0.9912321640741174,0.978669833832275,0.9837696440143728,0.9882316711279533,0.8922957946412108,1.7265606248253669,0.9335736592182174,1.2307291473476143,0.9746201743489386,0.9869941157498404,0.9745871939804753,0.9794554665052542,0.9843158904642657,0.8895467559136473,1.7196909240106681,0.9302042867653225,1.2291888104923627,0.9675219373879259,0.9799678563274372,0.9678176713708919,0.9723040056483857,0.977821268508558,0.8849820217500347,1.7082967847423274,0.9246134290070094
2023-04-21,1.2314186444802782,0.9792858190661331,0.9914172280076818,0.9778559249934365,0.9820778253831155,0.9880100254309625,0.8931327518676662,1.726032573631566,0.9336589061162455,1.2304946184839178,0.9750021330362337,0.9871783884359837,0.9737766804610248,0.9777710670965079,0.9840951230187617,0.8903811345917753,1.719164973845736,0.9302892259976971,1.228954575156656,0.9679011142394423,0.980150817204648,0.9670127877115803,0.9706319048247726,0.9776019577103686,0.8858121187905398,1.7077743193602384,0.9246978577244648
2023-04-24,1.2339801291908943,0.9819832821476349,0.9936671569065126,0.9800589560838673,0.9846230595970974,0.9898990230333893,0.894087963818206,1.734481823739419,0.9365175271045912,1.2330541811199638,0.9776877966157991,0.9894186976838941,0.9759705213401978,0.9803051395590897,0.9859766356351255,0.891333403667698,1.7275806057767842,0.9331375299010264,1.2315109343350847,0.9705672179155836,0.9823751780353278,0.9691913900820542,0.973147474843247,0.979471055904425,0.8867595012709519,1.7161341919214401,0.9275290423108843
2023-04-25,1.210135135598098,0.9616587930975218,0.9740549737681224,0.9595821669913707,0.9635720617609083,0.9696535695055258,0.8796445664207969,1.701548725397652,0.9164675729228694,1.209227080218708,0.9574522128966055,0.9698903671311014,0.9555791536557143,0.9593464577868916,0.9658114029277115,0.8769345043605427,1.6947785428178794,0.9131599382614936,1.207713654586396,0.9504790115768954,0.9629858666665008,0.9489416616735976,0.9523418221749043,0.959438875568056,0.8724344903200284,1.6835494652689753,0.9076715230842605
2023-04-26,1.2014794955246808,0.952432669154139,0.9663561544148906,0.9517905589490688,0.955913475204198,0.9621834948377073,0.8729516571778055,1.6902327384724978,0.9082173863041251,1.2005779351228345,0.9482664467501773,0.9622244643534625,0.9478200492509044,0.9517214568384339,0.9583709277706101,0.8702622150362146,1.6835075803439266,0.9049395274951954,1.1990753344530958,0.9413601461026387,0.9553745362725905,0.9412364523261236,0.9447724949121641,0.9520474934651095,0.8657964400357797,1.6723531807004086,0.8995005199029016
2023-04-27,1.2178777718489775,0.9652133476977542,0.9783036186593158,0.9641476201704066,0.9680853502550626,0.974303271469921,0.8867220546325494,1.7172072279087898,0.9197046268279169,1.2169639065874582,0.9609912188229094,0.9741208467901583,0.9601255614933634,0.9638399539162051,0.9704426808589817,0.8839901878195385,1.7103747427223717,0.916385309274518,1.2154407978182644,0.9539922426389676,0.9671862301910322,0.9534564899759937,0.956802509194689,0.9640395958301604,0.879453967341174,1.6990423295849109,0.9108775084732793
2023-04-28,1.2312032957800092,0.9759682581229269,0.9889377851553793,0.9733421723934133,0.9786026893640758,0.9842904806409618,0.8950818839652981,1.7357056729469398,0.930757229978095,1.2302794313759704,0.9716990840865528,0.9847095465296615,0.9692817575271554,0.9743111707768689,0.9803903165962835,0.8923242616856252,1.7287995854895548,0.9273980223354469,1.2287396573692442,0.9646221216603925,0.9776995506044296,0.9625490866967111,0.9671972708207212,0.973921595998543,0.8877452746731289,1.7173450950522982,0.9218240312218942
2023-05-01,1.2289214400496964,0.9752212662225217,0.9883894437271706,0.9721613703441205,0.977773253266649,0.983305593883967,0.8940383042261171,1.7348850980909412,0.9297651136450544,1.2279992878935793,0.970955359749821,0.9841635495547052,0.9681058813367549,0.9734853720498149,0.9794093323660258,0.891283897069877,1.7279822755659748,0.9264094866619608,1.2264623676333892,0.9638838139277026,0.9771574404980257,0.9613813781905427,0.9663775016350543,0.9729470844075891,0.8867102487176283,1.716533200371053,0.9208414369984939
2023-05-02,1.208178632493505,0.9567148705588827,0.9705114440878037,0.9570085548178413,0.9613651864154661,0.9680865243433808,0.8826037886245323,1.7112650226061192,0.9118822405499372,1.2072720452254992,0.9525299165384943,0.9663619879377907,0.9530162776173547,0.9571492603696502,0.964250567043537,0.8798846096139458,1.7044561804774785,0.908591154869386,1.2057610664454945,0.9455925646982655,0.9594826054624032,0.9463965874772841,0.9501606675200565,0.9578883382466709,0.875369457025461,1.6931629818997649,0.9031301997011392
2023-05-03,1.2032370219957658,0.9518351747264804,0.9651594601726817,0.953941702447521,0.9574412740106701,0.9629415075110854,0.8791206695954379,1.7090562314292312,0.9075015879711267,1.202334142789664,0.9476715659399966,0.9610328866199908,0.9499622189934787,0.9532425557072841,0.9591259368857582,0.8764122215881366,1.702256177717475,0.9042263125589769,1.200829344112833,0.9407695978571488,0.9541914411978739,0.9433637424698325,0.9462824875292325,0.9527975209490318,0.871914887656339,1.690977555676445,0.8987915916414664
2023-05-04,1.192193656887246,0.9436533940085867,0.9563540460261325,0.9462868071947989,0.9469695953513395,0.9546120926399235,0.8718312374983482,1.6991046490195616,0.8993404253577545,1.1912990643483095,0.9395255747526757,0.9522651203343776,0.9423392570642736,0.9428167990590967,0.9508295265849266,0.8691452472133148,1.692344191017799,0.8960946045003917,1.1898080767834198,0.9326829345775111,0.9454860912929611,0.9357937299467456,0.9359328541894777,0.9445558512543565,0.8646852039646368,1.6811312427297123,0.8907087580330794
2023-05-05,1.2603219652145388,1.0126442424195634,1.024369656255534,1.0132359844892909,1.0140322630149314,1.0225614099487323,0.8843550821053797,1.732057687672272,0.9647501936006562,1.2593762508834605,1.0082146367722076,1.0199899274064517,1.0090091477497185,1.0095853732280418,1.0185096007287953,0.8816305076041598,1.7251661149484288,0.9612683015248183,1.2578000603316686,1.0008717286447917,1.0127287758718742,1.0020005288378788,1.0022139198795106,1.0117893650005347,0.8771063958910994,1.7137356987612569,0.955490738017678
2023-05-08,1.2559439455331096,1.011826242649032,1.0226234915610741,1.0125117123460206,1.0112036707926486,1.0215302827585837,0.8805994877851674,1.730274320031219,0.9631459108815802,1.255001516359371,1.007400215174791,1.0182512285011636,1.0082878969954943,1.0067691853821514,1.0174825592890138,0.8778864837455514,1.723389843033967,0.9596698088427115,1.253430801069812,1.0000632385452415,1.0110024544968783,1.0012842879209662,0.9994182943336269,1.0107691000904717,0.8733815845960838,1.7119711958741761,0.9539018528436644
2023-05-09,1.248266526651574,1.005793068116205,1.0169782467078303,1.0059025709758187,1.0042707448044188,1.0155565959433137,0.8739145452769945,1.7202637249454436,0.9572595244665977,1.247329858422469,1.0013934315331205,1.0126301200927987,1.0017063264597161,0.9998666627241654,1.0115325426798356,0.8712221366116445,1.7134190784599197,0.953804667059085,1.2457687447072991,0.9941002027909883,1.0054213618953844,0.9947484332439884,0.9925661702106333,1.004858342329882,0.8667514357466831,1.7020664944970572,0.9480719626428472
2023-05-10,1.2499635131297109,1.0088173387705575,1.0214566251805262,1.0092599607324237,1.0064274884452038,1.0198379779158653,0.8744348210826882,1.7224342273299962,0.9612400835493304,1.249025571524059,1.0044044731324815,1.0170893510992707,1.0050497104579494,1.002013948281989,1.0157969600546801,0.8717408095202412,1.7155809447723964,0.9577708598558926,1.2474623355146444,0.9970893147326896,1.0098488483216446,0.998068593959884,0.9946977774358114,1.009094622620911,0.8672674470706809,1.7042140369531362,0.9520143172139184
2023-05-11,1.2458852322521565,1.0045504797621012,1.0185861149835609,1.0045683443865345,1.001755283272095,1.0166591147699464,0.8726014520562845,1.7179715192671718,0.9576037389084834,1.2449503508872832,0.9998759797055347,1.013947274981929,1.000105951737832,0.9970913390737268,1.0123915081237354,0.8697762458137117,1.7106871492392868,0.9539388228711031,1.243392215279166,0.9921300402148976,1.0062594430225333,0.992709463650821,0.9893629181791574,1.0053156292564478,0.865086063211026,1.698609549607154,0.9478593766958087
2023-05-12,1.2451388287889542,1.004463135885311,1.0183382233754097,1.0041620048129232,1.0018345305708058,1.0157077864092918,0.8729473036815434,1.7172513662392004,0.9574467666741729,1.2442045075067196,0.9997890422682069,1.0137005123205511,0.9997014171650811,0.9971702174150833,1.011444173132319,0.8701209776812985,1.7099700497317454,0.953782451396831,1.2426473053696672,0.9920437762732259,1.006014551336029,0.99230792089623,0.9894411851371856,1.0043749154462565,0.8654289361460243,1.697897512884326,0.947704001775968
2023-05-15,1.2507403966352637,1.0086177415661886,1.023848915487955,1.0097343213956111,1.0074317377469006,1.0208654436344875,0.8756004312633822,1.7297122753400307,0.9624145721092255,1.2498018720755057,1.0039243152177966,1.0191861076654964,1.005248980962462,1.0027413652707313,1.0165801801780854,0.8727655152790283,1.72237812333923,0.9587312441765756,1.248237664475914,0.9961470136757128,1.0114585544441295,0.9978144565510747,0.9949691512161928,1.0094750255456086,0.8680592133356404,1.7102179844160579,0.9526212559301575
2023-05-16,1.2343619730888136,0.9945964844927804,1.0090723942122857,0.994705549299273,0.9931718325363131,1.0064246692981675,0.8644126334746096,1.7049764799311233,0.947831175884485,1.2334357384916967,0.9899683036131859,1.0044768815521803,0.9902869681687603,0.988547850927541,1.0022000235489583,0.8616139400247004,1.6977472101618798,0.9442036611452593,1.2318920141631737,0.982299117901079,0.9968608548977286,0.9829630983827093,0.9808856503176275,0.9951953757318626,0.8569677718507757,1.6857609676218437,0.9381862570949955
2023-05-17,1.250374430659239,1.0066541930642878,1.0214603335759218,1.0073835598610397,1.0056511583287548,1.0187600363625406,0.8742074391004883,1.7300284847388483,0.9617283974919151,1.2494361807112688,1.0019699037456105,1.016808403821756,1.0029086617447818,1.0009690758243839,1.0144836107259507,0.8713770331821505,1.7226929919787617,0.9580476956688523,1.2478724307979905,0.9942077428342754,1.0090988785472563,0.9954914456427623,0.9932105987247777,1.0073931095860813,0.8666782184914971,1.7105306300556877,0.9519420636728154
2023-05-18,1.2580996610779478,1.0127388763090408,1.0282103222193448,1.0135442758063093,1.012633130344324,1.0258655595548931,0.8806995649623515,1.7441157032637737,0.967386649922998,1.257155614308753,1.0080262729805203,1.0235276516992593,1.0090420111761664,1.0079185413701404,1.0215593072265834,0.8778481396032721,1.7367204792967093,0.9636842929839038,1.255582203026767,1.0002171939807636,1.0157671805325517,1.0015794346341618,1.00010619920058,1.0144193521245477,0.8731144301096133,1.7244590820966437,0.9575427389882931
2023-05-19,1.2503622595596984,1.0069867985154195,1.0231849576864231,1.0077052774850623,1.006896773999187,1.019895511577936,0.8760388219485938,1.7337591072975347,0.9618648749266306,1.2494240187446193,1.0023009614754166,1.0185251736574013,1.0032289502670728,1.0022088921922552,1.0156143195830796,0.873202486594495,1.7264077963269322,0.9581836507806916,1.2478602840528261,0.9945362358928673,1.010802631692256,0.995809365405788,0.994440805318351,1.0085159156122965,0.8684938283263953,1.7142192075629956,0.952077152343574
2023-05-22,1.2566034558103625,1.0105108336842663,1.0273331593686403,1.0112501737254453,1.0109495908306902,1.0247176816459167,0.8782480464877331,1.742328673044613,0.9665636487546387,1.255660531756476,1.0058085981626261,1.0226544836194043,1.0067580997252563,1.0062428400326346,1.0204162477383756,0.8754045583665325,1.7349410262633291,0.9628644415841368,1.2540889916666706,0.9980166992685006,1.0149006328851746,0.999312414317445,0.9984434861668757,1.0132842817891645,0.8706840256436351,1.7226921921560014,0.9567281124963893
2023-05-23,1.2497997800323655,1.0044636067659498,1.0206550511346624,1.0030470606227682,1.0031423250386309,1.0178198459508467,0.8704978425910842,1.7331660905280175,0.9594380550082736,1.2488619612879672,0.9997895109576852,1.0160067887939297,0.998591425668076,0.998471923090044,1.013547366929982,0.8676794471675618,1.7258172940074703,0.9557661187241894,1.247298930047309,0.9920442413318136,1.0083033414307596,0.9912061385683334,0.9907328013359438,1.0064634094519642,0.8630005713447276,1.7136328742411202,0.9496750272038071
2023-05-24,1.2380369465247547,0.995777577649119,1.0113550134729208,0.9939698134659999,0.9937680442867937,1.0078067194700342,0.8643667661656588,1.7154779710159052,0.9504956712105098,1.2371079543187564,0.9911439007589835,1.0067491053191218,0.9895545005473436,0.989141286852048,1.0035762723205195,0.8615682212195221,1.7082041738804925,0.9468579589843121,1.2355596339754311,0.9834656078130382,0.9991158504764542,0.9822360478753759,0.9814744865405635,0.996562005527444,0.8569222995797442,1.696144104269728,0.940823639110456
2023-05-25,1.2309759920157737,0.9889201034597708,1.004069108879597,0.9867400876890922,0.987939591816262,1.0016545106924368,0.8601104915815895,1.7087784138002393,0.9441824704637934,1.2300522981748399,0.9843183366270508,0.9994963821575674,0.9823568899324747,0.98333997032733,0.9974498885285902,0.8573257271001732,1.7015330234534345,0.9405689199547276,1.2285128084399548,0.9766929206456776,0.99191811806076,0.9750916686617153,0.9757181358219743,0.9904784406936532,0.8527026826914145,1.6895200527432372,0.9345746800874274
2023-05-26,1.2381619144808773,0.9962333476397659,1.0112299000496514,0.9932764131691225,0.9954335802063944,1.0092779278920387,0.8660894397506507,1.7217561691548406,0.9512807865140112,1.2372328285020258,0.99159754990365,1.0066245616868048,0.9888641804036532,0.9907990684161498,1.0050413050846772,0.8632853173348057,1.7144557518351937,0.9476400695150144,1.235684351870611,0.9839157425830264,0.9989922511442411,0.981550833135478,0.9831194186964148,0.9980167987802143,0.8586301364236165,1.7023515455419038,0.9416007652556185
2023-05-30,1.2327484348429545,0.9913342114173492,1.00492619286887,0.9881839246697912,0.9905291471853802,1.004050983133483,0.8627870553540139,1.7148175022199628,0.9468892806426338,1.2318234110049018,0.9867212109552481,1.0003495628190455,0.983794313245488,0.9859174693170691,0.9998363013522401,0.8599936250095502,1.7075465055379033,0.9432653707002956,1.2302817046081518,0.9790771801461088,0.9927648298360165,0.9765184612166652,0.9782756567051273,0.9928481742307504,0.8553561942245016,1.6954910791226732,0.9372539463691923
2023-05-31,1.2184310184822107,0.9819983098193606,0.9952986027954894,0.9784519005884559,0.9811333755949528,0.9935290684426866,0.8540503017167712,1.6968027351801762,0.9369318906686341,1.2175167380781455,0.9774287523433782,0.9907658186702214,0.9741055197845084,0.9765654422969277,0.9893585542613924,0.8512851582045808,1.6896081229012412,0.93334608938933,1.2159929374047083,0.9698567092843077,0.9832537504266478,0.9669013232090774,0.9689961169268229,0.9824436589564698,0.8466946869676933,1.6776793430231232,0.9273978805762262
2023-06-01,1.2232435375685435,0.9872004859033846,1.001365832331543,0.9850855260982365,0.9863573952124057,0.9996677957566924,0.8565068877559979,1.7093286793982718,0.943136981072711,1.2223256459695662,0.9826067210103645,0.9968054168586091,0.9807096780690132,0.98176514007012,0.9954715131805607,0.8537337905987648,1.7020809558706287,0.9395274318333569,1.220795826637942,0.9749945647444633,0.9892475558828883,0.9734566390904436,0.9741555120202695,0.9885138927475768,0.8491301153532477,1.6900641167100465,0.9335398293633659
2023-06-02,1.2592359785249867,1.0166010873916436,1.0308123607612336,1.014714466574048,1.0151941531884054,1.0291849700233007,0.8809013389609412,1.7632672851120506,0.972054483973295,1.2582910790913746,1.0118705119389864,1.0261178400496953,1.0102070038399547,1.010467640675774,1.0248647838818072,0.8780492603217659,1.7557908565340612,0.9683342624215476,1.256716246702026,1.0040316520034296,1.018337729861046,1.0027358113564644,1.0026355405246081,1.0177017259067989,0.8733144663044728,1.7433948208168304,0.9621630741996794
2023-06-05,1.251349820005982,1.009785861040392,1.0255410248219206,1.0091576599260002,1.0100484675835866,1.0221141865594867,0.8748008585633859,1.7526676324684467,0.9656141682766398,1.250410838150048,1.0050869990522209,1.0208705108032456,1.0046748810805393,1.005345912209913,1.0178236812835517,0.8719685313413795,1.745236147471394,0.9619185949330431,1.248845868390163,0.9973006903144339,1.013130186298209,0.9972446025422312,0.9975535104010562,1.010709835484542,0.8672665270552532,1.7329146289154975,0.9557882937201106
2023-06-06,1.2676210641180703,1.0244127410261212,1.0385557482148304,1.021275169812463,1.02288208186344,1.03574526411329,0.8856134873539688,1.7769962718860925,0.9786650262384446,1.2666698727242833,1.0196458154087964,1.0338259626052737,1.0167385637810866,1.018119776107748,1.0313975399757735,0.8827461522755283,1.7694616310393616,0.9749195049918664,1.2650845537346433,1.0117467209727404,1.025987408794957,1.0092190658103524,1.010228364516353,1.024188822796377,0.87798603073172,1.7569690784685321,0.9687063490601223
2023-06-07,1.2832917517080316,1.0389095661809413,1.0527208055768416,1.0347321028192193,1.0354563354015336,1.0497018597191685,0.8959638150718302,1.8005571812065093,0.9923661260622727,1.2823288014191045,1.034075182121884,1.0479265095309558,1.0301357197510101,1.0306354867883023,1.04529555030041,0.8930629689209381,1.7929226397620335,0.9885681683240289,1.280723884270898,1.0260643048210365,1.0399810442095823,1.0225171403735918,1.022647066351134,1.0379896961569395,0.8882472149611167,1.7802644504349776,0.9822680295458976
2023-06-08,1.2773057178197273,1.035535779677742,1.0495735715204555,1.0320526952907492,1.0325002627604853,1.0464312338704946,0.8926668148125904,1.7919324866156623,0.9883862172161122,1.2763472593021024,1.0307170949444209,1.044793608592821,1.0274682144176714,1.0276931769474853,1.0420386534828403,0.8897766433009533,1.7843345147336458,0.9846034912811341,1.2747498284393988,1.022732232410013,1.0368718971850408,1.0198693631214486,1.0197275622533426,1.0347555626746798,0.8849786105278439,1.7717369583140914,0.978328619365098
2023-06-09,1.2694984586427533,1.029176534257984,1.0422466076077523,1.0249003148413298,1.024876244990826,1.0398081520656333,0.8882631659376572,1.7802351873091584,0.9823887340222609,1.2685458584986977,1.0241267656172313,1.037226665939004,1.0200787911962188,1.0198357816513839,1.035198009483843,0.8852398181213209,1.7724067141163864,0.9783885350645186,1.2669581915919435,1.0157618641786286,1.0289102033414461,1.0120898794124566,1.0114864207133314,1.027556648394013,0.8802218515676467,1.7594298331715055,0.9717551140294797
2023-06-12,1.2736440200423527,1.032692598448012,1.0454404361008898,1.0285994390000872,1.02940096115785,1.0434480819488088,0.8914156587876597,1.7878924055622134,0.9852457118396806,1.2726883091718841,1.027625577848927,1.0404051114770725,1.0237605132580703,1.0243382447258296,1.0388218012018045,0.8883815809503797,1.780030260229798,0.9812338795240916,1.2710954577211084,1.0192320986790775,1.0320631641669598,1.0157427674734267,1.0159520222753697,1.0311536909289412,0.8833458053686059,1.7669975626094871,0.9745811672084277
2023-06-13,1.2878082419845915,1.044698890972319,1.0579689985866552,1.040470501512214,1.0411443807427274,1.0557869385179532,0.9001245124298155,1.8121991507578672,0.99758654398767,1.286841902633426,1.039572960169335,1.0528733306118374,1.035575729745207,1.0360239087756493,1.0511059516331225,0.8970607925960512,1.804230118029604,0.9935244609086241,1.2852313370481552,1.0310818967170368,1.0444314133708528,1.0274654511846286,1.027542016190146,1.04334716534633,0.8919758190536132,1.7910202383488498,0.9867884191198857
2023-06-14,1.2800905968710645,1.0388835353073114,1.0518124558197954,1.034595368007496,1.034932776175783,1.0499535033343446,0.8966556885941126,1.8002611616982709,0.9908050756422078,1.2791300486492987,1.0337861381909152,1.0467464406021516,1.0297282351188277,1.0298428536191842,1.04529837984353,0.8936037754651303,1.7923446255322568,0.9867706060950237,1.2775291349463611,1.025342340562651,1.0383536486423406,1.0216637521567162,1.0214115651225038,1.0375824624114809,0.8885383979643335,1.7792217668607782,0.980080355074454
2023-06-15,1.2929885365309362,1.0493773056102758,1.06254974701937,1.0450015647276167,1.0460420716909111,1.0601826813132493,0.9066466876185305,1.821979540729746,1.001893523633331,1.2920183100152784,1.0442284196477631,1.0574320160416473,1.0400854771037267,1.0408975122968944,1.0554822052553448,0.9035607685032123,1.8139674993466404,0.9978139029188331,1.290401265822521,1.0356993311569678,1.0489535473523477,1.03193987972844,1.03237571968474,1.047691115453822,0.898438949960093,1.8006863263012989,0.9910487789466478
2023-06-16,1.2894324740063479,1.0462473384587831,1.06002280772463,1.0416528935302916,1.0436447032044442,1.057118023526811,0.9053184823426534,1.816499973664041,0.9992869967506006,1.2884649158717743,1.0411138100267252,1.0549172476551814,1.036752559338344,1.0385119343539457,1.0524311350805555,0.9022370839895085,1.8085120283353149,0.9952179895801698,1.2868523189808234,1.0326101611625216,1.0464589423283503,1.0286330642467634,1.0300096723874599,1.044662566892002,0.8971227687290945,1.7952707981525502,0.9884704657591807
2023-06-20,1.2776138216002553,1.0356551930256588,1.049304655932718,1.031099685205307,1.034010722535397,1.0468613054397449,0.8980637345776755,1.798544166798963,0.9900281622002409,1.276655131889198,1.030573636128188,1.0442507194391095,1.0262489973474795,1.0289253347483316,1.0422198916637049,0.8950070289357162,1.79063518101092,0.9859968561750244,1.2750573157041079,1.0221560776961134,1.0358779381215117,1.01821176259783,1.0205015579475127,1.0345266982318737,0.8899336971169622,1.7775248382354027,0.9793118511368138
2023-06-21,1.278178725207303,1.0382770597628188,1.052284175346057,1.0339042350169418,1.0358524465856809,1.0481385178571367,0.8991118854345356,1.8011736313185618,0.9911789053865349,1.2772196116065957,1.0331826383858456,1.0472158881090192,1.0290403534825834,1.0307580009805597,1.0434914413717407,0.8960516122410601,1.7932530826243087,0.9871429136381061,1.2756210889387551,1.0247437700461781,1.0388193321285164,1.020981257776591,1.0223192202034859,1.0357888619380298,0.8909723592199592,1.7801235725790605,0.9804501383926512
2023-06-22,1.2734308048773637,1.0328594303835927,1.0469769509200724,1.0288220192896829,1.0305289035020342,1.0433448281749944,0.8958628984648677,1.7958083718073574,0.985758969949696,1.2724752539982647,1.02779159120514,1.0419342257302957,1.0239820464447293,1.025460639715333,1.0387190052188033,0.8928136837257294,1.787911416507143,0.9817450476930425,1.2708826691997712,1.0193967560651032,1.033580018012779,1.01596256568716,1.0170652282551809,1.0310516537391539,0.8877527848462528,1.774821016088764,0.975088869685005
2023-06-23,1.2635593928431161,1.0238324256253195,1.0370412990296263,1.0193052397720577,1.0208089823833946,1.0337205217530612,0.8882647350353687,1.7802601268725795,0.9764531838387883,1.2626112492266741,1.0188088784454024,1.0320464285342827,1.0145100375031348,1.0157885223254852,1.0291373695768287,0.8852413818783534,1.7724315440096332,0.9724771539098994,1.2610310098659423,1.0104874126473349,1.0237715009763042,1.0065647383132077,1.0074722961621976,1.0215407453755365,0.8802234064605496,1.7594544812698143,0.965883811717459
2023-06-26,1.2685034227488647,1.0279963325576216,1.0418163049304385,1.0230194792404328,1.0262206932048157,1.0378715982232933,0.8919161294185722,1.7888182260024375,0.9812209074448478,1.2675515692550547,1.0229523547072124,1.0367984357983855,1.0182068037663983,1.0211736177090596,1.0332700416381728,0.8888803481482923,1.780952009432385,0.9772254637723569,1.2659651467653763,1.0145970456665825,1.0284854067415032,1.0102325527544969,1.0128133039526004,1.025642911930497,0.8838417453133088,1.7679125631185786,0.9705999282973976
2023-06-27,1.2827074385433586,1.0423695568438103,1.0551616465394529,1.0358936197999862,1.038349526980232,1.0510259093128596,0.9016229803908982,1.8133336948347407,0.9926670960629211,1.2817449267085321,1.0372550551766886,1.050079500070407,1.0310203794376211,1.0332428004365626,1.0463660311521987,0.898554160278284,1.8053596730196677,0.988625044535317,1.2801407403171599,1.0287829239967008,1.0416599837066507,1.0229457768386114,1.0247836766906597,1.0386422328035592,0.8934607216070434,1.7921415231712876,0.9819222205230195
2023-06-28,1.2808422395671455,1.0420138711346068,1.0534356696637541,1.0347564186647276,1.0376027240461216,1.0494261020162319,0.90116269034252,1.813346898868087,0.9911231749868104,1.2798811273313508,1.0369011146788074,1.0483618362975522,1.029888528132081,1.0324996703681562,1.044773316836835,0.898095436901773,1.805372818989101,0.987087410167579,1.2782792736050312,1.0284318744274423,1.0399560921274649,1.021822789809351,1.0240466306029066,1.0370612751812003,0.893004598496035,1.7921545728909838,0.9803950112326343
2023-06-29,1.2941990664019682,1.054460969266188,1.066548620070489,1.0470944476938253,1.048106495984435,1.0618236715978522,0.9097697690343239,1.8336798719763423,1.0025119256897719,1.2932279315347317,1.049287139744961,1.0614116286707982,1.0421685143468324,1.0429517835060635,1.0571159199678408,0.9066732200046504,1.8256163791163962,0.9984297868974743,1.2916093734226757,1.0407167324482918,1.0529012515272809,1.0340066033289907,1.034413172645228,1.0493127708270213,0.9015337585841838,1.8122499174492563,0.9916604872654231
2023-06-30,1.3036007433492693,1.0636610239055297,1.0760611766807382,1.0562781195852142,1.0549670224617884,1.0715878217653945,0.9164961094325739,1.8491461279037666,1.0104847153529055,1.3026225536969298,1.0584420532973615,1.070878368409152,1.0513089827280535,1.0497785690977564,1.0668367793375826,0.9133766662119277,1.8410146231480982,1.0063701120750166,1.300992237609702,1.0497968701505576,1.0622920871363444,1.0430754866560081,1.0411840675749364,1.0589618752321408,0.908199206422913,1.8275354214546606,0.9995469774702832
2023-07-03,1.309428746447874,1.0684909813625725,1.0813329643262202,1.0605014385338045,1.0602341580802161,1.076952749139392,0.9185166444633588,1.8569480481085583,1.0157409361347514,1.3084461836066161,1.0632483120332512,1.0761247646872962,1.0555124335666661,1.055019800316391,1.0721779205159383,0.9153903240238799,1.8487822348954395,1.0116049299965029,1.306808578871191,1.0545638721440558,1.0674964179143893,1.0472460174905711,1.046382389011436,1.0642635905344788,0.910201449850487,1.835246161733355,1.0047463036110806
2023-07-05,1.2978159148496318,1.0575834048828239,1.0695626788811763,1.0499178494148822,1.0502854980750989,1.0659928762430477,0.9106808015817781,1.841579524922157,1.00548322702981,1.296842065989063,1.0523942547854521,1.0644111703803452,1.0449786337047555,1.0451200690051305,1.0612666398302149,0.9075811517050036,1.833481293831128,1.0013889893645187,1.2952189845547861,1.0437984690767106,1.055876742971581,1.0367947147833616,1.036563706464491,1.0534328519623495,0.9024365436894426,1.820057248280401,0.9945996265007468
2023-07-06,1.2858269027790712,1.0462018935578574,1.058362295067931,1.0395626342228248,1.039771721964788,1.0556932699484358,0.9033451688880147,1.8231621970964298,0.9946881225197021,1.2848620501756838,1.041068588106239,1.0532647327953721,1.0346721334112845,1.0346580008969342,1.0510126983570032,0.9002704870274055,1.8151449550557208,0.9906378415533371,1.2832539625033763,1.0325653086073523,1.0448196772995326,1.0265689315113153,1.0261872909528846,1.043254600423501,0.8951673193877588,1.8018551611320939,0.9839213708867708
2023-07-07,1.2972710842980193,1.0569472747622146,1.0691539142402897,1.0499913989586167,1.050201631721721,1.066587586332157,0.9082690940183882,1.8427050932187221,1.0058397642588066,1.2962976442647778,1.0517612459077275,1.0640043745390098,1.0450518372432647,1.0450366151164594,1.0618587131845572,0.9051776527796334,1.834601912511317,1.0017440748058446,1.29467524420938,1.0431706305129058,1.0554732088111398,1.0368673450165375,1.0364809358099745,1.0540205549003552,0.9000466689560398,1.8211696622211915,0.9949523044821003
2023-07-10,1.3076007477311524,1.0675336772717945,1.0792028088512597,1.0608918307484836,1.0598564605490204,1.076992062574151,0.9163167202562132,1.8613700709200682,1.0159164635525817,1.3066195565747745,1.0622957050610107,1.0740048690262334,1.0559009892268365,1.054643960346602,1.0722170596487943,0.9131978876157366,1.8531848121374626,1.0117797426824051,1.304984237980816,1.053619045911173,1.0653935195342055,1.047631530114342,1.0460096260307261,1.0643024407600494,0.9080214412300934,1.8396165049964244,1.0049199310764838
2023-07-11,1.3224556714836009,1.0800977628694775,1.0919499996168067,1.0723040607286158,1.0724555203835167,1.0886068555252038,0.9247603046025092,1.8835831846745483,1.028308323597481,1.3214633335610255,1.0745465472301095,1.0864362938516325,1.0670094498927163,1.0669220211467851,1.083517005146199,0.92146854371249,1.8749426129530375,1.0239258884430047,1.3198094370234048,1.0653539229319962,1.0773047193712666,1.0582394543147462,1.057758975688789,1.0750832958351986,0.916006262245375,1.8606233140353263,1.016660506768808
2023-07-12,1.3306132114359606,1.08952304172026,1.1009147340254906,1.0813211456353182,1.081270785273254,1.0984965208138788,0.9310304429687637,1.8964449824592966,1.0351714919172164,1.3296147522978132,1.0839233843961107,1.0953557616200766,1.075982012021595,1.0756918023212432,1.0933604306777367,0.9277163630019564,1.8877454097405744,1.0307598073737918,1.3279506537342392,1.0746505423155348,1.0861492183774244,1.0671382688960271,1.066453439359282,1.0848501036586953,0.9222170457100727,1.873328333390681,1.0234459348567293
2023-07-13,1.3372222437492656,1.0959952388936305,1.1077092906869757,1.0881744695462394,1.0887960982573957,1.104429336249188,0.9360081343012042,1.9085969345656901,1.040978365888136,1.3362188253572564,1.0903623173933992,1.102116009763544,1.0828014969456379,1.0831782872953999,1.0992655068582922,0.9326763358298621,1.8998416171288233,1.036541933661508,1.334546461370579,1.0810343909685691,1.0928526461534416,1.0739017029082116,1.0738756281611046,1.0907092168356896,0.9271476168097912,1.8853321597064818,1.0291870334149555
2023-07-14,1.3249646609172283,1.083393350652496,1.096842669564655,1.0783105976845109,1.0778902311336414,1.094071102438879,0.9313385377411951,1.8911640592786412,1.0299251177204678,1.3239704403112362,1.0778251971774329,1.0913042586916386,1.0729863289588228,1.0723286906707556,1.0889557036269544,0.9280233610855299,1.8824887117684839,1.0255357921273558,1.3223134059679207,1.0686045243994762,1.0821317686198513,1.0641672080399431,1.0631192111176313,1.080479661429807,0.9225222239703285,1.8681117818364394,1.0182589871999161
2023-07-17,1.3276277462401247,1.0880597891048616,1.1022260736100924,1.0845115885542673,1.0817805623397343,1.0990488910312146,0.9329874717009863,1.8976812774188525,1.0338298991216528,1.3266315273209839,1.0824676522395837,1.096660479710443,1.0791567018027275,1.0761989491145283,1.0939102182530966,0.9296664255283316,1.888976033437319,1.0294239321663246,1.3249711624557536,1.0732072637831234,1.0874429702192536,1.070286865173166,1.0669562306242075,1.0853956118839654,0.9241555486553094,1.874549558576534,1.0221195385025275
2023-07-18,1.3378314890233525,1.100113534862942,1.1134712722173554,1.0958180382289102,1.0913003850301486,1.1114870902184106,0.93758100295507,1.9181726624003086,1.0442427851837914,1.3368276134688064,1.0944594471777795,1.1078488966734794,1.090407324727146,1.0856696528153063,1.1062902618513162,0.9342436057274943,1.9093734181733673,1.0397924406844026,1.3351544875445678,1.0850964702705808,1.0985373477403149,1.0814450166454277,1.0763455970887026,1.097679293645251,0.9287055962445266,1.8947911645451911,1.0324144760985043
2023-07-19,1.3448383047686832,1.1064602885693413,1.1169653029622917,1.0997968232187791,1.0966322972885234,1.1157930329052177,0.9409770002546878,1.9298389633242514,1.0496001582813477,1.3438291714734576,1.1007735814309725,1.111325284616576,1.0943664640596937,1.0909740542521587,1.1105760718300615,0.9376275146934782,1.920986202209562,1.0451269817775302,1.342147282648087,1.0913565878186742,1.1019845163949868,1.0853716149030652,1.0816044427393494,1.101931744410111,0.9320694460740837,1.9063152595064605,1.0377111653533928
2023-07-20,1.3433385134084481,1.1046970193206012,1.1140779285008973,1.0969580427621395,1.0943109344524795,1.113026568984978,0.9378736022965855,1.9310878385261931,1.0479534461498108,1.3423305055194459,1.0990193745913648,1.1084524896993178,1.0915417003715409,1.08866466884477,1.1078225426872959,0.9345351635374216,1.922229348439276,1.0434872875889283,1.340650492371114,1.0896173880203708,1.0991358675237528,1.0825700685960296,1.0793148910246289,1.0991996477545691,0.9289954257579942,1.9075489115882798,1.0360831057999178
2023-07-21,1.3449762813593997,1.104703647539863,1.1125159638549134,1.0960014297748883,1.09463107340726,1.112766808108537,0.9377774835136734,1.9337832794929122,1.0465786623465443,1.343967044529964,1.0990259687445674,1.1068984120568381,1.0905898107586325,1.0889831559933654,1.1075639963393034,0.9344393868972777,1.9249124245945104,1.0421183628268957,1.3422849831475765,1.0896239257613378,1.0975948520146177,1.0816260027823357,1.0796306429103253,1.0989431138389907,0.928900216862642,1.910211496572627,1.0347238943979942
2023-07-24,1.353290186408356,1.1074808983097244,1.1147737828627289,1.0985150427013752,1.0970300236645179,1.1149183620999557,0.9393059881220901,1.941961371845728,1.0498644768440926,1.3522747110308595,1.101788945697337,1.1091448304055718,1.0930910124645288,1.0913697284977326,1.1097054906036103,0.9359624506669547,1.933053001538347,1.0453901738698044,1.3505822520683706,1.0923632657584665,1.0998223890570276,1.0841066465373137,1.0819967188161475,1.101067939476935,0.9304142522145189,1.9182899023578284,1.037972489936479
2023-07-25,1.3572069485359932,1.112828568010779,1.119590756077003,1.1024550222024336,1.1024215952144492,1.1199728877613002,0.9432904026600158,1.9480164062437972,1.053949074171716,1.3561885341173805,1.1071091307866285,1.113937480736022,1.097011537914331,1.096733481404849,1.1147363835097297,0.9399326823513559,1.9390802596431158,1.0494573634973152,1.354491176753031,1.097637937265449,1.1045747568198772,1.087994948288571,1.0873144062088784,1.1060596737098232,0.9343609491585344,1.924271129128166,1.042010820361074
2023-07-26,1.3642257461958862,1.1156079377591814,1.1219247832667545,1.1045290604159432,1.1053962462204268,1.122759821750008,0.9462486842718449,1.9548356559635123,1.0575613983007834,1.3632020650456627,1.1098742158273451,1.1162597224601598,1.099075335352298,1.099692784241361,1.1175102870118605,0.9428804337147919,1.9458682273802939,1.0530542926559352,1.3614959297952953,1.1003793673160702,1.1068774799368168,1.0900417829016944,1.0902482936674365,1.1088119861379953,0.9372912268406907,1.9310072558445037,1.0455822271029964
2023-07-27,1.3537512516390526,1.1034844110511237,1.1109820292755868,1.0945498907159337,1.0938903242644848,1.1114179385591016,0.9373698367059243,1.9367450781839575,1.0467646667623773,1.352735430289647,1.0978129985818006,1.1053722229456524,1.0891454388220563,1.088246228859744,1.1062214335149754,0.9340331911421009,1.9278606366097863,1.0423035745307843,1.3510423947073098,1.0884213324212595,1.0960814906316834,1.080193502470231,1.0789000447273591,1.0976110010440931,0.9284964289547658,1.913137192523236,1.0349077919113394
2023-07-28,1.3659036415892387,1.1135110378174804,1.1221552046456056,1.1052551546600171,1.1038900962876323,1.1217397303766286,0.9429199448764819,1.9554790794075025,1.0570845357478253,1.3648787013879444,1.1077880930061517,1.116488980346465,1.099797844431871,1.0981944055208408,1.1164949651403788,0.9395635432429826,1.946508699244306,1.0525794623915117,1.3631704677191263,1.0983110910399003,1.1071048108942485,1.0907583535133059,1.0887627834715667,1.107804567169265,0.9339939982330613,1.9316428363011704,1.0451107660502907
2023-07-31,1.3738569920530461,1.118780627442891,1.1274998711303024,1.1107843725761282,1.1083438869576974,1.1263003337386337,0.9456692896670262,1.9649382043491954,1.0614054118709668,1.3728260838549053,1.1130305993161929,1.1218066594064446,1.1052997612697106,1.1026252161728025,1.1210342451121877,0.9423031015130529,1.9559244322890301,1.0568819238436973,1.371107903524677,1.103508748300812,1.1123777944827369,1.0962150488338074,1.0931555409962943,1.1123085150073078,0.9367173169489234,1.9409866595737952,1.0493826989017823
2023-08-01,1.3714364378679516,1.113924371226142,1.1229034901257566,1.1070550978715552,1.1045914016563056,1.1220804146533612,0.9452792368172793,1.9593808971464752,1.0575671557536837,1.3704073459936115,1.1081993020674057,1.1172334874247045,1.1015889002399377,1.0988920923965801,1.1168340565261736,0.9419144370887276,1.9503926181528515,1.0530600255717746,1.3686921928697178,1.098718782254098,1.1078430603374343,1.0925346882225873,1.0894544784037234,1.1081410191888437,0.9363309564496711,1.935497092970755,1.0455879193402846
2023-08-02,1.3563432044294057,1.1011230015879456,1.1103663325328077,1.0947542969068749,1.0931417445246698,1.1102414612184108,0.938689963980197,1.9419009140112717,1.045267087247988,1.3553254381429385,1.0954637256988409,1.1047596351095827,1.0893488357365495,1.0875015115322528,1.1050504568686885,0.935348619314012,1.932992821042454,1.0408123773872848,1.353629160998833,1.0860921573023685,1.0954740516400352,1.0803952276187985,1.0781617232550382,1.096449138861721,0.9298040595312257,1.9182301814720077,1.033427175725428
2023-08-03,1.3532700064382166,1.0995049868507307,1.10746121684946,1.0889008391283648,1.0882998630784608,1.1065658881493359,0.9345432419967064,1.9395072663237654,1.0441106190264053,1.3522545462032687,1.0938540268280434,1.1018691885531158,1.0835242800037526,1.082684612518208,1.1013920691745576,0.9312166579308403,1.9306101537484277,1.0396608377915562,1.3505621124783616,1.0844962292235303,1.092607899492878,1.0746185452464723,1.0733861932105688,1.0928192267505412,0.925696591589789,1.9158657110683655,1.0322838070088327
2023-08-04,1.364250455278592,1.1108878104387383,1.1125310614601658,1.0948920878278514,1.093199735856735,1.1167609877682587,0.9305996817395263,1.9506585247502635,1.054981028948258,1.3632267555872855,1.1051783478336976,1.1069134334280568,1.0894859463007784,1.087559203649119,1.1115395009587647,0.9272871351029891,1.941710257944519,1.0504849202982827,1.3615205894351143,1.0957236719425205,1.097609747130141,1.0805312112398293,1.0782189198947478,1.1028876745506349,0.9217903621883533,1.9268810416245046,1.0430310860168177
2023-08-07,1.3648895653110718,1.1113330984589604,1.1145433754037959,1.0975720483317917,1.0957876848703632,1.1173857847658955,0.93401139002026,1.954685151889348,1.0541759157543342,1.3638653860474548,1.1056213472742127,1.1089155863688973,1.092152674225972,1.090133799741699,1.112161376678422,0.9306866991255504,1.9457184137143142,1.0496832383285195,1.3621584206080994,1.0961628815728766,1.0995950718328198,1.0831760207161152,1.080771404585965,1.1035047098118387,0.9251697742744395,1.9308585863344307,1.0422350924719272
2023-08-08,1.3601815389486365,1.1076703135139554,1.1089883823794708,1.0928523522771034,1.0920082035527738,1.1133305128152604,0.9288905409749098,1.9492424916989652,1.0517615594440197,1.3591608924711842,1.1016829911760686,1.103103211859754,1.087146084943424,1.0861512771323298,1.1078387990190721,0.9254188675098204,1.9397998996577752,1.0470648870521282,1.3574598150087704,1.0917717548488894,1.0933598309663384,1.077697835694727,1.0764553669905852,1.09874238056197,0.9196594504441687,1.9241569462046821,1.0392807133881516
2023-08-09,1.3546634463106497,1.1028138583356468,1.1047710503605128,1.0878311451683904,1.0876803556600438,1.108784080671192,0.9270137999962659,1.9476273791252845,1.046007077402025,1.3536469404729958,1.0968527867352018,1.0989082603440221,1.0821510957863314,1.0818466414156478,1.103314793013371,0.9235491407395994,1.9381926110717198,1.0413361018201124,1.3519527640769127,1.0869850051024361,1.0892019322032482,1.0727462573572146,1.072189158113682,1.0942555209820548,0.9178013600654743,1.9225626191310703,1.0335945175502423
2023-08-10,1.3495601480242,1.0973659148382746,1.0993562249424764,1.084127620031924,1.0825849101398395,1.104993454014188,0.9225406794961322,1.94259367653442,1.0422277839691927,1.3485474715749552,1.091434291164166,1.0935221702774338,1.0784669083988865,1.0767785250394868,1.0995428643408998,0.919092738262808,1.9331832929277495,1.0375736849340291,1.3468596774928872,1.0816152567577553,1.0838634158600258,1.0690940887768072,1.067166284055056,1.0905145634595608,0.9133726923597983,1.917593697179806,1.0298600715251818
2023-08-11,1.350014067135919,1.098141527223465,1.1007681476244497,1.0849520297824329,1.0838718285967779,1.1062366573122069,0.9235214568422484,1.9443935282364186,1.0427881915483628,1.3490010500770355,1.092205711109329,1.0949266001796125,1.079287013540068,1.0780585411794947,1.100779935302991,0.9200698500115934,1.934974425722055,1.0381315899965577,1.3473126883122364,1.0823797366616859,1.0852554408527382,1.0699070664878383,1.0684348736822615,1.0917414768832607,0.9143437229768081,1.9193703859033935,1.0304138289652005
2023-08-14,1.3462097055067974,1.0943469957081855,1.0971882781446747,1.0819313694869175,1.0803257874549923,1.102188658126097,0.9205872558544237,1.943539911422143,1.039516386330387,1.345199543146485,1.0884316902848448,1.0913657283220501,1.0762821254530623,1.0745315190359033,1.096751903640201,0.9171466154264408,1.9341249440296902,1.0348743951216781,1.3435159392126377,1.0786396686281539,1.0817260211117574,1.0669282935034887,1.0649393367382847,1.0877465192214857,0.9114386813718808,1.9185277546096575,1.0271808489893945
2023-08-15,1.329579004373743,1.078898543587425,1.0817805433571088,1.067343229640628,1.0653500900262596,1.0870421248150814,0.9082733803238981,1.9215927370822206,1.0243048466596731,1.328581321278913,1.073066742128522,1.076039759176026,1.061770156761724,1.0596361429432646,1.0816800834759024,0.904878762277505,1.9122840869974558,1.0197307830318576,1.3269185161208699,1.0634129504649887,1.0665354216694427,1.0525424464982642,1.0501769294421317,1.0727984531478059,0.8992471781713473,1.8968630268317814,1.012149818753731
2023-08-16,1.3184326455607118,1.068940923707672,1.0729722462731701,1.057496677114442,1.0565139306133535,1.077801406457608,0.9028658354968971,1.9058604911508776,1.0147607168742896,1.3174433264169672,1.0631629464591055,1.067278205891347,1.05197501745793,1.0508473757892742,1.0724849467133877,0.8994914278295089,1.8966280517894345,1.0102292728406828,1.3157944611773995,1.0535982538015494,1.0578512565656273,1.042832435512412,1.0414666182991739,1.0636788172720955,0.8938933722227663,1.8813332451770581,1.0027189454507879
2023-08-17,1.3080323433810301,1.0594180279937595,1.0643161805540222,1.0480438442676734,1.0477391146258814,1.0687929439875925,0.8963215337423991,1.8936680552011749,1.0061698311623846,1.3070508283659845,1.0536915251284402,1.0586680761112914,1.0425715420483046,1.0421196230486023,1.06352092019214,0.8929715850158078,1.8844946788855823,1.0016767499833457,1.305414970007582,1.0442120416425917,1.0493171774878876,1.0335106845193156,1.0328167769029846,1.0547883940010407,0.8874141061633167,1.8692977183384611,0.9942300044440217
2023-08-18,1.3124198260179776,1.0649145430191413,1.0683523107130393,1.0522714028762215,1.0524537017521323,1.0738264631357464,0.8998172376607817,1.901240998134559,1.0107617961956399,1.3114350187448254,1.0591583296824025,1.0626827873676372,1.0467770266964143,1.0468089237440266,1.0685296105529472,0.896454223947521,1.8920309366907817,1.0062482094607528,1.3097936732895783,1.049629664360833,1.0532964279999195,1.0376796198317682,1.0374642169118473,1.0597559582129132,0.8908750706178812,1.876773202179254,0.998767478411161
2023-08-21,1.3103769940821488,1.062677882181435,1.0649390457993497,1.0507746163503104,1.0499089910723982,1.071466051978295,0.8967840158743671,1.8994111133690812,1.0093819699029711,1.3093937196993937,1.0569337587321226,1.0592876359404053,1.0452880555574955,1.0442778614811854,1.066180842570967,0.8934323386481574,1.8902099163202657,1.0048745448232579,1.307754929061475,1.0474251066526485,1.0499312649302508,1.036203589152866,1.0349557490635968,1.057426475867473,0.8878719922592173,1.8749668668991426,0.9974040259813588
2023-08-22,1.3046434916215852,1.0595158414180055,1.0588922957768148,1.0477677467306439,1.0448916582340804,1.0714911776096865,0.8912855393823348,1.900848709099587,1.008136439826388,1.3036645195168146,1.053788809838959,1.0532729747616654,1.0422968861390973,1.0392874388338034,1.0662058442654185,0.8879544123868507,1.891640547996755,1.0036345766981183,1.3020328993422032,1.044308451136043,1.0439697294555967,1.0332384156099086,1.030009875173443,1.057451272274048,0.8824281583025971,1.8763859616615781,0.9961732761265893
2023-08-23,1.3118756381114496,1.067398537497683,1.0665927560337511,1.0552614985152708,1.051733165046637,1.0781876803751096,0.8971795137167874,1.9162742358226073,1.0148319747541643,1.3108912391834,1.0616288973538455,1.060932570278797,1.0497515097185954,1.0460922515978393,1.0728693152615696,0.8938263583407803,1.9069913498169035,1.0103002125163847,1.3092505743033236,1.0520780056928933,1.0515616700553911,1.0406282519978693,1.0367539423908128,1.0640600297860607,0.8882635597393108,1.8916129713945207,1.0027893577410696
2023-08-24,1.2986223493244375,1.0550739104515996,1.0564147522055565,1.0425827794542322,1.0418565380982563,1.0663001298036334,0.8887208365306952,1.8956646746564345,1.0039502710231234,1.2976478953354478,1.0493708889702997,1.050808578998462,1.0371389918788472,1.0362685973992334,1.0610404022866784,0.8853992949604503,1.8864816262435746,0.9994671013556192,1.2960238053538045,1.0399302758731115,1.0415271009634293,1.0281253479569048,1.0270179824852383,1.0523282435252794,0.8798889428503482,1.8712686425360023,0.9920367829631389
2023-08-25,1.302333487106421,1.0579722483935565,1.0595244551529586,1.0461136479049693,1.0462365806548986,1.0698775733579233,0.891964600662934,1.9032499131053107,1.007532358341728,1.3013562483717218,1.0522535604424679,1.053901779399578,1.0406514240977751,1.0406251478365955,1.0646001994225003,0.8886309357160714,1.8940301200018783,1.003033192757218,1.2997275171472296,1.0427870135345163,1.0445929800501264,1.031607254071261,1.0313356426478681,1.0558588113143783,0.8831004712356996,1.8787562636566062,0.9955763630423593
2023-08-28,1.3128320698242018,1.0679567741347045,1.0702016976496012,1.0567462532009089,1.0555182788531436,1.0803666697241714,0.8997445404850531,1.917871546418684,1.017479843770632,1.3118469532135262,1.0621841165382495,1.0645223599926592,1.0512285118408213,1.049857064152958,1.0750375563326202,0.8963817984731878,1.9085809226623482,1.012936257395342,1.3102050921957402,1.0526282298754739,1.0551197522298923,1.0420924176812898,1.0404851470268477,1.0662104675195538,0.8908030958891807,1.893189725590972,1.0054058055240134
2023-08-29,1.330305796272428,1.0829228137383777,1.0856953432921548,1.0717920914387762,1.0707988788518292,1.0952357274510585,0.9099989830384558,1.9447484821205618,1.0324154680579372,1.329307567810991,1.077069259775797,1.0799337840826455,1.0661957890772271,1.065055707487251,1.089833269613707,0.9065979156539642,1.9353276601255613,1.0278051862100699,1.3276438537086024,1.0673794596609913,1.0703950518181962,1.056929616202551,1.0555481143433076,1.080884693812195,0.9009556322616319,1.9197207717505445,1.0201641945569928
2023-08-30,1.3355827179829374,1.0890714765883018,1.0924949659430754,1.0785698312812995,1.0776746830178832,1.1016186176239284,0.9136846607935174,1.9539560319635705,1.038611511516201,1.3345805298503817,1.08318468708083,1.0866973225514356,1.072938139330865,1.0718946336528001,1.0961846749708655,0.9102698184063761,1.944490606417582,1.0339735610527734,1.332910216296129,1.0734398698279297,1.077098849973677,1.0636133695421213,1.062325990436953,1.0871839480432415,0.9046046826386297,1.9288098261208444,1.0262867119732904
2023-08-31,1.3328324724311038,1.0875538717938797,1.0906149188382026,1.0765116684389864,1.075668067374761,1.0993719721730553,0.9121025443282293,1.951488700486368,1.0383322521242984,1.33183234801457,1.0816752854394354,1.0848272524652343,1.0708907230705307,1.0698987803832,1.0939491115245503,0.9086936150078154,1.942035227278105,1.0336955487019557,1.3301654739870206,1.071944047443454,1.0752452976574824,1.061583747117787,1.0603479538512401,1.0849667407157164,0.9030382888658194,1.9263742476740033,1.0260107664441627
2023-09-01,1.340785306761791,1.0963010310679402,1.1000131760304517,1.085453075012147,1.0846330127235109,1.1077708242836584,0.9177634806645826,1.9642630803166061,1.0464012533333242,1.3397792147357044,1.090375163440832,1.0941756350627234,1.0797854425901845,1.078815642736694,1.1023065347050405,0.9143333939293824,1.9547477249885814,1.041728517547117,1.3381023946922337,1.0805656574243947,1.084511108786223,1.0704011637540631,1.0691852167069973,1.0932555414408998,0.9086429681799462,1.9389842291352561,1.0339840159488118
2023-09-05,1.3163278457311163,1.0741454256762755,1.0786928722419096,1.06332198053256,1.0637745276534147,1.0861621594893838,0.9000736240948128,1.9294143484093371,1.0240856681363848,1.3153401059769387,1.0683393163828996,1.072968473688765,1.0577699043805953,1.0580690310132448,1.0808044587459786,0.896709652152417,1.9200678085878256,1.0195125832567562,1.3136938730533163,1.0587280547703515,1.0634912639287184,1.0485769598050938,1.0486238068861298,1.0719300181362434,0.8911289091452659,1.9045839788578514,1.011933241136877
2023-09-06,1.3124567886850462,1.0715989596267608,1.0747591952695317,1.0597472048936623,1.060080746424255,1.0831891864807461,0.8967970514445722,1.922322969558767,1.0200563385788406,1.311471953676026,1.0655681462224635,1.068816170029873,1.0539587961304813,1.0541683321001027,1.0775855994153833,0.8932451670941916,1.9123764739396933,1.0153100881803203,1.309830561994332,1.055587943260479,1.0589799922552963,1.044377670172418,1.0443834204268245,1.0683069025581837,0.8873544644105735,1.8959060138770178,1.007445759448146
2023-09-07,1.3020521010093626,1.0611924369330743,1.0653889959618281,1.051013661576494,1.0508891393136663,1.0749867717308386,0.8899334802235508,1.9075859353700615,1.0106764572400648,1.3010750734198089,1.0552201900251228,1.0594977844970423,1.0452729559999197,1.045027989565091,1.0694256176455785,0.8864087799625562,1.8977156922061253,1.0059738507696872,1.2994466941038925,1.0453369069114438,1.0497473626262805,1.0357707896071144,1.0353279196022351,1.0602171834173926,0.8805631613448879,1.8813714990283028,0.9981818381121521
2023-09-08,1.2976892817775205,1.057667354633038,1.0610679809906636,1.0473989942539048,1.047456609558258,1.0709971497007755,0.8882957592287829,1.9029793325380826,1.0063377098115063,1.2967155279392664,1.051714946409508,1.0552006631581887,1.041678032227405,1.0416146041420011,1.0654566348488852,0.8847775453802517,1.8931329248875397,1.0016552912277512,1.2950926048755158,1.0418644937091994,1.045489787142545,1.0322085458763628,1.0319462176151344,1.0562823760850168,0.8789426842995794,1.8768282010752557,0.9938967290128766
2023-09-11,1.298580898418727,1.0584401266128476,1.0611586328341132,1.0482773946762902,1.0479939706131445,1.072668424676974,0.8884653278013578,1.9074507939090706,1.0062475803533986,1.2976064755334684,1.0524833693335702,1.0552908137301014,1.0425516347690515,1.0421489681599083,1.0671192639348217,0.8849464423538753,1.8975812499949334,1.0015655811356727,1.2959824373913773,1.0426257195180233,1.0455791080703367,1.033074206840009,1.0324756216047828,1.05793068887786,0.8791104674447802,1.8812382147089277,0.9938077137919149
2023-09-12,1.295495347535407,1.056052173266612,1.0578770152638006,1.0452217217849584,1.0461098558187827,1.068523303766293,0.8866787602493779,1.903337895849726,1.0034330640458524,1.2945232399709712,1.0501088550644444,1.0520273423046491,1.0395126521635352,1.0402753616851592,1.0629955866890233,0.8831669507410039,1.8934896329186375,0.9987641605745488,1.2929030606969183,1.0402734451538966,1.0423456699527658,1.0300628504331966,1.030619406160771,1.0538425191139,0.8773427110826615,1.877181836936485,0.9910279923082119
2023-09-13,1.292469764271138,1.0525636490675032,1.0554903325683174,1.0413804371374906,1.0427902193368381,1.0660010765690275,0.8834487726588887,1.8994714255244254,1.0004241027314964,1.2914999270293117,1.0466399638057302,1.0496538570915048,1.0356923488648386,1.0369742398931125,1.0604864075537908,0.8799497559472306,1.8896431685084514,0.9957691997455556,1.2898835316262747,1.0368370438292498,1.0399940276188335,1.0262772760131216,1.0273489257607813,1.0513549456056996,0.8741467327910352,1.8733685004377294,0.9880562296693809
2023-09-14,1.306965528172581,1.0669370426016982,1.0697475972254786,1.054782746477926,1.0552521825444547,1.0783122942982675,0.8942013055388767,1.9249799826989642,1.013040183326433,1.3059848136691978,1.0609324658332542,1.0638322842899322,1.0490214539123306,1.0493666986879528,1.0727339365190662,0.8906597019864145,1.9150197391457624,1.0083265786048263,1.3043502894968992,1.0509956810527488,1.0540419725749461,1.0394852113955022,1.039626356328127,1.0634970155628183,0.8847860497239015,1.8985265137988423,1.000516342327406
2023-09-15,1.2934551661245512,1.05521194740615,1.0570469949777928,1.0434689116046842,1.0436235740911366,1.067153259306645,0.8855395347619555,1.9056762802265037,1.0011451226849073,1.2924845894616244,1.049273357881009,1.0512019117272298,1.0377694159474677,1.0378029467575187,1.061632629784817,0.8820322373080912,1.8958159180122418,0.9964868648438354,1.2908669616900863,1.0394457733089855,1.041527835706809,1.0283354612937152,1.0281699404727822,1.0524912981348495,0.8762154807682819,1.879488086756569,0.9887683359198584
2023-09-18,1.287831579936336,1.0523068183312385,1.0521869499190812,1.0396118831985426,1.0396519291342905,1.0636657458900327,0.8837347263329196,1.9000227389822526,0.9981907635981987,1.28686522307295,1.0463845784779675,1.0463687409400544,1.0339334548835402,1.0338534529534151,1.0581631580781068,0.8802345770635908,1.8901916293567123,0.9935462521821646,1.285254628300647,1.0365840504624457,1.0367391439688944,1.0245343714470105,1.0242571063243053,1.049051700784514,0.8744296755915911,1.873912237633184,0.985850500481535
2023-09-19,1.285772622380333,1.0496993889729642,1.0505813877042869,1.037391743880326,1.0375802534694798,1.0616731513192057,0.8815075079912543,1.8961301460249973,0.9953068277498535,1.2848078105076095,1.0437918233779906,1.044772056897048,1.031725442111943,1.031793331696056,1.0561808716577885,0.8780161799172672,1.8863191774784585,0.9906757350844823,1.2831997907197437,1.0340155793298718,1.0351571540038196,1.0223464308533385,1.022216107349342,1.0470864831100923,0.8722259081555694,1.8700731374850286,0.9830022176651331
2023-09-20,1.2836661526485182,1.0470317068193076,1.046754622815488,1.0343184041936508,1.0346678694456126,1.059379364366668,0.8786331544346841,1.8953001648830634,0.9932075172523724,1.2827029214184151,1.0411391545771804,1.0409664526183844,1.0286688892082785,1.0288971909829725,1.0538989509932994,0.875153210621382,1.8854934908301777,0.9885861925310926,1.2810975360349162,1.0313877556533428,1.0313865722119728,1.0193176638730659,1.0193468489473736,1.044824211232771,0.8693818193434927,1.8692545621138161,0.9809288601666651
2023-09-21,1.2662502481094264,1.0297274214431527,1.0305733989684878,1.0184454153965317,1.0178870281459924,1.0434969128514706,0.865179714455594,1.871278748347348,0.9772922536740605,1.2653000853419591,1.0239322553689205,1.0248747050207194,1.0128825997173965,1.0122099418807446,1.0380986630567155,0.861753054785949,1.861596366059228,0.9727449815548225,1.2637164807295194,1.0143420177439202,1.0154429148982245,1.003674881347141,1.0028144928101148,1.0291599738169992,0.8560700337974815,1.8455632528005008,0.9652103511039124
2023-09-22,1.2623309230385067,1.0264657004912856,1.026869962354305,1.0159546225709608,1.0152596570438097,1.0415098155627007,0.8626448711979892,1.8682987356993284,0.9748551758323377,1.2613837012353246,1.020688890939576,1.0211917470564225,1.01040541176566,1.0095972244797935,1.0361218454797483,0.859228251113201,1.858631772611425,0.9703192432648872,1.259804998230027,1.0111290309449499,1.0117938507224842,1.0012202125392975,1.0002260269525054,1.0272001778957118,0.8535618805005973,1.8426241920961974,0.9628034019539181
2023-09-25,1.266082771988804,1.0311635869707294,1.030152768310057,1.0207836846826828,1.019300576633505,1.0456673254340632,0.8659266037949148,1.875571239228547,0.9788793318273977,1.265132734891262,1.0253603383519623,1.0244564002959775,1.0152080972232929,1.0136156065496391,1.040257847595282,0.8624969859704101,1.8658666467070684,0.9743246751451381,1.2635493397286979,1.0157567251788397,1.0150284597780748,1.0059792386674806,1.0042071099379206,1.0313005664044457,0.8568090589633196,1.8497967553934838,0.9667778087972002
2023-09-26,1.2474357193791752,1.0165775442748908,1.0159441555050774,1.0069185360598996,1.005683245552377,1.0317758022026913,0.8519699725376049,1.8471982861924066,0.9656287585079537,1.2464996745672334,1.010856383923395,1.0103263559227844,1.00141868095198,1.0000742237428404,1.0264381884121014,0.8485956318129378,1.8376405011832675,0.9611357558113804,1.2449395998806692,1.0013886160356835,1.0010284523862771,0.9923151765700394,0.9907914198034057,1.0175999032697463,0.842999380358381,1.8218137092849436,0.953691047413482
2023-09-27,1.2530585785688384,1.0213624171876083,1.0207545070923671,1.0125087008214646,1.0108952832876248,1.0366990407819765,0.8564046980558526,1.8579452187998513,0.9718047624216294,1.2521183145028776,1.015614328221223,1.0151101080252587,1.0069783118668465,1.0052571922523073,1.0313359579446433,0.8530127930092009,1.8483318269443128,0.9672830232132303,1.250551207726281,1.0061019970177418,1.0057681802332912,0.9978242670612468,0.9959262794031982,1.0224554998938957,0.8473874116088337,1.8324129553449655,0.9597906996756662
2023-09-28,1.2668775887202557,1.0363130812711894,1.0361296463237106,1.0273754768148902,1.0251302305081775,1.0515538919254253,0.8621222392283542,1.8839945033993888,0.9843991218352521,1.26592695521196,1.0304808519978839,1.0304002283603533,1.0217638845543864,1.0194127465529015,1.046113961522806,0.8587076890971981,1.8742463271713736,0.9798187819583162,1.2643425660314724,1.020829279653274,1.0209175875570862,1.0124754299077174,1.0099504402210822,1.0371062554692725,0.8530447514458661,1.8581042653441344,0.972229359683306
2023-09-29,1.264233611714591,1.0336869304315495,1.0334761773470935,1.0242474423580088,1.0221688190189486,1.0483658504798403,0.8590102973879709,1.880595203987771,0.9824181883585417,1.263284962181037,1.0278694807784956,1.0277614320966286,1.0186529356269391,1.0164678518165404,1.0429424125496636,0.8556080725175907,1.870864616436186,0.9778470656257453,1.2617038796251185,1.0182423667614655,1.0183030757960558,1.0093927613965752,1.007032880336286,1.033962015548428,0.8499655759728847,1.854751679800752,0.9702729157542959
2023-10-02,1.2466302275516374,1.0178007166590546,1.0182635037385606,1.0088641509098204,1.0072256096371563,1.0331808595144947,0.8454187234400297,1.8537851918829054,0.9678899651980931,1.245694787160777,1.0120726724595075,1.0126328790088748,1.003353668725939,1.0016079855626143,1.0278359770389172,0.8420703298113167,1.8441933248648472,0.9633864412658308,1.2441357198426812,1.0025935127086911,1.0033137488370003,0.9942325741292217,0.9923109450696073,1.0189856560481378,0.8365171109030622,1.8283100963693282,0.9559242996418742
2023-10-03,1.233067704158052,1.0060834180376634,1.0055592772655633,0.9974661356870991,0.9957687956393712,1.0215655868402875,0.8371627686841835,1.8346661966757298,0.9559370867791357,1.2321424407482273,1.0004213172033587,0.9999989022615013,0.9920179102101884,0.9902150699342865,1.0162807928446638,0.8338470738655831,1.825173255283116,0.9514891787494603,1.230600335065191,0.9910512850486053,0.9907960409530401,0.9829998645472324,0.9810237797941688,1.0075299693335518,0.8283480850362052,1.8094538383072971,0.944119190236687
2023-10-04,1.2332296442891877,1.0068575990161663,1.0061009828319338,0.9982551959958872,0.9966326382744857,1.0239128104512998,0.8378671678672085,1.8354908983976612,0.9561822822989214,1.2323042593635067,1.0010035621994853,1.0003054697919165,0.9926077999588654,0.9908530644891652,1.0183980992718797,0.8343997819184901,1.825504804134823,0.9515378382925305,1.2307619511540435,0.9913183731614114,0.990716443475573,0.9832625764077663,0.9812908882064358,1.0092692122748965,0.8286506159655297,1.8089747397820148,0.9438443368431786
2023-10-05,1.2276518971629362,1.0022209222656517,1.0021752030802702,0.9935335557523677,0.9930191294423933,1.0201852698501501,0.8335514780884064,1.8297828020059796,0.9502870758414398,1.2267306976403014,0.9963938438554335,0.9964023039807333,0.9879128712942151,0.9872605107614082,1.014690634901455,0.8301019519660088,1.8198277629712978,0.945671266496875,1.2251953651025818,0.9867532560508221,0.9868506937945728,0.9786118496503844,0.9777330042327333,1.005594981492896,0.8243823988415389,1.80334910459428,0.93802519824124
2023-10-06,1.2343692270497884,1.008871404200842,1.0091522463629368,1.0002613927069848,0.999404836778446,1.026666727215713,0.838484127394472,1.8425374448172178,0.9572698092203394,1.2334429870094796,1.0030056587873302,1.0033391569186776,0.9946026470797967,0.9936091867327405,1.021137183664422,0.8350141882525056,1.8325130134115288,0.9526200827924003,1.23189925360897,0.9933010985055786,0.9937210493800749,0.9852386424025609,0.9840204126347605,1.0119837436052204,0.8292607889283803,1.8159194892693629,0.9449178310345548
2023-10-09,1.241700400573604,1.017800562776922,1.0161879495772124,1.0073762685434307,1.0079557775949481,1.0364939792455417,0.8440636853735599,1.8607190446319741,0.966026503689407,1.240768659402587,1.0118829017567768,1.010334331885372,1.001677272164968,1.0021105397758896,1.03091150691352,0.8405706560787881,1.8505956951822033,0.961334243554354,1.239215757450897,1.0020924498962709,1.0006491679136407,0.9922466611675281,0.9924397238097925,1.0216704501428604,0.8347789716827609,1.8338384311842653,0.9535615348942668
2023-10-10,1.2581925647176395,1.0297886881102414,1.0285940868947272,1.0192934921078551,1.020160843160365,1.0477126872717482,0.8526544231826089,1.88931560634811,0.9779640682874791,1.257248448235859,1.02380132614417,1.0226690052724994,1.0135270768154714,1.0142448269277957,1.0420697918900885,0.8491258424248957,1.879036675652396,0.9732138240720108,1.25567492076623,1.0138955578176825,1.0128655999122278,1.0039849020427918,1.0044569096507474,1.0327287126206597,0.8432752112420547,1.8620218767324108,0.9653450650329978
2023-10-11,1.2600201680384968,1.0305823383987351,1.0281409443257241,1.019300260332643,1.0204286344693483,1.048585776591139,0.8527223648760448,1.8965288088066425,0.9779374776880996,1.2590746801685315,1.0245903620184578,1.022218472971961,1.0135338067506054,1.0145110652878087,1.0429381788213647,0.8491935029519581,1.8862106342662703,0.9731873626305881,1.257498867051928,1.014676959391865,1.0124193864584983,1.0039915686167995,1.0047205786912288,1.0335893153601048,0.8433424055758043,1.8691308746859336,0.965318817541173
2023-10-12,1.2370857239679038,1.00936444772032,1.0087680370538852,0.9992604828782917,0.9996802205958419,1.02802585057139,0.8359556881000099,1.8612722812132354,0.9575518644291038,1.2361574455357105,1.0034958356701378,1.0029571607970684,0.9936073996651061,0.9938829735714393,1.022488986892167,0.8324962125198324,1.8511459218478854,0.9529007679803556,1.2346103148153933,0.9937865326922046,0.9933427151107431,0.9842527650629185,0.9842915573077246,1.0133234293133855,0.826760162505554,1.8343836755118172,0.9451962467889539
2023-10-13,1.2357984743038979,1.0075565498047914,1.0075601819470112,0.9982448128469568,0.999439081719262,1.0265418478718564,0.8344483987723574,1.86298121930756,0.9564083547545394,1.2348711617919128,1.0016984491724785,1.0017562633814618,0.992597475550179,0.99364323308367,1.021012976910562,0.830995160880009,1.8528455623657885,0.951762812651184,1.233325640938609,0.9920065367700255,0.9921533296155141,0.9832523492015272,0.9840541304231405,1.0118606502366085,0.8252694533839914,1.8360679256746393,0.9440674922089506
2023-10-16,1.2503229563909295,1.0209931299058868,1.020491836686526,1.0102843119836065,1.0117190825135927,1.039863249112672,0.8457024587695701,1.886818153512111,0.9682040315616303,1.2493847450679736,1.0150569067717632,1.014613427016256,1.0045688640273653,1.0058520209074946,1.0342626301669806,0.8422026476601332,1.8765528103528204,0.9635011945664302,1.2478210595297186,1.0052357448920937,1.004887243219022,0.9951110292136571,0.9961450979711304,1.0249915340379254,0.8363997185458807,1.859560502994157,0.9557109653831635
2023-10-17,1.2623140056604325,1.0291001267923032,1.030174573627823,1.0201261613048502,1.0205082616873788,1.048628395011343,0.8521746853287308,1.905483233649007,0.9777166117924635,1.2613667965516315,1.0231167682357603,1.0242403878186126,1.014355035380614,1.014590230739523,1.0429805677022215,0.8486480898932232,1.895116342043013,0.9729675695422024,1.259788114703635,1.0132176233350034,1.0144219190311752,1.0048050655272562,1.0047989801608432,1.0336313242684307,0.8428007505120443,1.8779559407013817,0.9651008015533671
2023-10-18,1.2424960500139952,1.0119908659797663,1.012247682689145,1.002593945749822,1.0035123460845308,1.0315961538644705,0.837703972828245,1.8768688867748802,0.9617214138172401,1.2415637118073801,1.0061069834988876,1.0064167623890383,0.996922004247608,0.9976928761756209,1.0260400608218845,0.8342372622373958,1.866657673176009,0.9570500647043048,1.24000981479636,0.9963724164147287,0.9967691526226282,0.9875361632406265,0.9880646926437541,1.016842671533435,0.8284892160745377,1.8497549669260045,0.9493119950620955
2023-10-19,1.2293714532814024,1.000110807639518,1.0015297496184536,0.9913935454539929,0.9917995740343033,1.0192877349318006,0.8277882290761776,1.8552536496704488,0.9503050749806168,1.2284489634465225,0.9942959977851716,0.9957605685691112,0.9857849676051788,0.9860480276788625,1.0137979340332293,0.8243625532840119,1.8451600350176833,0.9456891782092133,1.2269114803883947,0.9846757076463535,0.9862151101215304,0.9765039797910945,0.9765322221555041,1.004710282765831,0.818682545658244,1.8284519912749402,0.9380429651313974
2023-10-20,1.2191124459569105,0.9906596232760285,0.9922583838921498,0.9814580713647066,0.983709644792661,1.0093821776508194,0.820677143616125,1.839282452735282,0.9413198366486812,1.2181976542265764,0.9848997641726912,0.986542609331701,0.9759057011441852,0.9780050127576773,1.0039457272786974,0.817280895970508,1.8292757303020444,0.93674758368567,1.2166730013426912,0.9753703870957435,0.9770855151452184,0.9667177248434123,0.968566825934081,0.9949463908679327,0.8116496822490528,1.8127115199683146,0.9291736663880722
2023-10-23,1.206590144700664,0.9812223517245974,0.9815333363915394,0.9717813473802116,0.9741949268010124,1.0006201507017929,0.813870797791468,1.819523173212716,0.9314367426927249,1.2056847493944842,0.9755173624808758,0.9758793420635973,0.9662837209695903,0.9685454715810028,0.9952308918946919,0.810502717173728,1.8096239522811475,0.926912494673267,1.2041757572175227,0.9660787646353395,0.9665244670027117,0.9571863338781099,0.9591985735705786,0.9863096749810814,0.8049182063345194,1.7932376900714637,0.9194180973574569
2023-10-24,1.21272192251416,0.9875134062153142,0.9871520169619346,0.9776664507984271,0.9798338130271346,1.0066002257037625,0.8180912840096187,1.8322200857821724,0.9377779611364538,1.2118119260740532,0.9817718397389827,0.981465656959901,0.9721355307872767,0.9741516573337917,1.0011787586987266,0.8147057375510263,1.822251786564312,0.9332229120505681,1.2102952653405463,0.972272726829498,0.9720572309366646,0.9629830499609626,0.9647506571175379,0.9922042253031176,0.8090922671385095,1.8057511784965048,0.9256774929011697
2023-10-25,1.2027792558581727,0.9764765855155377,0.9769423382642446,0.9689264836693959,0.9706019306232841,0.9962695302692326,0.8101951704224957,1.819111925683307,0.9281877385861483,1.2018767201484233,0.9707991889424564,0.9713147897801764,0.9634450079846324,0.964973311552646,0.9909037035501883,0.8068423008300598,1.8092149421676784,0.9236792718857222,1.2003724939655116,0.9614062416863481,0.9620036709650476,0.9543743468643191,0.9556608864879343,0.9820212754102802,0.8012830109238772,1.7928323835710893,0.9162110162567699
2023-10-26,1.2003919389313413,0.974751777953047,0.9734398574525309,0.9659014018254738,0.9688402883218514,0.9933703379748542,0.8100224164277708,1.820864544686954,0.9265017943725857,1.1994911946049787,0.9690844096967628,0.967832484550798,0.9604370398359713,0.9632218851936513,0.988020126069878,0.8066702617514898,1.810958025946393,0.9220015167733829,1.197989954061045,0.9597080537513953,0.9585547474550483,0.9513946981936885,0.9539263621784878,0.9791635462234649,0.8011121572257861,1.7945596836131799,0.91454682635526
2023-10-27,1.1881964530932472,0.9652607756999108,0.9640166031203399,0.9557582258326653,0.9584587181513374,0.9829185443211284,0.8007724584602296,1.8041790825476478,0.9170191207705708,1.187304859956858,0.9596485897024398,0.9584635116419367,0.9503512464965509,0.9529005188018453,0.9776246249273102,0.7974585833293382,1.7943633420277185,0.9125649031615924,1.1858188713962137,0.9503635298361527,0.949275586439147,0.9414038607809201,0.9437046015995458,0.9688612300105187,0.791963948940015,1.7781152656332575,0.9051865109184632
2023-10-30,1.1928201742535942,0.9689908085595093,0.9667660341545946,0.9594468896235098,0.9616802803906586,0.9871480241839073,0.8051597117878591,1.8125610917910038,0.9202176725340457,1.191925111591572,0.9633569355332977,0.9611971049385452,0.9540190425319778,0.9561033988748886,0.9818313251552957,0.801827680675775,1.8026997484655856,0.9157479186671362,1.190433340488206,0.9540359956444545,0.9519829752423773,0.9450371251776752,0.9468765724439976,0.9730302215163072,0.796302942412681,1.7863761853703628,0.9083437906798046
2023-10-31,1.202723896299173,0.9762285152315722,0.9742438695760287,0.9664888141968297,0.9693032627496475,0.9948670940537764,0.810748315029676,1.8311096989685265,0.9269387596253426,1.201821402129863,0.9705525609802023,0.9686318652676819,0.9610211290587862,0.9636821747857681,0.9895088207422066,0.8073931563323413,1.8211474408742685,0.9224363595640458,1.2003172451810171,0.9611619999677865,0.9593464652299986,0.9519732883217339,0.9543822097696879,0.980638896285816,0.8018300709317597,1.804656832728282,0.9149781532966254
2023-11-01,1.205987128241273,0.9801604443424655,0.9784085579300825,0.9713815143069967,0.9714535061559905,0.9986823842207188,0.8152828433659177,1.8396565082119094,0.9311288084339787,1.2050821854236822,0.9742363223596026,0.972513108515607,0.9656630556680952,0.9655790281687425,0.9930826895617644,0.8117863684652045,1.8290623818879614,0.9264330993196743,1.2035739473943685,0.9644382410362274,0.962762222827604,0.9562031890301158,0.9558630984130655,0.9838159080451013,0.8059901691188426,1.8115333229918489,0.9186566474026182
2023-11-02,1.2312514421592502,0.9996236742937101,0.9994203942186248,0.9929202120408793,0.9934150580655413,1.0217399752873657,0.8321712855023593,1.8867072737181443,0.9501210084549163,1.2303275416273636,0.9935819159084834,0.9933983369398371,0.9870749565149536,0.987407776344053,1.0160109948098324,0.8286023817329133,1.8758421936856173,0.9453295211347061,1.2287877074075573,0.983589272244852,0.983438045874005,0.9774053337666125,0.9774721995395705,1.0065302617284966,0.8226861151263744,1.8578648143362113,0.9373944532142311
2023-11-03,1.2535337406456095,1.019529588509983,1.0189660039137078,1.012251317695478,1.012362743417515,1.041749697074983,0.8476552486766228,1.9268910827351866,0.9674852138872531,1.2525931200298162,1.013367518124126,1.012826173591851,1.006292261230887,1.0062408831188696,1.0359085204337928,0.8440199393780492,1.915794594096214,0.9626061583842386,1.2510254190034986,1.0031758868687866,1.002671089661326,0.996434381161644,0.9961158022580986,1.026242116990243,0.8379935905614404,1.8974343256847546,0.9545260708838736
2023-11-06,1.238257388482539,1.0074555089829682,1.0072428210090696,1.001272652783782,1.0007558195258808,1.0293587024111983,0.8369729547349565,1.9075553367544729,0.9556207751493871,1.2373282308623659,1.0013664147311325,1.0011736293087075,0.9953782269923955,0.9947041474745049,1.0235870031010736,0.8333834582152889,1.8965701978889895,0.9508015523490159,1.2357796348287484,0.9912954808716057,0.9911353794098109,0.9856272634172364,0.9846951525164518,1.0140355757922166,0.8274330544595461,1.8783941689964745,0.9428205523610683
2023-11-07,1.2336135764674752,1.0019974946444565,1.0023111808671328,0.9966245991900934,0.9951305173924089,1.0241025151518646,0.834051245781458,1.9001063074034006,0.9504501639378171,1.232687903448614,0.9959413888109071,0.9962717050096582,0.9907575361823665,0.9891128621141932,1.0183602877180717,0.83047427949238,1.8891640656535384,0.9456570166771271,1.2311451150838497,0.9859250154763041,0.9862826041690856,0.9810518380013649,0.9791601282535956,1.0088576326111807,0.8245446474328212,1.8710590143993113,0.9377191997687968
2023-11-08,1.2313990258514205,1.000878644364619,1.0007284884410321,0.9954048097976066,0.9937527428135737,1.022507261689155,0.8317242107828059,1.8993131039621687,0.9496217640204969,1.2304750145763932,0.9948293008989825,0.994698549175466,0.9895449276092451,0.9877434190781272,1.0167739789733587,0.82815722436701,1.888375430074524,0.944832794404196,1.2289349957846856,0.9848241120455465,0.9847252215543743,0.9798511084323314,0.9778044649413581,1.0072861262356054,0.8222441362085622,1.870277936812659,0.9369018959931421
2023-11-09,1.2181412671554774,0.9911602368536959,0.9910864970286308,0.9852724458019746,0.9843038639691438,1.0127419004195115,0.8243957284068241,1.8753485250113435,0.941021463168565,1.2172272041736187,0.98516963176289,0.9851146560617415,0.9794722121693761,0.9783516785634517,1.007063372891359,0.8208601713960456,1.864548857200144,0.9362758651145339,1.2157037658705254,0.9752615920524085,0.9752374211774774,0.9698770677260397,0.9685072267806714,0.9976661330158598,0.8149991845973935,1.846679709020078,0.9284167933137637
2023-11-10,1.2255895043833296,0.9981236698147564,0.9980077390329289,0.9922586758490437,0.9928016435344724,1.0194966142587343,0.8306045609055419,1.8889185750742712,0.9491152380446746,1.2246698524290638,0.992090977505966,0.991994193778203,0.9864173147428649,0.9867980711929355,1.0137802124918789,0.8270423762928568,1.8780407607047618,0.9443288228533037,1.2231370991719586,0.9821133284954601,0.9820479813292436,0.9767541344108749,0.9768686294144294,1.0043202955747652,0.8211372482110125,1.860042311100373,0.9364021547644781
2023-11-13,1.2225909734213882,0.9957351154679706,0.9957946759557527,0.989121327510381,0.9893228945210847,1.0172389413395924,0.8281926643926062,1.881901133989683,0.9458037657182902,1.2216735714903555,0.9897168596602598,0.9897944656226367,0.9832984357660812,0.9833403585280428,1.0115351985313676,0.8246408235957995,1.8710637313258311,0.9410340503762247,1.220144568271972,0.9797630876077257,0.9798703087095892,0.9736658087197401,0.973445709234033,1.0020962305786179,0.8187528427323782,1.8531321469963036,0.9331350385097043
2023-11-14,1.2640750250460033,1.0317706413140828,1.031218634694584,1.0255901509126684,1.0245999915140043,1.053370590297879,0.8567648738847263,1.9530921935600436,0.9794129082955447,1.2631264945119507,1.0255345856022224,1.0250049755367285,1.0195525696203755,1.0184041313336227,1.047464254348043,0.8530904964564181,1.9418448192113378,0.9744737010897387,1.261545610288534,1.0152205878184737,1.014727781061326,1.0095647883933665,1.008156660423143,1.0376900205469881,0.8469993833630843,1.92323489505559,0.9662939977884155
2023-11-15,1.269512803433248,1.0355449061009634,1.0362049345828956,1.0303034402472393,1.0283921361575639,1.057967062630019,0.8585496531408349,1.9634344753541288,0.9828315556389557,1.268560192525218,1.0292860386085194,1.029961230227133,1.0242381121328008,1.0221733444934913,1.0520349538799667,0.8548676213924057,1.9521275423653641,0.9778751080971795,1.2669725076785054,1.01893431174324,1.019634341950687,1.0142044302088211,1.0118879466922783,1.0422180693768244,0.8487638195292274,1.9334190723855023,0.9696668534864706
2023-11-16,1.2564870158174717,1.0244793848875022,1.0252111577556944,1.0196819847423493,1.0165286666003488,1.046151128801832,0.8502352804964307,1.940791199967967,0.9718075097178605,1.2555441791372675,1.0182873977694407,1.0190336969488394,1.0136791844329958,1.0103816145412337,1.0402852729692174,0.8465889063059925,1.9296146639955791,0.9669066567538046,1.2539727846702644,1.0080462863420325,1.008816373393851,1.003748940294374,1.0002148684677115,1.0305780286068555,0.8405442149241387,1.9111219491341718,0.9587904709978667
2023-11-17,1.26644921408699,1.0340276784651157,1.0339567570208472,1.0271869171546928,1.0244222730860268,1.055160265679364,0.855487488458712,1.9554209826046938,0.9804036882520407,1.2654989020203904,1.027777981146435,1.0277265991707691,1.0211399358052888,1.0182274875870236,1.0492438948717664,0.8518185893084235,1.944160197336498,0.975459484514681,1.2639150485760617,1.0174414211039426,1.01742211638356,1.0111366043588461,1.0079817941159699,1.0394530546590952,0.8457365577021241,1.9255280834512338,0.9672715065765702
2023-11-20,1.2724159687517806,1.0385337429322976,1.0383474622115707,1.0311024768389312,1.0297540103314393,1.058754791682465,0.8583201016871265,1.9651708417727618,0.98331933146478,1.27146117938053,1.0322568108116819,1.03209084794905,1.0250324448489987,1.0235269832759606,1.052818266070518,0.8546390544079558,1.953853909479724,0.9783604240556145,1.2698698637617831,1.02187520632126,1.0217426070977302,1.0149909814514322,1.0132279647777966,1.0429940722234452,0.8485368845256255,1.9351288946345129,0.9701480957171663
2023-11-21,1.2635864509205295,1.0312103660041776,1.030461997372944,1.0229526479025912,1.0229012805628312,1.0508462694582938,0.8530426599621506,1.950674310672722,0.9765562767669625,1.2626382870003776,1.024977696614729,1.0242528973708915,1.0169305934158335,1.016715692660048,1.0449540875840144,0.8493842458619821,1.939440860312886,0.9716314756353577,1.2610580138001293,1.0146692995702082,1.0139832435940765,1.006968497695873,1.0064852112978813,1.0352032769754256,0.843319595601861,1.9208539748120974,0.9634756298900734
2023-11-22,1.2692120276072345,1.0356422781939754,1.035290515408038,1.0279164385967157,1.0272359350595799,1.0555790332609976,0.8565248454683573,1.959063547235968,0.9802611638556429,1.268259642393921,1.0293828221813965,1.0290523209304803,1.0218651626028998,1.0210241350609401,1.049660314388963,0.8528514974414895,1.9477817853399753,0.9753176788728756,1.26667233370507,1.0190301219451847,1.0187345458172143,1.0118547266610043,1.0107503009306393,1.0398655884286843,0.8467620908142753,1.9291149634917468,0.96713089124711
2023-11-24,1.2753879600567821,1.039761775605393,1.0394763183879436,1.0320896019707329,1.0313346374042016,1.0600817252071457,0.8604447217659792,1.970699576169506,0.9861146667129129,1.274430940576998,1.0334774212148863,1.0332129021464027,1.026013758840528,1.0250980521363264,1.0541377593692687,0.8567545627032849,1.9593508052640156,0.9811416623484354,1.2728359081106966,1.0230835408118135,1.022853411038281,1.0159626822560062,1.0147832250981639,1.0443012528958249,0.8506372879753019,1.9405731101981065,0.9729059883783708
2023-11-27,1.269350543011952,1.0350132082289225,1.0343540509227247,1.0276983112278344,1.0259950129302393,1.0547929621602536,0.8568786482074223,1.9614653655976861,0.9812501414473198,1.2683980538601156,1.0287575543359153,1.0281214991584862,1.0216483193353922,1.0197907169137113,1.0488786508538415,0.8532037828391716,1.9501697722244486,0.9763016690223758,1.2668105719403935,1.018411142538205,1.0178130569134511,1.0116400076420946,1.009529293786268,1.0390912188533465,0.8471118608748306,1.9314800647911492,0.9681066218125237
2023-11-28,1.2664509918589326,1.0325285059017564,1.0318510577060254,1.0260072978703478,1.024396721914355,1.0526634014393585,0.8546379053830558,1.9575723129494078,0.9792903408417525,1.2655006784583367,1.0262878696313866,1.0256335878518685,1.0199672608615433,1.0182020909258809,1.0467610307558943,0.8509726498098696,1.946299138702435,0.9743517517471086,1.2639168227906818,1.0159662959258544,1.0153500906060735,1.0099754172197881,1.0079566530032273,1.0369933589656912,0.8448966582581451,1.9276465259924456,0.9661730720849451
2023-11-29,1.272272316146836,1.0350564988905573,1.0348057182176655,1.0298847329253669,1.0293177929710082,1.055701483628289,0.8560434028827734,1.9681884958648157,0.9835909452080477,1.2713176345689354,1.0288005833473666,1.0285704449096833,1.0238218697132009,1.0230934037661985,1.0497820781669258,0.8523721196018159,1.9568541856490456,0.9786306680430349,1.269726498605773,1.0184537387986452,1.0182575013179194,1.0137922653996834,1.0127987480679066,1.0399862159887483,0.846286135758759,1.9381004172642085,0.9704160712845836
2023-11-30,1.2756481113458698,1.0383786578856162,1.0381641711408138,1.0337616893459673,1.032563985586622,1.0598698813294065,0.8600203578694705,1.97590076004787,0.9870842834147056,1.2746908966550137,1.0318051785980986,1.031629831970278,1.0274169634798884,1.0260426217280603,1.053633037856004,0.856170273449465,1.9643805774735377,0.9819206852332614,1.273095538836925,1.0209372951804265,1.0208261573876205,1.016924638004035,1.0152607003672303,1.0433157053717954,0.8497895198432031,1.9453211728525213,0.9733715634709977
2023-12-01,1.3001076037545334,1.0605086404158592,1.0588016194583414,1.0542391720309632,1.0515124262044788,1.0817821641001872,0.8752863278537433,2.016221023606722,1.0069627448041765,1.2991320352674727,1.053795066779627,1.0521373855267746,1.0477687653475327,1.0448713896887778,1.0754163769892744,0.8713679017105972,2.004465759996421,1.0016951591630945,1.297506087789043,1.042695566438449,1.0411189469578066,1.0370686004678096,1.0338916107622145,1.0648857387863009,0.8648738852121969,1.9850174288497753,0.992973870353173
2023-12-04,1.303185323090383,1.0633564671910558,1.0616219730502945,1.056740856904922,1.0547989457705342,1.084211486258574,0.8762333576138551,2.020372182422662,1.008256167485342,1.3022074451590984,1.0566248653238126,1.0549399874495187,1.0502550960979133,1.048137152584818,1.0778314037116692,0.8723106918681329,2.008592716125454,1.002981815740173,1.300577648606962,1.0454955590451267,1.0438921988189107,1.0395295399774371,1.0371230561767169,1.067277117205389,0.8658096490668065,1.9891043431826214,0.9942493246163487
2023-12-05,1.287004156543755,1.0479128031365859,1.0472943719522214,1.0421409706948253,1.041183900654117,1.0686050765967767,0.8660928824356515,1.991110961263211,0.9940280961025155,1.2860384205583533,1.0412789677295973,1.0407025661203853,1.0357448168800603,1.034608096002181,1.062316830544103,0.8622156129240276,1.97950209797245,0.9888281737092796,1.2844288605826886,1.0303112979976672,1.029803877934694,1.025167444581451,1.0237361664213356,1.0519144650615277,0.855789805404018,1.9602959767828732,0.9802189116923691
2023-12-06,1.287731216668382,1.048181061096604,1.0495125576913784,1.043654213948439,1.0420427547007451,1.070700931539641,0.8663578580444022,1.995799480678342,0.9945010015105233,1.2867649351151027,1.0415455274766077,1.0429067903124518,1.0372487725834467,1.035461525784727,1.064400352351125,0.862479402306832,1.9841632817031387,0.9892986052723018,1.2851544658596423,1.030575050102,1.03198501853598,1.0266560413864523,1.024580628142899,1.0539775847110158,0.8560516288518818,1.9649119353735076,0.9806852474289427
2023-12-07,1.2982276489239095,1.0587048767457763,1.059538281108604,1.052310717587927,1.0511084674639155,1.0810066680659713,0.87235156780761,2.011919242047853,1.0045793310586153,1.2972534911083071,1.0520027218757473,1.0528694105336134,1.0458521468188202,1.0444699822302348,1.0746454443901226,0.8684462798115168,2.0001890593069738,0.9993242134418845,1.2956298947489755,1.040922100094072,1.041843305881604,1.0351715550881995,1.0334944213971113,1.064122355274604,0.8619740371939049,1.9807822228532697,0.9906235673416718
2023-12-08,1.298024280133484,1.0593490735754518,1.059748588349849,1.0536655723349728,1.0507135264117222,1.0819472925127867,0.8718827164698607,2.0137100306641686,1.0040296844951486,1.297050274920776,1.0526428406030035,1.0530783940739616,1.047198686127166,1.0440775355070515,1.0755805336976294,0.867979527397606,2.001969407008326,0.9987774421688498,1.2954269328996013,1.0415554765255484,1.0420501008557697,1.0365043430870073,1.0331060986056422,1.0650482880475856,0.861510763331213,1.9825452967291752,0.9900815565490502
2023-12-11,1.3025240915740297,1.062243713166329,1.0641995242838227,1.0583403299256027,1.0554006688388382,1.0864010672000606,0.8769565514463149,2.0218941896126053,1.0080775114812714,1.301546709814468,1.0555191556132946,1.0575013152431927,1.0518447523320456,1.0487350753510338,1.080008099983212,0.8730306481524562,2.0101058494888053,1.0028040943146723,1.2999177402152036,1.0444014956458276,1.0464267032781631,1.0411029621107162,1.0377146958157912,1.0694324989410886,0.8665242397552898,1.990602795367922,0.9940731505277451
2023-12-12,1.300478951692565,1.058313746428068,1.0608764121789522,1.055917842413148,1.0526918398621619,1.0836398301128658,0.8742883889372,2.019766801786684,1.0057826529424878,1.2995031045552257,1.0516140676172523,1.054199119234445,1.0494371328683287,1.0460433545242,1.0772631114976703,0.8703744303035024,2.0079908650672738,1.0005212405535724,1.2978766926596648,1.0405375394854817,1.0431590892967872,1.0387199300617815,1.035051260287897,1.066714389793849,0.8638878178186028,1.9885083315849668,0.9918101725010733
2023-12-13,1.334373844677028,1.0906294125911373,1.0909158935513195,1.085679214676443,1.0824060631580592,1.1163819849410845,0.8965172365159504,2.0759489028103357,1.0343097086957478,1.333372563653007,1.0837251587338566,1.0840495282372868,1.0790158443207667,1.0755699117145658,1.1098125939061487,0.8925037651917048,2.0638454050745585,1.0288990666456124,1.33170376194631,1.0723104082303552,1.0726968918830329,1.0679965738252997,1.0642675447752181,1.098945142796423,0.88585223009997,2.0438209428590275,1.019940926202993
2023-12-14,1.3570354730392533,1.1140853985455947,1.1136557019870825,1.1090711913147149,1.1026193628988308,1.1404055473350398,0.9098570767372787,2.1200751169862104,1.0568770279880109,1.356017187291599,1.1070326560453039,1.1066462093863232,1.1022642523969948,1.0956555503280543,1.1336947887596502,0.9057838864650668,2.1077143482103597,1.0513483326258983,1.3543200443788461,1.0953724103952454,1.095056930796437,1.0910075613867787,1.0841421183009348,1.1225934796216515,0.899033379025968,2.0872642475278687,1.0421947369787752
2023-12-15,1.3438605899094025,1.1016530176242956,1.1030297451001687,1.0979569442919181,1.090841594412432,1.1273105953640552,0.8999441678875663,2.0965907941205186,1.0459379786955145,1.3428521902671482,1.094678978589123,1.0960871336423352,1.0912182192104178,1.0839521666883223,1.1206768945173295,0.8959153550949919,2.0843669470426183,1.0404665072766686,1.341171524196729,1.0831488527806377,1.0846084342686528,1.0800743339835694,1.0725617168447759,1.1097030585491316,0.889238394553141,2.0641433745445372,1.0314076545668367
2023-12-18,1.3426910708312134,1.1005200390548375,1.1011323739343737,1.0972496881813845,1.09005558925375,1.1258198354607443,0.9001330291713603,2.092443889217712,1.0444291053090675,1.3416835487670569,1.0935531723658058,1.094201704775335,1.0905153038934972,1.0831711257020364,1.1191949070457454,0.8961033708966069,2.0802442200249387,1.0389655270519353,1.3400043453268005,1.0820349045427615,1.082742750429662,1.0793785970728356,1.0717888832392708,1.1082355829207913,0.8894250091352306,2.060060648290087,1.0299197426712436
2023-12-19,1.3597009543769454,1.1173560839165533,1.1161548106013668,1.1122808991389888,1.104846764055941,1.1425833497708866,0.9101940491613014,2.124223371333056,1.0600981552694013,1.3586806685182322,1.1102826362694658,1.1091295882887144,1.1054542605975883,1.097868883888766,1.1358597758366045,0.9061193503523813,2.1118384168043542,1.0545526096673934,1.3569801920870481,1.098588158957347,1.0975143026789693,1.094164992157272,1.0863321935798838,1.1247372668209499,0.8993663428119882,2.0913483023419883,1.0453711158865413
2023-12-20,1.341115881074285,1.1005522749905625,1.0993934137834656,1.095039153227979,1.088311588549004,1.1246112248293967,0.8972513775948542,2.0911494944268485,1.0432787464465534,1.3401095409934376,1.0935852042312197,1.0924736898638658,1.0883183361272313,1.0814381395816879,1.11799340852831,0.8932346197145357,2.0789573720019163,1.0378211859034405,1.3384323075253635,1.0820665990202787,1.081032832039056,1.0772040654758006,1.0700741077854905,1.1070458496567586,0.8865776378059972,2.058786285911363,1.0287853647631235
2023-12-21,1.356096724854341,1.1151915442122473,1.1135889956907183,1.1098932116416027,1.1020722946397348,1.1399673153345338,0.9078613762042025,2.117365323338331,1.0574749599062667,1.355079143520032,1.1081317992321063,1.1065799229479907,1.1030812275633934,1.0951119371876943,1.1332591355515416,0.9037971201571623,2.105020353593582,1.0519431366651901,1.3533831746295215,1.0964599764352556,1.094991338538407,1.0918161933296795,1.0836042175881155,1.1221620923949942,0.8970614194296219,2.0845963913966967,1.0427843623389403
2023-12-22,1.3606982229561277,1.1180435753400813,1.1188818583643714,1.1148849513779615,1.105891537651181,1.1440811427103905,0.9112903641222959,2.127981487609865,1.0615673669381303,1.3596771887718175,1.110965775513181,1.11183947166143,1.1080423304319438,1.0989070590079217,1.1373487549582204,0.9072107574003107,2.115574621967751,1.0560141356512944,1.3579754651313047,1.0992641027752077,1.1001958069788735,1.0967266317573394,1.0873594592862565,1.126211665636038,0.900449615964508,2.0950482569708537,1.0468199170508283
2023-12-26,1.3720273965214596,1.1268788923492308,1.128184248985231,1.1239504173510884,1.1151346712452972,1.153761693469964,0.9174649505336078,2.1447655023047907,1.070889690719905,1.37099786120641,1.1197451603506539,1.1210833118361239,1.1170521569892937,1.10809181574772,1.1469723401592027,0.9133577018160295,2.1322607800711286,1.065287692843493,1.369281969014665,1.1079510153777359,1.1093428416541078,1.1056444469540823,1.0964477002256487,1.1357410152496372,0.9065507492384898,2.1115725176076663,1.0560127337404612
2023-12-27,1.3725333442422039,1.128529117422588,1.129136488123004,1.1245035584086003,1.1165854274304456,1.1549180258974445,0.9164354611075644,2.1473040697695365,1.0719697624285123,1.3715034292765385,1.1213849386373238,1.122029557457967,1.117601903136343,1.1095334093927398,1.1481218681057934,0.9123328211427482,2.1347845468124462,1.0663621145215971,1.369786904333767,1.1095735220712601,1.1102791777818117,1.1061885789097088,1.0978741452316298,1.1368792868464375,0.9055335066615717,2.1140717974995193,1.057077800934147
2023-12-28,1.3715740365334834,1.1271648004890362,1.1283672336255015,1.1232923693169943,1.1151263455386424,1.1540946484030346,0.9172485770649912,2.1457337274893873,1.0708949189492942,1.37054484140852,1.1200292585425942,1.1212651447474717,1.1163981477336011,1.1080835426237268,1.1473033358066687,0.9131422969943905,2.1332233601691275,1.0652928937231652,1.3688295162002517,1.1082321211966069,1.1095227703324237,1.104997116659531,1.0964395140377832,1.136068769738158,0.9063369497576751,2.112525758271251,1.0560178893385193
2023-12-29,1.3626704925349626,1.118917803195262,1.1208367375595698,1.1153746631461763,1.1078024651664486,1.1456919235792182,0.9122417667072535,2.130476835397532,1.0630383470347053,1.3616479784084974,1.1115308466600335,1.113478089176124,1.1082364864707606,1.1005055335863365,1.138649408361807,0.9080258802336486,2.117747003182401,1.057256019578172,1.3599437881977259,1.0993225148100052,1.1013159737726943,1.096436200847389,1.0884457573816801,1.1270034082334397,0.9010402695114972,2.096690518303091,1.0476851991490805
2024-01-02,1.3619815569278984,1.1182322469195989,1.1210144764007728,1.114714072846928,1.1054121786043647,1.1445325652543372,0.9119443624140814,2.1287296269484624,1.062208696316904,1.3609595597616184,1.1108498163418592,1.1136546611055076,1.1075801238184384,1.0981309914895783,1.1374971765588797,0.9077298503817512,2.1160102344949996,1.0564308816911054,1.3592562311511558,1.0986489644858852,1.1014906170712382,1.095786827016374,1.0860972364591925,1.1258629613501077,0.9007465170718989,2.0949710180823904,1.0468675308307847
2024-01-03,1.341192561109002,1.0992572633960838,1.1009101387310973,1.0949603640214323,1.0856478890251355,1.125609148339897,0.8977468002009239,2.09351813029792,1.0433098970529808,1.3401861634893595,1.0920001033057245,1.0936823147838455,1.0879528348124439,1.0784968863731246,1.118690081012202,0.8935979015977055,2.081009130389899,1.037634881207851,1.3385088341232927,1.080006284437377,1.0817364214102874,1.0763685255496913,1.0666782896554023,1.107248223025541,0.8867232879786678,2.060317925433919,1.0282416813252302
2024-01-04,1.3362093357175708,1.094199317053028,1.0968969473111045,1.090846104756525,1.081648155142289,1.1202253282328147,0.8949346555241956,2.087247996669249,1.0383321847105533,1.335206677386616,1.0869755488969886,1.0896954712373346,1.0838649059910115,1.0745234981479197,1.1133393549980881,0.890798753127835,2.0747764614957576,1.0326842448056552,1.3335355801683626,1.0750369164661606,1.077793124702982,1.0723241241958075,1.0627484433946017,1.10195222373889,0.883945673874711,2.0541472271614474,1.0233358606073508
2024-01-05,1.338395047350961,1.0971665965012924,1.0993252756128717,1.0934489153917635,1.083514714842646,1.1231185118556557,0.8964752548040277,2.0931783858130264,1.0406105733132378,1.337390748916229,1.0899232387344258,1.0921078567942457,1.0864510591542982,1.0763777630946072,1.116214754355132,0.8923322325937075,2.080671415915478,1.0349502402627766,1.3357169181916808,1.0779522307956806,1.080179160651557,1.0748827405053945,1.0645823885704215,1.10479821377904,0.8854673559999656,2.0599835688108907,1.0255813431184955
2024-01-08,1.3527529057393683,1.110027138621263,1.1125858913408364,1.1071680952912617,1.0975535539683032,1.135803291580868,0.9070297393467756,2.1196238799805553,1.0535067748386115,1.3517378335239547,1.1026988771506674,1.10528141237757,1.100082439022829,1.090324130455861,1.1288215613265824,0.9028379400356433,2.106958895361605,1.0477762937446924,1.3500460464982704,1.0905875499091784,1.0932088262878448,1.0883689761038593,1.078375926105644,1.117276079502614,0.8958922410951515,2.086009675244736,1.0382912886261684
2024-01-09,1.343814445706692,1.1014181188200125,1.104896593075707,1.099110429538174,1.0907456080357398,1.1268479867794028,0.9007760334327882,2.1064283326021163,1.044617901262508,1.3428060806899023,1.094146693030198,1.0976425967923462,1.0920763407327987,1.0835610274598617,1.1199213043691694,0.8966131353572001,2.093842192822651,1.0389357706141586,1.341125472328591,1.0821292974165166,1.0856534467015833,1.080448125184498,1.07168693587518,1.108466853544653,0.8897153249882255,2.073023390384694,1.0295307944174992
2024-01-10,1.3432801146876396,1.100400935498037,1.1049906386742427,1.0989476413690413,1.0907550911143806,1.1257659133600912,0.9021696608330927,2.108505736918293,1.0441835435965017,1.3422721506195885,1.093136225026333,1.0977360249517236,1.0919145943756692,1.083570448074861,1.1188458824050747,0.8980003221678269,2.0959071844207227,1.0385037756082247,1.3405922105061752,1.0811299277359705,1.0857458543792222,1.0802881010709833,1.071696253255343,1.1074024308962738,0.8910918399146374,2.075067850038064,1.0291027100505699
2024-01-11,1.3380779280775668,1.0952670279108647,1.100115101720197,1.0944079340237676,1.0860053884239294,1.1205766708256988,0.8990369102208347,2.100471007032954,1.0388550324753862,1.337073867601269,1.088036210860191,1.0928924974428749,1.0874039402572222,1.0788520309760634,1.1136885379043187,0.8948820494291034,2.0879204629256343,1.0332042485743194,1.3354004334741114,1.0760859288082425,1.0809552309563135,1.0758254755164718,1.0670295424428975,1.102297835234868,0.8879975566237396,2.067160539483066,1.0238511570368274
2024-01-12,1.335576591923899,1.091769444514657,1.096139861805754,1.090269211298355,1.0832355969936218,1.1173666471564991,0.8984626344769691,2.095153676846086,1.0360837853059857,1.334574408388187,1.0845617180756908,1.0889433562382527,1.0832917045365809,1.0761004837537205,1.1104982461020139,0.8943104276761304,2.082634904368472,1.030448075422372,1.3329041024953385,1.0726495975925834,1.0770492247819556,1.0717570260784937,1.0643081477665486,1.0991401734400672,0.8874303324624361,2.0619275345518426,1.02111993416922
2024-01-16,1.3226205805229545,1.079272286501985,1.0842087906306201,1.078782858288436,1.0722423462939141,1.1038094730116852,0.8904382185034948,2.0753756154983933,1.0234985557795264,1.3216281188567278,1.0721470647499491,1.0770906163264273,1.0718788619082853,1.0651796439762857,1.0970244072790738,0.8863230961993278,2.062975019101511,1.017931302427552,1.3199740160796885,1.0603712987441458,1.065325948028908,1.0604657051691024,1.053506982883663,1.0858041437860506,0.8795044490011805,2.042463124984401,1.0087164693840172
2024-01-17,1.313359863490248,1.0707637672811166,1.0755493595885615,1.0697925799324672,1.0628573733579592,1.095052496672897,0.8850101765167439,2.0605449354670333,1.0149947089429574,1.312374350836302,1.0636947177174971,1.068488037193397,1.0629461195511036,1.0558564884739872,1.0883212596684586,0.8809201396774451,2.048232954006159,1.0094737117088233,1.310731829746397,1.0520117867938634,1.0568173317328655,1.051628076907605,1.0442859942178297,1.0771900111588413,0.8741430584212299,2.0278676383378933,1.00033544108776
2024-01-18,1.3197541463390947,1.0769462450514573,1.082288165634185,1.0765657169391438,1.0691505305727238,1.1016931086824193,0.8893118147133501,2.0712706923024444,1.0201478109063153,1.3187638355739566,1.0698363795365329,1.0751826008417538,1.0696759098239894,1.0621081935896068,1.0949210521433683,0.8852018980363271,2.0588946232708314,1.014598783711595,1.3171133176320646,1.0580859925941817,1.06343877310207,1.0582862096882724,1.0504691906687578,1.0837223015708284,0.8783918764226257,2.0384233000023557,1.0054141183262397
2024-01-19,1.3261183519479174,1.0833778148399127,1.0887687950385871,1.081998594235051,1.0748786398155628,1.1085457958212879,0.8945526544163045,2.083126281856876,1.0259342531700535,1.3251232656408019,1.0762254888990794,1.081620682860357,1.0750740177824933,1.0677985726210204,1.1017316161316217,0.8904185174217951,2.0706793743803984,1.0203537510016687,1.3234647884622806,1.0644049281351393,1.0698065342968976,1.0636268396477084,1.0560972122693868,1.0904632077447458,0.8835683633921507,2.0500908768540103,1.0111169887187894
2024-01-22,1.338659143503552,1.0961052543058054,1.101019542008283,1.0947002316403949,1.086473816122975,1.1212374686159314,0.9023213562466404,2.107493427639683,1.0380208261333261,1.3376546468976205,1.088868903388454,1.0937909997938453,1.087694367227063,1.0793173732108883,1.1143452738011246,0.8981513165274815,2.0949009238008216,1.032374579843014,1.3359804858877389,1.0769094755833808,1.0818439192935294,1.0761128100766701,1.0674897852729133,1.1029478540980706,0.8912416726468088,2.074071594537518,1.0230289988898043
2024-01-23,1.337944037880181,1.094539803338473,1.0992978095602195,1.0930897016513723,1.0842516029894356,1.119589690921266,0.9011813659106395,2.1062227894671706,1.0369614063214723,1.3369400778717657,1.0873137873342142,1.092080571064933,1.0860941443106165,1.0771097974677697,1.1127076249196688,0.8970165946082675,2.093637877830427,1.0313209226758315,1.335266811191078,1.0753714399123913,1.0801521729543224,1.074529626021248,1.065306401020527,1.1013269549368918,0.8901156803527939,2.072821106870045,1.0219848799644045
2024-01-24,1.3292988653677265,1.0863621649859811,1.0897406723194552,1.0844364957849677,1.0746717508313286,1.1113968918474726,0.8942512772159733,2.0898539841283257,1.0293423366853134,1.3283013924822569,1.0791901367356918,1.082586179458881,1.0774963172459042,1.0675930463840357,1.1045651866025177,0.89011853302336,2.0773668778946095,1.023743296469887,1.3266389376731456,1.067337014208201,1.0707614851279141,1.0660233469396085,1.0558939382704386,1.093267796720701,0.8832706868290711,2.05671188738468,1.0144758502935969
2024-01-25,1.3441574577026172,1.1011850544899018,1.103860579114822,1.0983730876391342,1.08707547180805,1.126176923765945,0.905004437224486,2.1156367390507658,1.0423898365760482,1.343148835298137,1.0939151673618832,1.0966133845914343,1.0913437176757044,1.079915065878632,1.1192543663489904,0.9008219977608568,2.1029955780351557,1.0367198253396162,1.3414677979573413,1.0819003146755521,1.0846354762104848,1.079723302954604,1.0680809281873007,1.1078067369044455,0.8938918078364364,2.082085764670478,1.0273349090091672
2024-01-26,1.347530696085466,1.1051220339293266,1.107942535336317,1.1017658463313718,1.0897604590873875,1.1297837872828098,0.907737419404546,2.12316356596336,1.046006084698107,1.3465195424866014,1.0978261553514304,1.1006685414767334,1.094714763385065,1.0825823675424497,1.1228390586427877,0.9035423495801659,2.1104774313333374,1.0403164031168899,1.3448342864884986,1.0857683469168342,1.0886463400948732,1.0830584544277564,1.0707190005013747,1.1113547652992346,0.8965912314870108,2.0894932268678312,1.0308989287310333
2024-01-29,1.3556620778811148,1.1127971351644115,1.115637900259263,1.1099557915909124,1.0973993361222347,1.1381964492166416,0.9135211224840217,2.138629239018496,1.053286128674518,1.3546448226951098,1.1054505865202555,1.1083133838902426,1.1028522946189367,1.0901709284200172,1.1312000083331546,0.9092993235221805,2.125850695299665,1.0475568477709556,1.3529493973851066,1.0933090362928368,1.096207680680571,1.0911093388186475,1.0782244029184838,1.1196301999746616,0.9023039159657271,2.1047136364564802,1.038073829189249
2024-01-30,1.3508023688069641,1.1076781184714037,1.1097769340623853,1.1044145010893933,1.092057058217008,1.1335327089466631,0.9126296937411608,2.1337598746813438,1.0474863392051266,1.3497887602260674,1.1001024833985258,1.1021867864141046,1.097053942431401,1.0845846491962403,1.1262752382956103,0.9082539959992874,2.1204271132564654,1.0416448861869987,1.3480994125912444,1.0875863495538367,1.0896466873079438,1.0848903761875193,1.0722391226255503,1.1142779090874992,0.9010052923159985,2.0983814589088237,1.031978021252543
2024-01-31,1.3318516877013913,1.090229491025086,1.0935065953918717,1.0868951379909098,1.0760856548218667,1.1154668301725585,0.8989098898524635,2.1030747728396637,1.0299491586524252,1.330852299241384,1.0827731906504852,1.0860277262077638,1.0796513401139556,1.0687225302546046,1.1083250267483564,0.8945999731336122,2.089933746739368,1.024205504156755,1.3291866518080437,1.0704542163893271,1.0736714763537876,1.0676807249164326,1.0565575577891257,1.0965189071042714,0.8874602411325555,2.068205125792181,1.014700483390943
2024-02-01,1.3511299072130538,1.1067963296322807,1.1101305255232021,1.1038392877136805,1.092227018718836,1.1327483952396427,0.914380290229237,2.1412978695810314,1.046652167971008,1.350116052855464,1.099226725291928,1.102537959540829,1.096482562663259,1.0847534467419961,1.1254959461761143,0.9099961990708965,2.1279180071262704,1.0408153668245947,1.3484262955928195,1.0867205551604777,1.089993864972314,1.0843253315824823,1.0724059987956092,1.1135069181574364,0.9027335910019646,2.1057944714612398,1.0311562001486756
2024-02-02,1.3413109157681964,1.0997852582064247,1.1018984586903877,1.0969000755282825,1.0849336964796088,1.1247765582825624,0.9081705844035147,2.127692193291134,1.037771524768282,1.340304429338154,1.0922636040040288,1.0943621946555446,1.0895895980400585,1.0775100291176256,1.1175751490984256,0.9038162663239439,2.1143973456677743,1.0319842477618006,1.3386269519547551,1.0798366549990928,1.0819111196216438,1.0775087925830074,1.0652450309872217,1.1056704951358405,0.8966029798120463,2.0924143816013627,1.0224070372653167
2024-02-05,1.3239615801893916,1.0855111507564315,1.08782623884573,1.0834383165799164,1.0716237573710135,1.1100173100909116,0.8971019131832685,2.100850476281876,1.0228706656461757,1.3229681122702888,1.0780871200668856,1.0803862195814184,1.076217557278371,1.064291163372196,1.1029103973511536,0.8928006649961152,2.0877233486598925,1.017166485349631,1.3213123324051224,1.0658214603718839,1.0680941558101231,1.0642850140874944,1.052176631928201,1.0911619555190362,0.8856752931317395,2.0660177087770992,1.0077267893840287
2024-02-06,1.3297193101743023,1.0899592654227481,1.09239172621752,1.0874643284867338,1.0754062497636314,1.11424313951262,0.9016096625308178,2.116593318549703,1.028200872321783,1.328721521797482,1.082504813175791,1.08492048200865,1.0802167371427183,1.0680477740308305,1.107109170797536,0.8972868014717886,2.1033678220519163,1.0224669673875917,1.3270585411694529,1.0701888923105163,1.0725768297943505,1.0682398531156077,1.0558904821285013,1.095316002715925,0.8901256261051568,2.0814995297248604,1.0129780809112618
2024-02-07,1.3296517183199557,1.0908791859506788,1.0934496568482188,1.0880679751731825,1.077085971533123,1.1157947275208302,0.901475341131055,2.119301906282385,1.0280334444429764,1.3286539806623856,1.083418442180851,1.0859711770864713,1.080816360722951,1.0697160022908865,1.1086508247259061,0.8971531240899113,2.106059485221311,1.0223004731935992,1.3269910845664405,1.0710921267359037,1.0736155706185293,1.0688328283799668,1.0575397214084663,1.096841234610786,0.8899930155919469,2.084163208213489,1.0128131318473872
2024-02-08,1.3361915601735646,1.098118209268923,1.0992184542941807,1.0951104914495475,1.0833020498311283,1.1220909472008662,0.90664259275536,2.131742102020098,1.0351171010062896,1.3351889151809369,1.0906079563519626,1.0917005197347853,1.0878119409493991,1.0758895470241865,1.1149067327067916,0.9022956007902584,2.11842194861256,1.029344626762494,1.3335178401932288,1.0781998440535385,1.0792797278322974,1.0757508452339977,1.063642994392487,1.10303050329695,0.8950944505903435,2.0963971415585485,1.0197919129635094
2024-02-09,1.336373265360224,1.100161505099148,1.1007385120585618,1.0970730420773962,1.0834278977562994,1.1231321082019075,0.9073593033943588,2.1346802220481575,1.0354381643167179,1.335370484020533,1.0926372776680235,1.0932101812992532,1.0897614118241286,1.0760145338339386,1.1159412276492813,0.9030088750857478,2.1213417098487812,1.0296638996187908,1.333699181787719,1.0802060772868172,1.0807722132648532,1.077678701384776,1.063766558512012,1.1040539785739378,0.8958020322997989,2.0992865466242656,1.0201082228449767
2024-02-12,1.3532467142505953,1.1148937070486293,1.1159690615727875,1.110947460136598,1.0980014062327765,1.138221415043758,0.9186590003456907,2.1668912751225387,1.0520952203196707,1.3522312714935276,1.107268723103561,1.1083365638263762,1.103543361459682,1.0904883229638995,1.130933924838243,0.9142543944678281,2.1533514927188713,1.0462280652360463,1.3505388668984197,1.0946710572046632,1.0957264958009891,1.091307843896743,1.078075596510362,1.1188869702861408,0.9069578020764556,2.130963530217981,1.0365186666383195
2024-02-13,1.3217909429046777,1.0878400265923283,1.0882900399205262,1.0835284976870512,1.071132168152197,1.1100200710280035,0.8962714439751281,2.1151650207288375,1.0241146766694142,1.3207991037779345,1.0804000682491,1.0808468485605178,1.0763071373581485,1.0638029378564808,1.102913140611279,0.8919741775587454,2.1019484489251146,1.0184035589726625,1.3191460385667009,1.0681080935793923,1.0685495439959916,1.064373600949717,1.0516939637482645,1.0911646695573571,0.8848554018255818,2.080094913535069,1.0089523824883286
2024-02-14,1.3356060466108923,1.1003495909229957,1.1007743924931503,1.0959234093395505,1.0821020351009853,1.1229127129889123,0.9055807595621728,2.1416741164875273,1.0379447330776463,1.3346038409731138,1.092824077134815,1.0932458163351604,1.0886194410095857,1.0746977434042846,1.1157232371194565,0.9012388586664695,2.1282919030605205,1.032156490150977,1.3329334982434884,1.0803907514905866,1.0808074428641434,1.0765493921515046,1.0624647567429932,1.103838310126728,0.8940461422423032,2.10616448007464,1.0225776811789147
2024-02-15,1.3558554253376145,1.1167813466910634,1.118736233382532,1.1116351883743714,1.1011600787573255,1.141281692628858,0.9197070008008714,2.17816727400663,1.0565911714265386,1.3548380250684753,1.1091434527960362,1.1110848099926336,1.1042265062154113,1.0936253822468247,1.1339746089219094,0.915297370176108,2.1645570337202678,1.0506989440472863,1.3531423579532487,1.0965244576409032,1.098443473873927,1.0919834142970382,1.081176947516612,1.121895264340506,0.907992453877666,2.1420525694626553,1.040948053975661
2024-02-16,1.3464828157665687,1.1063507762842624,1.110872759731285,1.103653021434199,1.0914406096425977,1.1310098040281953,0.9130827162050663,2.170443025881656,1.0475810928841311,1.3454724484710945,1.0987842191735286,1.103275117352876,1.0962975377871411,1.083972418676055,1.12376848633705,0.9087048463999937,2.156881050425212,1.041739111458955,1.3437885029786432,1.086283083541944,1.090722635792125,1.0841423581664158,1.071633860955753,1.1117978595969216,0.9014525445151284,2.1344563918225274,1.0320713720777572
2024-02-20,1.3350162820086218,1.0962679312655685,1.0998435324415279,1.0937938887888699,1.081529979187047,1.1195444203602725,0.9056051713355552,2.1585844034506385,1.0360181034403968,1.3340145189155672,1.0887703327747482,1.092321322756849,1.0865041130115303,1.0741296017874422,1.1123765100660343,0.901263153395072,2.1450965263899775,1.0302406046314196,1.332344913760482,1.0763831275672504,1.0798934676854695,1.0744575178153308,1.061903082124768,1.1005272331389953,0.8940702430765881,2.1227943891142034,1.0206795758134126
2024-02-21,1.334910550529254,1.096346475145483,1.101365593517143,1.0970009509887637,1.0852224861769753,1.1200915577622426,0.9075535779500371,2.163985834999255,1.0361251019832856,1.333908866774478,1.0888483394771546,1.0938329739312134,1.089689801198842,1.0777968427692135,1.1129201444075232,0.9032022181719153,2.1504642071876097,1.030347006482077,1.3322393938498571,1.0764602467684077,1.0813879200911913,1.0776078847410346,1.0655285799184762,1.1010650765690426,0.8959938323300073,2.1281062632138483,1.0207849902139967
2024-02-22,1.3414683221039054,1.1044689221918669,1.1099342597167845,1.1055667344365583,1.0940780847165765,1.1289953193332445,0.914617789811518,2.179851740618686,1.0425694533603196,1.340461717560054,1.0969152354625433,1.1023430360640305,1.0981984965230591,1.08659184680607,1.121766899429199,0.9102325599367925,2.1662309749720277,1.0367554200388338,1.338784043320307,1.0844353637137634,1.08980115923188,1.0860222400558663,1.0742234728610933,1.1098175940288777,0.9029680654903859,2.1437091070837955,1.0271339312296612
2024-02-23,1.3487447570618871,1.110535403658159,1.1162034509927343,1.1112395852678125,1.0991354336930563,1.1354856789609702,0.9188796979097801,2.194832060015101,1.049324034772348,1.347732692461789,1.1029402270329907,1.1085693501761475,1.103833539673175,1.0916145908323516,1.1282157043720522,0.9144740338745517,2.1811176901035245,1.0434723335897182,1.3460459181282978,1.09039180748794,1.0959566336306248,1.0915948047644104,1.079189044383707,1.1161977048965461,0.9071756885583546,2.158441048031304,1.0337885092409256
2024-02-26,1.3478127168795033,1.109262649902484,1.1149507594625445,1.1107428912527033,1.0990680119975091,1.1345274708512176,0.916763449622996,2.195748372136,1.0489785946400416,1.3468013516592319,1.1016761778981166,1.107325226235876,1.1033401559599767,1.0915476304702871,1.1272636312129536,0.912367932159716,2.1820282766640906,1.0431288198522752,1.3451157429587852,1.0891421397478878,1.0947266646754281,1.0911068914344328,1.0791228462128921,1.1152557734281565,0.905086395475603,2.159342167406489,1.033448183443007
2024-02-27,1.354854022375518,1.114731152185821,1.121305616324468,1.1170625824193996,1.1055130922518213,1.1404692169903725,0.9189770423125693,2.2077622735325604,1.0557707286081053,1.3538373735343143,1.1071072799863941,1.1136366200374443,1.109617728467884,1.0979486102122042,1.1331673351783975,0.9145709115495033,2.1939671094069557,1.0498830765421516,1.3521429587989802,1.0945114508651541,1.1009662507718552,1.0973148614678425,1.0854509653758393,1.1210965898527823,0.9072717930602043,2.1711568745058374,1.0401397580345795
2024-02-28,1.3509516790333538,1.1101457295105917,1.1157311602476607,1.112903361863862,1.1007619470906165,1.1364524065282415,0.9170450366150409,2.2025497254602864,1.0521445930205313,1.3499379584137674,1.1022393125280674,1.1078150899683523,1.1051716105247662,1.0929688772638249,1.1288756767165369,0.9124641395410261,2.188124928363262,1.0459890849297433,1.3482484240477957,1.0891816440589852,1.0947410303778595,1.0923994915975406,1.0800977061238626,1.1163550403476634,0.9048775670539921,2.1642832356258146,1.0358062304912858
2024-02-29,1.3608898805720195,1.1200682341112485,1.1256538733081007,1.1226083972306888,1.1097953104917126,1.1464877678254142,0.9228461028684237,2.2217128739645573,1.0617885217813552,1.3598687025725893,1.1120911494165506,1.1176674017558454,1.1148092214208216,1.101938287117161,1.138844132245659,0.9182362278420018,2.2071625748070263,1.0555765924706055,1.358166739240211,1.0989167712470984,1.1044770685086926,1.1019257236711881,1.088961489173318,1.1262129332972086,0.9106016640264329,2.183113448887372,1.0453004022649564
2024-03-01,1.3699795282393084,1.1294461690153859,1.1358217352485733,1.1327499678658315,1.1199374847029657,1.1564672621949004,0.9287603835333702,2.238875463969677,1.070964584857617,1.3689515295938046,1.1214022950138285,1.127763123101362,1.1248803348132013,1.1120086577272514,1.1487570933119813,0.9241209650168128,2.224212764680779,1.0646989715467003,1.3672381985179705,1.1081176124387042,1.114453643560143,1.1118804483898521,1.0989132676933118,1.1360159472866205,0.9164374732673022,2.199977860799905,1.0543339736664754
2024-03-04,1.368420681294073,1.1291238210057966,1.1352906825562472,1.1323807035378972,1.1211945435933435,1.154942650844804,0.9295890913184419,2.2373315140601417,1.0699274271712649,1.367393852368638,1.1210822427548865,1.1272358382077532,1.124513635901151,1.1132568170115562,1.1472426465479257,0.9249455331741495,2.222678926308757,1.063667881688451,1.3656824708262523,1.1078013516760759,1.1139325815047882,1.1115179873012047,1.100146728231758,1.1345182976222137,0.9172551856526419,2.1984607350491325,1.0533129216165464
2024-03-05,1.3590940435303893,1.1221308062508433,1.1264091267229976,1.1234731115683898,1.1136136626197919,1.1461305427754023,0.924627561573608,2.222680803413004,1.0620429710414954,1.3580742130825159,1.1141390319933622,1.1184172966763986,1.115667928268144,1.1057296064387045,1.138489288815564,0.920008787661478,2.2081241651541412,1.0558295530907909,1.3563744956693993,1.100940393600701,1.1052181134226278,1.1027745067149373,1.0927081606363096,1.1258620255224279,0.9123594861121449,2.184064561797254,1.0455509002770602
2024-03-06,1.3665484775684003,1.128784061953411,1.1354161785397747,1.1324592901621013,1.1217838959746351,1.1552179781399363,0.9279069722271985,2.2401435671481886,1.0682988911941584,1.365523053498187,1.1207449034539538,1.1273604438020355,1.124591676555006,1.1138419969518656,1.1475161382355896,0.9232718167393904,2.2254725628794594,1.0620488733622488,1.3638140133811711,1.10746800866225,1.1140557165459255,1.1115951260638939,1.1007250168951828,1.1347887559466456,0.9155953851303058,2.2012239323044764,1.051709674569652
2024-03-07,1.3799501000484298,1.141876354553586,1.1491845541754215,1.1459695286415092,1.1345495437820567,1.1693332628734345,0.9366688167912482,2.2652442338156638,1.0811459567818054,1.378914619733234,1.1337439532286127,1.1410311333345717,1.138008054410002,1.1265172677390691,1.161537316345681,0.9319898934332441,2.250408841874097,1.0748207779723151,1.377188819207914,1.1203130653063413,1.1275650692170938,1.1248564550813114,1.1132510194068286,1.1486544217393042,0.9242409764322199,2.2258885069306387,1.0643572428482786
2024-03-08,1.3750753808898946,1.1394492348959482,1.1470779987947355,1.1434866836813218,1.1324170158616704,1.1677328795532693,0.9333100880169574,2.2574559829688576,1.076578503287075,1.374043558443002,1.13133411942775,1.1389395238844422,1.1355424586922047,1.124399837487198,1.1599476027833888,0.928647942450883,2.242671597339161,1.070280046087074,1.3723238543648537,1.1179317795807282,1.1254981442353729,1.1224193534737812,1.1111585247297167,1.147082340079138,0.9209268116962187,2.2182355670002734,1.059860715642128
2024-03-11,1.376893162531391,1.139598962129449,1.1477149143799537,1.1434155501138625,1.1315048142276336,1.1689557377718929,0.9353911965648583,2.2585949929637366,1.0768094362999883,1.3758599760662582,1.1314827803094103,1.1395719205777317,1.1354718193159523,1.1234940939716025,1.1611623082045286,0.9307186552780972,2.243803147802989,1.0705096280404098,1.3741379986243762,1.1180786793525417,1.1261230775964441,1.122349530454469,1.1102634475560829,1.1482835729052105,0.9229803078326253,2.2193547881504845,1.0600880625820719
2024-03-12,1.3771020462878105,1.1393104424994756,1.1482467292932907,1.1441285760745914,1.1321295053091813,1.1684076011662037,0.9366708590806684,2.2577746571595942,1.0758332077945478,1.3760687030814898,1.1311963155056113,1.1400999622844221,1.13617989162157,1.1241143624245957,1.1606178260263698,0.9319919255208561,2.2429881844893695,1.069539110900597,1.3743464644042946,1.1177956081515596,1.1266448875332282,1.1230494197922922,1.1108764115179994,1.1477451297121257,0.9242429916242858,2.2185487046337466,1.0591269935664382
2024-03-13,1.3786259354121648,1.1412356256341454,1.1490245698649586,1.145458298069298,1.1332624110056282,1.1694544682924766,0.9381350068339928,2.26429535410631,1.0771097740716495,1.3775914487172565,1.1331077875569289,1.1408722841067256,1.1375003755456898,1.1252392474829538,1.1616577136880217,0.9334487594456428,2.2494661765067483,1.0708082087041646,1.3758673042257488,1.119684435965777,1.1274080946741927,1.1243546433011429,1.111988049549475,1.1487734837252597,0.9256877128799899,2.2249561127949513,1.060383736520048
2024-03-14,1.3611805421979648,1.1259667805308164,1.1344925113031972,1.1311753208560922,1.1196697836310379,1.1545884424043908,0.9263494077917367,2.2365672549111832,1.063039382039781,1.360159146093262,1.1179476866058489,1.1264433299494807,1.1233166274587303,1.1117428518999326,1.146890799615689,0.9217220327749852,2.221919672396696,1.0568201346469996,1.3584568192520974,1.1047039290193084,1.113149426161356,1.1103348123069456,1.098650592085311,1.1341703531104002,0.9140584866568209,2.1977097539272794,1.046531838379105
2024-03-15,1.3633830546799384,1.1279847813712924,1.1359884725493634,1.1326033432831446,1.1210425937454402,1.156816585013569,0.9280947171051894,2.242662321630744,1.0655459825027447,1.3623600058645189,1.1199513153186917,1.1279286774073245,1.124734728885729,1.1131059429237462,1.1491040871949207,0.9234586237790768,2.227974821697046,1.0593120703960708,1.3606549245054929,1.1066838217619586,1.1146172440500934,1.111736525184054,1.0999976308882318,1.1363590925754943,0.9157806389855039,2.2036989266431912,1.0489995147746431
2024-03-18,1.363633894863522,1.1276552593316278,1.1364998727353346,1.1331868512983505,1.1219331765718576,1.1569268303064786,0.9282999790208157,2.24268005916494,1.0652230571996895,1.3626106578238526,1.1196241401228524,1.1284364492283658,1.1253141830549025,1.113990220686502,1.1492135974823057,0.9236628603538843,2.227992443065723,1.058991034347904,1.3609052627577436,1.106360522444243,1.1151190233195738,1.1123092827845762,1.1008714950969913,1.1364673882574845,0.915983177460066,2.203716356010373,1.0486816040586573
2024-03-19,1.3708909508881049,1.136358889945424,1.145257429992445,1.1419371793024413,1.1306922231390655,1.1659549198823973,0.9339544207811513,2.2585187040473116,1.0724378874420046,1.3698622683336596,1.1282657838001002,1.1371318719487775,1.1340037192934354,1.1226872557882022,1.158181496772173,0.9292890565922652,2.243727358513032,1.0661636546637272,1.368147797409591,1.114899792964516,1.1237118255974219,1.1208983967998054,1.1094661109720028,1.145335822381863,0.9215625953717828,2.2192798246565957,1.0557843978823396
2024-03-20,1.3859780535799955,1.151172079060807,1.1604436196387027,1.156643131081495,1.1441565652259569,1.180506781826425,0.9418660367613837,2.286501162000988,1.0873298294183387,1.3849380500380375,1.1429734739283919,1.1522103161552755,1.1486075033854675,1.1360562743055131,1.1726363414319099,0.9371611518324603,2.271526555551601,1.0809684722372643,1.3832047108014478,1.1294332485690899,1.1386123190972786,1.13533340957575,1.1226776914058614,1.159630344822346,0.929369239030292,2.2467761231240866,1.0704450884238539
2024-03-21,1.395877452357364,1.1619040017106184,1.1718491245948144,1.1678385665843727,1.1546108550343357,1.191111942470002,0.9499758135374102,2.30991860171135,1.0966200476941208,1.3948300205521913,1.1536289642205062,1.1635348994861603,1.159725160056501,1.1464365508263854,1.183170797454383,0.9452304179997153,2.294790631270926,1.0902043386548121,1.3930843008769107,1.1399625086877487,1.1498032535199239,1.1463225830032382,1.1329357262798216,1.170047960615269,0.9373714142620875,2.269786714712807,1.0795910423512067
2024-03-22,1.385935644984871,1.1531248274646742,1.1628363660944494,1.1594945605240272,1.147029955663963,1.182907189820452,0.9437772524186396,2.2946128597298863,1.0888069992969716,1.3848956732652704,1.144912314930075,1.1545860861656392,1.1514391228928642,1.1389093219869566,1.1750207459024244,0.9390628204316519,2.2795851286710977,1.082437000023166,1.3831623870659433,1.1313491211076394,1.1409600510722606,1.1381323049516539,1.1254971406329095,1.161988303279409,0.9312550964364198,2.2547468904598613,1.0718993198801878
2024-03-25,1.385880972052317,1.1525479142934327,1.1619750759920688,1.158467478222257,1.1464080805294374,1.182974912124965,0.9433917855476596,2.2943193536469164,1.0880163990522354,1.3848410413579286,1.1443395105131828,1.1537309068838795,1.1504191761117817,1.1382918495449112,1.175088016702237,0.9386792790757675,2.2792935447993017,1.0816510251371831,1.383107823533955,1.1307831024133108,1.1401149643275963,1.1371241453730867,1.1248869397551704,1.1620548279623195,0.9308747439886492,2.2544584836704105,1.0711209965729562
2024-03-26,1.383738570692188,1.149270251771659,1.1594706805762278,1.156172567168878,1.1439951274212468,1.1805727825256496,0.9423513199229024,2.2918728377765416,1.0856185885141023,1.3827002476026222,1.1410851913831246,1.1512442800585603,1.148140208654422,1.1358959794328312,1.1727019021043787,0.9376440108685262,2.27686305149342,1.0792672428440893,1.3809697091200193,1.1275673355466402,1.1376576838323533,1.1348715152221864,1.1225192842198117,1.1596951783453537,0.9298480833934306,2.2520544728902054,1.0687604207439196
2024-03-27,1.407453433443415,1.1720651907681672,1.180722855759454,1.17723088699308,1.1646479684282456,1.2024822925357,0.9576697839902365,2.333269122967644,1.1066437405502487,1.4063973153092633,1.1634307424947126,1.1720453472698342,1.16875271370389,1.1561486152556204,1.1941594191446794,0.9527112386376188,2.317330623490529,1.0998978958126622,1.4046371184190176,1.1491754324224548,1.1577186300971938,1.1547523856690636,1.1421150879856925,1.180410489518525,0.9445012638268528,2.29099704888857,1.088742148548471
2024-03-28,1.4153107082621583,1.1784116777202236,1.1869465748918444,1.1819149739013628,1.169981023176216,1.2081248081213727,0.9614575601109717,2.3517369517204894,1.1125724665142234,1.4142486942239405,1.1697304757220297,1.17822332630721,1.1734030667873565,1.161442750504291,1.1997628805645504,0.9564794027167148,2.3356722989951173,1.105790481632,1.412478670826918,1.1553979761384001,1.163821091443575,1.159347032812443,1.147344962126057,1.1859494356019262,0.94823695580851,2.3091302941090506,1.0945749686401143
2024-04-01,1.405230601337707,1.1690945908578307,1.1779178666045536,1.1730165716929322,1.1612612103700675,1.1992907032206603,0.9540175987811371,2.3342491827027056,1.1040756324511145,1.4041761511616135,1.1604820265985667,1.169260972874008,1.1645687490306282,1.1527865730374447,1.1909899201289733,0.9490779634184745,2.3183039884635415,1.0973454423075686,1.4024187342014651,1.14626284661801,1.1549682910265064,1.1506185401332591,1.1387938548041137,1.1772774824637904,0.9408992983024199,2.2919593527817037,1.0862155833792992
2024-04-02,1.393145503981469,1.1581339446882915,1.1674758283670064,1.161990394761548,1.1503642358457404,1.1875560395111742,0.9472274187664286,2.315355163280034,1.0937086957602955,1.3921001221625713,1.1496021260506362,1.158895676502694,1.1536219803442826,1.1419691223155937,1.1793364768423962,0.9423229410500844,2.299539033586286,1.0870417000692711,1.3903578191310826,1.135516255557444,1.1447296968087126,1.1398029012836475,1.1281077081271693,1.165758210854027,0.9342024872379816,2.273407638231121,1.076016347154445
2024-04-03,1.3951820113485491,1.1610561540419473,1.1697627269107822,1.1653439582780025,1.1529049499943511,1.190954154564148,0.948884250641297,2.3212977003660638,1.097389495535983,1.3941351013850536,1.1525028078768924,1.16116576790038,1.1569513921901151,1.1444912948727148,1.1827110721466556,0.9439711943145273,2.305440977359137,1.0907000625393588,1.3923902514459023,1.1383813958449187,1.1469720393164033,1.1430924305628274,1.1305992661275694,1.169093952825464,0.9358365367046376,2.279242513768191,1.079637604573898
2024-04-04,1.3832767401272896,1.1507577888271365,1.1601566212409267,1.1543829020442795,1.142533317379866,1.1803724038788292,0.9413462319869641,2.301231811550923,1.0865249335008902,1.38223876358392,1.142280309348038,1.1516302605619582,1.1460692752156392,1.1341953522271788,1.1722025621001022,0.936472205405093,2.2855121580981423,1.0799017283659933,1.380508802678312,1.1282841517733513,1.1375530910488856,1.1323406689711195,1.12042829737378,1.1587064322906873,0.9284021702196651,2.2595401607021444,1.0689487928274513
2024-04-05,1.3877683913573402,1.1555006063009408,1.1645930472315933,1.1594751287744898,1.1477532907542203,1.1854603558702146,0.9456745757405934,2.3104594740917763,1.0909757366015131,1.3867270443903363,1.1469881871167213,1.1560340818444075,1.1511248287824765,1.1393772313460473,1.1772552982878897,0.940778138209601,2.29467678672099,1.084325400398528,1.3849914661120044,1.1329343447526237,1.141903081391995,1.137335662757001,1.1255472779682163,1.1637009939055059,0.9326709967128081,2.268600644741957,1.0733275976342531
2024-04-08,1.3895648275738748,1.158041855932595,1.166448590214519,1.1615812935483458,1.1494285793346324,1.1870158163223083,0.9472842635356895,2.3146396686779918,1.0940582499323372,1.388522132605708,1.149510715700547,1.157875987850706,1.1532158253933786,1.1410402940267053,1.1787999927599038,0.9423794914930846,2.298828426508888,1.0873891234397863,1.3867843076587711,1.1354259652421252,1.143722472513121,1.1394016116070473,1.127190154113015,1.1652279035698558,0.9342585503583875,2.2727051063175763,1.0763602467730464
2024-04-09,1.398529000557135,1.1666026583622313,1.175137696822283,1.170229441424656,1.157288623456854,1.196089572142929,0.952395638731782,2.333905718385114,1.1022991795169848,1.3974795790959842,1.158008451838018,1.166501235445334,1.161801691097911,1.1488429772186217,1.1878109453930308,0.9474644014230199,2.3179628703415913,1.0955798182203733,1.3957305433274074,1.1438195801292912,1.1522422877683605,1.1478846284070021,1.1348981270177696,1.1741351087873269,0.9392996411532619,2.291622111042097,1.0844678671871506
2024-04-10,1.375258638738011,1.1451211689126943,1.1541420459767724,1.1487905811873453,1.1356538895567108,1.174618998587602,0.9359558685405479,2.2937731210442274,1.0810943845976277,1.3742266787789756,1.1366852136623433,1.14565988832789,1.140517229096514,1.1273661290051389,1.1664889784878332,0.9311097517476907,2.278104417708418,1.074504282835026,1.3725067455139246,1.1227576118004896,1.1316556987849289,1.1268551300489578,1.113681968417282,1.1530586319044587,0.9230859274262326,2.2522166000501787,1.063606091049013
2024-04-11,1.375359162618255,1.1456798132116597,1.1543577640618135,1.149401563946848,1.136459518800873,1.1750549110407498,0.9354431410843664,2.2942576665429684,1.0812235489177955,1.3743271272285944,1.1372397425031064,1.1458740210319882,1.1411238116845899,1.128165878938421,1.1669218738120137,0.9305996790503703,2.278585653289712,1.0746326597993197,1.372607068245834,1.1233053460979419,1.1318672139975656,1.1274544464676262,1.114472010850724,1.1534865430973313,0.9225802502727316,2.252692366988823,1.0637331659461116
2024-04-12,1.3546185970042899,1.12640097457009,1.1355208654094566,1.1296521064335718,1.117214610132571,1.154769448341891,0.9212433706794754,2.255608177170607,1.0617965351330496,1.3536021248204426,1.1181029285000417,1.127175560749971,1.1215165856783318,1.1090614155205132,1.1467768151247308,0.9164734310711906,2.2402001775538785,1.0553240686052456,1.351908004514038,1.1044030120750294,1.113397317868504,1.1080820927253823,1.0955994406382525,1.1335734241240982,0.9085757350236554,2.2147430943474786,1.0446204127150054
2024-04-15,1.342133649414,1.1151380641790256,1.124578543331931,1.1187355498089697,1.106487952258372,1.1430398376323834,0.9128441465314052,2.2340241695146603,1.0501669393807282,1.3411265456250427,1.1069229904708784,1.116313657284028,1.1106786478359985,1.0984130385141009,1.1351283898642457,0.9081176957483514,2.2187636096816035,1.043765364183559,1.3394480393101218,1.0933600598391524,1.1026681869264872,1.0973739810500684,1.085080315431417,1.1220591127654878,0.9002920051246465,2.1935501263541126,1.0331789427981948
2024-04-16,1.3331794785462119,1.107159506017082,1.1170463883618367,1.110461585816293,1.0974624279933873,1.1347459739710748,0.9062698060494259,2.2203179456260385,1.0426770736792572,1.3321790937448994,1.0990032092850694,1.1088368585208364,1.102464271220185,1.0894533806056255,1.1268919314367636,0.9015773953561697,2.205151012644737,1.0363211549741242,1.3305117857427196,1.085537318324365,1.0952827822219695,1.0892580033221246,1.0762294113647304,1.1139174846307394,0.8938080656730069,2.180092219518102,1.0258102367030386
2024-04-17,1.3293852142780715,1.1010446734841732,1.1119141656222054,1.104609342215549,1.092623256246877,1.129087339347757,0.9029375712711508,2.2164684782890203,1.0380829804487768,1.328387676598521,1.0929334239096242,1.1037423541214375,1.0966541742670748,1.084649524105311,1.1212724625457215,0.8982624139543192,2.201327840916971,1.0317550662752806,1.3267251137992777,1.079541904950139,1.090250551457149,1.0835175047214323,1.071483864886422,1.1083627153778532,0.8905216510736708,2.176312493372459,1.0212904596952201
2024-04-18,1.3324989660313127,1.099721847505598,1.1108970333518866,1.1027015663925372,1.0910107650348293,1.1269638475642842,0.9030075403569674,2.221087930099418,1.0372939260824294,1.331499091869706,1.0916203430139821,1.1027326970802698,1.094760137850838,1.0830488005111791,1.1191636683202673,0.8983320207598476,2.2059157373746068,1.0309708218021714,1.3298326349337029,1.0782449130012932,1.0892532361490925,1.0816461567069646,1.0699025711457828,1.1062782007108372,0.8905906580435965,2.1808482541044416,1.0205141694451063
2024-04-19,1.3384896475214307,1.1045535845847891,1.116812676490216,1.1063959714222649,1.0955977094063611,1.130760546341876,0.9099616957166737,2.234727223780091,1.0416865863354317,1.3374852781010773,1.0964164853291534,1.1086048642722295,1.0984279365398821,1.087602270338253,1.1229340885876258,0.9052501694549221,2.2194618614019985,1.03533670541246,1.3358113290671625,1.0829822890372558,1.0950536237987798,1.085270019339895,1.0744007701866034,1.1100052103228963,0.8974491896960454,2.1942404433138893,1.024835771950461
2024-04-22,1.3462929155835184,1.1100276514204332,1.1225631622304322,1.1116997914341415,1.1009491730564136,1.1371408940234553,0.9143262397660279,2.248531378799499,1.0474602585045665,1.3452826907844289,1.1018502254429476,1.11431308786042,1.103693559537348,1.0929146801447536,1.1292702752646946,0.9095921151201839,2.233171720604695,1.0410751826090925,1.3435989827859542,1.0883494504993565,1.1006920718402333,1.0904725661635835,1.0796486970651265,1.1162684454464922,0.9017537187096547,2.207794507052427,1.030516046470708
2024-04-23,1.359862004115964,1.1249357966949662,1.1358859421998677,1.1265229401197863,1.1159315417007327,1.1524829144274351,0.9237543482816578,2.2743937901745213,1.0617003051601557,1.3588415974095214,1.1166485443953273,1.127537954474722,1.1184099549729407,1.1077877106492033,1.1445061072497869,0.9189714075361042,2.258857466533747,1.0552284252280486,1.3571409195654582,1.1029664482802137,1.113755281805268,1.1050126759219985,1.0943411962119147,1.131328859997027,0.9110521852138458,2.2331883664894208,1.0445257394036187
2024-04-24,1.358240420348269,1.1244706272298306,1.1362325035700866,1.1261197518092543,1.1154297354084741,1.1518171167741946,0.9247969994991273,2.27430036659035,1.0611902770116994,1.3572212304380502,1.1161868017717334,1.1278819688550037,1.118009670341205,1.10728956643254,1.1438449178553176,0.9200086601982101,2.2587646811236004,1.0547215060934287,1.3555225805876936,1.1025103633069055,1.1140950910609433,1.1046171862448206,1.0938490985539346,1.1306752831928941,0.9120804993666922,2.2330966354698285,1.0440239617114642
2024-04-25,1.3523085828221013,1.1196530460732594,1.1309141381381635,1.1214536073251669,1.1106943599563932,1.1467308129425575,0.9182429783177399,2.2664739661726183,1.056898891671542,1.3512938440155788,1.1111759274642072,1.1223399843577424,1.113189638159343,1.1023308396828693,1.1385273949139767,0.9133522763196963,2.2502762333305593,1.0502804931298164,1.3496026126713832,1.097184252376476,1.1081883597251825,1.099546148631588,1.0885259308062887,1.1249800567009298,0.9052562717148509,2.2235256842451667,1.0393379851984652
2024-04-26,1.3594398936624799,1.125543309623817,1.1372429469845744,1.1280583813478169,1.115991471798029,1.1517757243025764,0.922027403711677,2.281388578014875,1.064301247392721,1.358419803697248,1.1170215946436552,1.128620810622217,1.1197457417345362,1.1075880643117166,1.143536216272457,0.9171165452874231,2.2650842554207737,1.0576364946153192,1.3567196537552026,1.102956312241525,1.1143899908287291,1.1060218992036588,1.0937173172091403,1.1299292780908057,0.9089871739962654,2.238157673403995,1.0466173470575781
2024-04-29,1.3688109127477892,1.1331415670615261,1.1452180833845322,1.136280464789289,1.1235639372094177,1.159670708353814,0.9283309706643587,2.2987449229868253,1.0710032886105412,1.3677837910023531,1.1245623241446991,1.136535482621203,1.1279072368078447,1.1151035091148516,1.1513747216333425,0.923386538482158,2.2823165603891034,1.0642965670316087,1.3660719214266346,1.1104020905881247,1.1222048664480258,1.1140833652533881,1.1011386432350994,1.1376745130713006,0.9152015896278923,2.2551851263576776,1.05320803049091
2024-04-30,1.348958476546801,1.1138120036831096,1.1255333889022807,1.1162192743114354,1.1054338132843953,1.1404085125591814,0.913988198872209,2.2591422089609035,1.054676248458795,1.3479462515769036,1.1053791087818527,1.1170000298823517,1.1079938768407283,1.0971099048882045,1.132250322645483,0.9091201584777134,2.2429968737401498,1.0480717683142917,1.3462592099604158,1.0914604259193321,1.1029157369249916,1.094414067671386,1.0833703797662066,1.1187776753194438,0.9010616675972274,2.216332859304659,1.0371522723201996
2024-05-01,1.3456212621894403,1.1114937464398997,1.1215659455316183,1.111766816681633,1.1017030498974563,1.138386504804651,0.9123614416658861,2.25575211893699,1.0502768654097294,1.3446115413823923,1.1030784035309193,1.1130626661334995,1.1035742292820019,1.0934072341218346,1.1302427798156587,0.90750206562811,2.2396310115579574,1.043699934608485,1.3429286733706536,1.0891886906267538,1.099028019535168,1.0900485882553703,1.0797140789558333,1.1167940202430582,0.8994579176112716,2.2130070093930425,1.0328259872324175
2024-05-02,1.3635290768092323,1.1255536659374585,1.1371304793079933,1.1255215817269661,1.1182320388769704,1.1505255858340315,0.9200415368019189,2.294979290351713,1.0662892226093976,1.3625059184224293,1.1170318725475612,1.1285091956320794,1.117227635739271,1.1098117599372102,1.142295020973778,0.9151412554073758,2.278577839473391,1.059612020947454,1.3608006544444329,1.1029664607283975,1.114279783195957,1.10353465565231,1.095913164647525,1.1287028517757935,0.9070293931939084,2.2514908501354167,1.0485722910665152
2024-05-03,1.3779714572438575,1.1422603440831292,1.1538343781109597,1.1415052110393928,1.13285604304434,1.1664410928460287,0.9283793431603,2.3200755604419143,1.0792003280329876,1.3769374616531265,1.1336120610697713,1.1450864519321013,1.1330934820075012,1.1243256454619148,1.158096672531921,0.9234346533388164,2.303494754898893,1.0724422758355945,1.3752141356685834,1.1193378752797518,1.1306480162838817,1.1192060467262146,1.1102452872568682,1.1443164794717624,0.9152492779918259,2.2761115614063914,1.0612688719820427
2024-05-06,1.3859709683557753,1.1512186186137974,1.1604325944470235,1.1486924511316405,1.140506998279562,1.1739082502427987,0.9361939020621128,2.3358862033597427,1.0865059248911437,1.384930970130393,1.1425025107005786,1.1516346431427962,1.140227759471494,1.1319189890610932,1.165510411800461,0.9312075907093599,2.319192404429695,1.0797021243710176,1.3831976397547645,1.1281163783865717,1.1371136411195675,1.126252884964642,1.1177435365225836,1.1516420026519212,0.9229533156197655,2.2916226024052815,1.0684530826752903
2024-05-07,1.3917739915991665,1.1578145080031685,1.1671947343286322,1.155860225655905,1.1488886273610497,1.1816102827398425,0.9404403798220483,2.3510135198181237,1.0914526054048335,1.3907296389291293,1.149048461283565,1.158345515094087,1.1473427148088842,1.1402375045379067,1.1731573459330675,0.9354314510817895,2.334211611007148,1.0846178283141423,1.3889890511457428,1.1345799038454767,1.1437398954486266,1.1332806378925697,1.1259578760623628,1.159197945910307,0.9271397354624981,2.3064632655591213,1.0733175716051515
2024-05-08,1.3858725122987434,1.1525919766554913,1.1606538190174382,1.1499815182081077,1.143157346477769,1.176426309283057,0.9367736638904617,2.343872448195061,1.0847595768443694,1.3848325879523433,1.1438654707720681,1.151854190474044,1.141507327438499,1.1345493801570705,1.1680104572923828,0.9317842646378834,2.327121574239143,1.0779667121171157,1.383099380708352,1.1294621763741766,1.1373304201707362,1.1275167702738507,1.1203409862292044,1.1541123001009075,0.9235248778790002,2.2994575128331247,1.0667357510793425
2024-05-09,1.4014369958512414,1.1682229072149704,1.175465659580524,1.16376644812956,1.1564060157239366,1.1921459166721,0.9486341173299274,2.3703743424470716,1.1010657124832606,1.4003853923025757,1.1593780564096203,1.1665537333882843,1.1551906764875195,1.1476982870223058,1.183617610643214,0.9435815474953749,2.3534340682997947,1.0941707372275693,1.3986327197214752,1.144779431054095,1.1518446160274967,1.1410324132797538,1.1333252243266192,1.1695337439238598,0.9352175889750638,2.3254572125561292,1.0827709520761895
2024-05-10,1.3981837267534034,1.1666127364041945,1.172949095899766,1.1614775494146423,1.1543356236464715,1.190439156259038,0.9480688477664563,2.3655189700783454,1.0992661145660183,1.3971345643771473,1.157780076526196,1.1640562493204423,1.1529186446213777,1.1456434849817925,1.1819230599562576,0.9430192886437183,2.348613395656568,1.0923824085588096,1.3953859604167294,1.1432015725706877,1.1493786228247638,1.138788227920541,1.1312961553545346,1.1678593566966302,0.9346603140166653,2.320693846495204,1.0810012553831445
2024-05-13,1.4098157702582401,1.1741801948132093,1.1809559095674504,1.16922276089274,1.1626530421356123,1.1978590067910146,0.94841378672775,2.3872100927043802,1.1070998926862041,1.408757879485157,1.165290240184192,1.1720023584223576,1.1606067817912562,1.1538982733715422,1.189289830781178,0.9433623904075522,2.370149499070123,1.1001671308363834,1.4069947281966941,1.1506171699523982,1.157224539155445,1.1463821376422207,1.1394475658858287,1.1751384703107106,0.9350003745076717,2.341973935743503,1.0887048713411942
2024-05-14,1.4251105373467168,1.186541949866356,1.193171497160987,1.1819228229995826,1.17459919655239,1.2098496884787362,0.9538118975103248,2.418341109644961,1.1177941812886707,1.4240411697599105,1.177558401901288,1.1841253321533443,1.1732132573948593,1.1657544733343699,1.2011947342084552,0.9487317500296897,2.4010580330247833,1.1107944508152199,1.4222588904485756,1.1627308537615166,1.1691946538810836,1.1588341055932339,1.1511552861416416,1.186901717284359,0.9403221398320197,2.372515039138988,1.099221468961653
2024-05-15,1.4264008570292543,1.191758174526032,1.1974196562821044,1.186377141757633,1.1783711447907659,1.215111226963945,0.958470260947168,2.420100469264602,1.12085537304037,1.425330521218574,1.1827351334739877,1.188341283374357,1.1776347523672168,1.1694980188305515,1.2064186329972502,0.9533653023131605,2.402804819088532,1.1138364731012447,1.423546628200783,1.1678424011051567,1.1733574460237595,1.1632014097805854,1.15485194979202,1.1920634568980664,0.9449146200542538,2.374241059980384,1.102231797473291
2024-05-16,1.4196516548041032,1.1831255222238135,1.1901772540378655,1.1777307767722278,1.171072707415478,1.2062180548765786,0.9552438703097896,2.406213548981972,1.1123020720911598,1.4185863834273087,1.1741678407201876,1.1811537902239984,1.1690521022721727,1.1622545386344427,1.1975890803813494,0.9501560959238617,2.3890171439894314,1.1053367337131026,1.4168109311326607,1.159382985757292,1.1662605802292205,1.1547239504748537,1.1476991824567482,1.1833389671344885,0.9417338602461693,2.3606172882608103,1.0938206139197832
2024-05-17,1.4199377742946255,1.1819792218803198,1.1887788310476135,1.1759087161030124,1.1687395027303635,1.204092557405907,0.9546200818225745,2.4022020899181586,1.1108562134605475,1.4188722882208649,1.173030219247356,1.179765969536224,1.1672434683315265,1.1599389029632619,1.1954787881742615,0.9495356298291645,2.3850343534844423,1.1038999291828664,1.4170964780979394,1.1582596889558534,1.1648902586216752,1.1529374835373694,1.1454125463728793,1.1812537852957463,0.9411188939969206,2.356681843868855,1.092398778957268
2024-05-20,1.419484035715942,1.182969886643041,1.1894817159047308,1.1778420339374092,1.1704916228460436,1.2055863854021536,0.9549409009502247,2.4035497470658176,1.1116557115295982,1.4184188901163524,1.1740133834877282,1.180463525392092,1.1691625395855325,1.161677829627496,1.196961929708282,0.9498547402252636,2.3863723793763416,1.1046944207211165,1.4166436474503787,1.1592304734152483,1.165579018971039,1.1548330342449569,1.1471296957963082,1.1827192789276884,0.9414351757809899,2.3580039637458534,1.0931849929639295
2024-05-21,1.4153809352839049,1.178647226862555,1.1848913477406844,1.173450140754779,1.166447468887501,1.2011149564455057,0.9513354060959541,2.394689154571309,1.1082914985799088,1.4143188685490717,1.1697234514346344,1.1759079596248148,1.1648030101757805,1.157664128118197,1.1925224882071925,0.9462684487858889,2.377575110578549,1.1013512747838499,1.4125487573243587,1.1549945592129303,1.1610808944939466,1.1505269361570651,1.143166259399441,1.1783326623439094,0.9378806734253676,2.3493112740069813,1.0898766781038594
2024-05-22,1.4066044629024925,1.1686163316175815,1.1756990447886198,1.1626711953467532,1.1573991833143402,1.1916161839749964,0.9449751370608577,2.3726479997224086,1.098990891584471,1.405548981814769,1.159768502116879,1.1667853491599596,1.154103494600527,1.1486839760681367,1.183091667517916,0.9399420555126687,2.355691476505577,1.0921089090490104,1.4037898466685719,1.145164960357623,1.1520733113476997,1.139958556125747,1.134298569213175,1.1690140589961522,0.9316103576486403,2.327687785430266,1.080730605369813
2024-05-23,1.386766805948372,1.1506440385330587,1.1575555585028734,1.1450483832590548,1.1389039612106406,1.173849119847174,0.9329877864582353,2.3362469680520563,1.0818456524539113,1.385726210546207,1.1416621484662102,1.1485076529990306,1.1363094741852056,1.130049770209218,1.1651320492064225,0.9278357848548503,2.3191994318793188,1.0748283441218283,1.3839918848759403,1.1268420461876856,1.1335788458770104,1.1218869888633307,1.1154397799828728,1.150741722820243,0.9193094868729835,2.2910512387905486,1.063229810056366
2024-05-24,1.3934455144282438,1.1574995324680186,1.1642662826769328,1.1510222592745032,1.1465137850854523,1.180599893020676,0.9373176042419187,2.3519983889314697,1.0878217712371265,1.3923999074889504,1.1484641286377335,1.1551659235368534,1.1422377581015943,1.1376004329638918,1.1718326907525816,0.9321416931849612,2.3348359150313063,1.0807656992717694,1.390657229256803,1.1335557287468427,1.140150569288773,1.1277400286761452,1.1228928230468422,1.1573596060053117,0.9235758262857231,2.3064979414773714,1.069103094867688
2024-05-28,1.3911221905630204,1.1565461912006036,1.1629053075149332,1.1499619982762461,1.14517408823618,1.179728470099758,0.9325040315198025,2.347217241027219,1.0869930722041425,1.3900783269883081,1.1475182291213497,1.1538155862872792,1.1411855889225073,1.1362711513315225,1.1709677390680695,0.9273547012335072,2.3300896550447114,1.079942375531107,1.388338554363796,1.1326221081061287,1.1388177843161,1.1267012140407686,1.121580727198824,1.1565053371760665,0.9188328241441914,2.301809286990638,1.068288655660547
2024-05-29,1.3752043316641775,1.142045206114647,1.146093132711415,1.1325336221916456,1.1309007298787839,1.1648455738933414,0.9211358407668,2.3190564572033625,1.0714812001768679,1.3741724124558226,1.133130438254927,1.1371348219960418,1.1238902246792708,1.1221087584685248,1.1561953640993288,0.9160492861543528,2.3021343597618587,1.0645311200645924,1.3724525471085725,1.1184210874961158,1.122353843928562,1.1096253693409324,1.1076014346087213,1.141915413026908,0.9076312995803061,2.2741932859653895,1.0530437039322038
2024-05-30,1.3867785079479518,1.1537525497702061,1.1575629674009233,1.1453587315201148,1.1414540842034846,1.1764807885057722,0.928812903714999,2.3410265948407396,1.0830301679609209,1.3857379037648967,1.1447463947654022,1.148515003986245,1.1366174538954914,1.1325800677586315,1.1677441749431816,0.9236839560067445,2.323944181849889,1.0760051763604177,1.384003563459813,1.1298862553833724,1.1335861013128634,1.122191059574394,1.1179373642629762,1.1533215866842474,0.9151958110369803,2.2957384015883666,1.0643939430310376
2024-05-31,1.403808352665819,1.1703166447915798,1.1739745206503336,1.1631508471137242,1.158087598343505,1.1933615637149888,0.9418863402847099,2.376219247161359,1.0990460404152662,1.402754969709839,1.1611811909979615,1.1647982781376187,1.1542737816196298,1.1490842678245627,1.1844995925510835,0.9366852004565299,2.358880034259516,1.0919171630941296,1.4009993314498803,1.146107708849492,1.149657718312031,1.1396232862651214,1.1342281877077942,1.1698700612866089,0.9280775812369865,2.330250236509101,1.0801342226068675
2024-06-03,1.3989800834693435,1.1663613673806736,1.168872796578783,1.1582636162909783,1.1539474102461154,1.1894088833219327,0.9355313773670584,2.3682610341800396,1.0937293666626875,1.3979303235267675,1.157256788354315,1.1597364311302547,1.1494238497149099,1.1449762668276173,1.1805762649884926,0.9303653299373176,2.3509798921609097,1.0866349755355271,1.3961807236224824,1.1422342495156848,1.1446616674162182,1.1348349115974896,1.1301732975171137,1.1659951900034449,0.9218157868344029,2.322445978672177,1.074909035435977
2024-06-04,1.3864133668311545,1.155300093882675,1.1579718848384928,1.1480244637156574,1.1437830182808701,1.1787492771051533,0.9275955712764462,2.345558212091602,1.082256972257484,1.3853730366409331,1.1462818587986923,1.148920725165711,1.1392628414561585,1.1348908959835016,1.1699958176165963,0.9224733457340831,2.3284427320020837,1.075236995931239,1.3836391529905727,1.1314017873079831,1.133986548750167,1.124802870839051,1.1202183166552324,1.155545419743295,0.9139963256035342,2.300182352702392,1.0636340520807557
2024-06-05,1.3964456019721585,1.1647934677324068,1.1674581208411257,1.156739013596504,1.1529281905863036,1.1890923998032479,0.9336363252538133,2.365841249449493,1.0924926282930865,1.3953977438416112,1.1557011276798792,1.1583328130496564,1.1479108826548032,1.1439649708960986,1.1802621316945021,0.9284807423892766,2.348577764539517,1.0854062591739138,1.3936513136240412,1.1406987831258164,1.1432762941801742,1.1333411477084492,1.1291750762519193,1.1656849365105744,0.9199485176041826,2.3200730057457974,1.0736935782228174
2024-06-06,1.3957533343414432,1.1651967516564097,1.1674543361973821,1.1567129583530524,1.1526622477004043,1.189304955493141,0.9321136252791055,2.366216072758099,1.0939841332210574,1.394705995671349,1.1561012635826438,1.1583290579881638,1.1478850262626898,1.1437010955322973,1.180473108933696,0.926966450834084,2.3489498527717383,1.0868880895702777,1.3929604312212012,1.1410937247992616,1.1432725879286207,1.1333156194958012,1.1289146124338638,1.1658933080096427,0.9184481415513255,2.32044057793198,1.0751594181027184
2024-06-07,1.3833638369599268,1.1542955288871832,1.1561498703251902,1.1463248018635093,1.141861607075044,1.177693733663015,0.9262632761621743,2.3441862788603633,1.0820315991485296,1.3823257950612546,1.1452851354049924,1.1471129522281338,1.1375761512745526,1.1329844224215755,1.1689481127003758,0.9211484076149022,2.327080809733601,1.0750130846875623,1.380595725230143,1.1304180025429817,1.1322022740395585,1.123137588790475,1.1183364911759313,1.1545106548330688,0.912683562933281,2.298836960125344,1.0634125570761015
2024-06-10,1.3844448571382737,1.1578029931197071,1.1592574708847239,1.1482174857045127,1.1461247283992944,1.1805726918625117,0.9284145070044947,2.346696780561534,1.08497218842628,1.3834060040688823,1.1487652204854113,1.1501962625702349,1.1394543903180838,1.1372144009245233,1.1718056915917716,0.923287759261257,2.3295729923661344,1.0779346000599057,1.3816745822865721,1.1338529120722105,1.1352455061590423,1.1249919884877264,1.122511781871125,1.1573329403060497,0.9148032551205778,2.301298895062492,1.0663025462091582
2024-06-11,1.3824992436011199,1.1548538436683748,1.1560837052356514,1.1459253468052368,1.1424778017533586,1.1771358002459036,0.926174133513921,2.343816095735176,1.0832619547711502,1.3814618504718514,1.1458390919991,1.1470473043107285,1.1371797448223342,1.1335958266122268,1.1683943225287015,0.9210597572164655,2.326713327825496,1.0762354597033907,1.3797328619230795,1.1309647681363244,1.132137479442629,1.1227462136843542,1.1189399907507989,1.1539637044194506,0.9125957271830024,2.2984739383561834,1.064621741373301
2024-06-12,1.3900175163593382,1.1630770674702782,1.1636818370356319,1.152979080987665,1.1510646680416605,1.1855705397337983,0.9325912031865278,2.3610974025789178,1.0906247792752979,1.3889744817047385,1.15399812558256,1.1545860461505235,1.1441796455226558,1.142115935951032,1.1767664251591763,0.9274413915342669,2.3438685334018805,1.0835505258146259,1.3872360906137478,1.1390178879760704,1.1395782294035062,1.1296572689007662,1.1273499467871135,1.1622324047879473,0.9189187178090071,2.3154209306877718,1.0718578701882262
2024-06-13,1.3815677547867575,1.1554344429507934,1.155597716641178,1.1444874177124436,1.144101259407748,1.1771507563856136,0.9271801171337367,2.3459785758518006,1.0831679621310724,1.3805310606235828,1.14641515914234,1.146565114392566,1.135752789878564,1.1352066630056108,1.1684091676032633,0.9220601857483182,2.3288600283783523,1.0761420767393188,1.3788032370183008,1.1315333572581607,1.1316615572408946,1.1213373702121496,1.1205300012437809,1.1539783661452938,0.9135869623296554,2.3005945843400215,1.0645293661101294
2024-06-14,1.3679071658740969,1.1430141244634555,1.1431440240952229,1.1328035456482555,1.131363626013585,1.1646524800427327,0.9182095215809851,2.3212941638808333,1.070359713501058,1.36688072227789,1.1340917932585117,1.1342087647624666,1.1241580881036772,1.1225680559058673,1.1560037041746885,0.9131391262380978,2.304355737949214,1.0634169078255533,1.365169982950888,1.1193699629938343,1.1194658208726034,1.1098898329377436,1.1080547939615228,1.1417261202578814,0.9047478824250287,2.276387703219035,1.0519415152210905
2024-06-17,1.3728594120256048,1.1487215007419638,1.1483065416380909,1.138646971181505,1.1375613005132852,1.170061991651126,0.925343119839139,2.3344652144506477,1.0747486584331485,1.371829252386763,1.1397546179427935,1.1393309300556764,1.1299569171245336,1.128717547770636,1.1613730444407644,0.9202333324375374,2.3174306796897426,1.067777384205063,1.3701123196553695,1.1249592776286508,1.1245214060106792,1.115615060947311,1.1141247813492237,1.1470291448141114,0.9117768967909686,2.289303953999365,1.0562549374508787
2024-06-18,1.3707831081144046,1.148441650899287,1.1478127081425922,1.1380875705320932,1.1370616781039102,1.1697863653609932,0.9247246315220267,2.334508650083877,1.0724156685128499,1.3697545064824996,1.1394769525989172,1.1388409565552935,1.1294017857719327,1.1282218095801169,1.1610994649672122,0.9196182594414481,2.317473798374234,1.0654595270438314,1.3680401704293343,1.1246852167038235,1.124037801401146,1.1150669755394693,1.1136354523720944,1.1467589442690846,0.9111674759757188,2.289346549351089,1.0539620924186912
2024-06-20,1.366238353187188,1.1442210112754783,1.1434716952800488,1.1348874507879951,1.1331385547560753,1.1654353451802013,0.922248215453581,2.3243748873113037,1.066703900583611,1.3652131618266141,1.1352892591512007,1.1345338747415734,1.1262260890617237,1.1243291858043503,1.1567807557109113,0.9171555182567904,2.307413981417233,1.0597848080564538,1.3635045095590006,1.1205518843867528,1.1197867049293502,1.1119315860168975,1.1097931548711681,1.1424935745770053,0.9087273660212155,2.2794088286943253,1.0483486096480985
2024-06-21,1.3705414080240075,1.1482735694479984,1.147270331705643,1.1386016078186052,1.136882302391588,1.1695143716220666,0.9258071408736526,2.3325942500724177,1.0704875356025105,1.3695129877578531,1.139310183185989,1.1383028195440141,1.1299118999708502,1.1280438283899599,1.1608294910693333,0.9206947911264892,2.3155733676921697,1.0635439008188092,1.367798953980939,1.1245206121518043,1.123506659331194,1.1155706151689906,1.1134597722340833,1.1464923047679456,0.91223411492965,2.287469184253233,1.0520671378257016
2024-06-24,1.3745766519968574,1.1521232642096841,1.1510224241864124,1.1431937934283458,1.140447488245357,1.172835902528691,0.9313455657700824,2.3420635372972747,1.0743060560406046,1.37354520378375,1.14286446007646,1.1417392409513993,1.1341742787957358,1.1313395737107312,1.1638127158314235,0.926039652451274,2.324714673784046,1.067119659248426,1.3718261234285805,1.1275922128903986,1.126427377222529,1.1192938635085727,1.1163152438936328,1.1489224066924917,0.9172607225391893,2.2960733055448403,1.0552449082245545
2024-06-25,1.3636677545282105,1.1418890494223388,1.1412965468029095,1.133141769742191,1.1310277611723667,1.1629624541770718,0.9216064632263666,2.319182960518074,1.0637397559979656,1.3626444920810874,1.1327124904733903,1.132091804352346,1.124201563075777,1.1219950750634287,1.154015228633134,0.9163560339682539,2.3020035851495195,1.0566240407627834,1.3609390546692255,1.1175759053842964,1.1169093223852995,1.1094519902475095,1.107094841347019,1.1392502726641605,0.9076689055332797,2.273642026153156,1.0448660834417345
2024-06-26,1.3579699043990519,1.132808342381359,1.1340830207787695,1.1247932502539781,1.1228243706708079,1.1542355843568899,0.9160818834888779,2.3184853549778834,1.0566681706349128,1.3569509174772882,1.123704758686444,1.1249364565899371,1.1159189113294266,1.1138571990027821,1.1453554987900798,0.9108629279847479,2.3013111471306664,1.0495997596274997,1.3552526059410257,1.108688545094795,1.109849934984014,1.1012780072480783,1.099065037289498,1.1307013390451626,0.902227874633493,2.272958119233841,1.0379199674764767
2024-06-27,1.3590284469113332,1.1351303033765785,1.1352954804447644,1.1269010479504358,1.1246128659184882,1.1561994458304767,0.9172646352336612,2.3215364839086075,1.0580751234981915,1.3580086656855335,1.1260080597146898,1.1261391375713399,1.1180100790264256,1.1156314108555412,1.1473042513394895,0.9120389415450526,2.3043396747875406,1.0509973009069131,1.3563090303092105,1.110961066810291,1.1110364868120723,1.1033417387350097,1.1008156873888626,1.1326251584352234,0.9033927394912619,2.2759493342790553,1.0393019571215494
2024-06-28,1.36136059756996,1.1387102587955733,1.139242080398676,1.1302534312514727,1.1272283681005044,1.1599545756864968,0.9180143929715168,2.3289027832638056,1.0615998849155,1.3603390663561723,1.1295592455505508,1.1300539075541254,1.121336012857205,1.1182260249470628,1.1510304911882288,0.9127844278827819,2.311651408192637,1.0544984840021967,1.3586365143332029,1.1144647976855826,1.1148987558188415,1.1066240361709732,1.1033758446835347,1.1363037232048725,0.9041311585589321,2.283170984349933,1.0427641795649651
2024-07-01,1.349869669669193,1.1274812287657088,1.1289523613834598,1.1208603672640072,1.1154393849490996,1.1496224619224558,0.9096897850085658,2.3092009495288988,1.0515746946772673,1.3488567609625843,1.1184204553351942,1.1198471767979108,1.1120170578078452,1.106531191725488,1.1407778673095752,0.9045072455477481,2.29209551602549,1.044540355654348,1.3471685797849136,1.1034748565800419,1.104828907517789,1.0974273462124107,1.0918363202972203,1.1261822757061997,0.8959324445739268,2.2638560282060847,1.0329168638085344
2024-07-02,1.3541096912434425,1.1324375687129566,1.133458523373638,1.1246672135957818,1.1188352267857837,1.1527847816536412,0.9128809145814177,2.319540768723806,1.0546205253918646,1.3530936009298498,1.123336964665168,1.124316995858045,1.1157938690691085,1.109899913473312,1.1439158578048723,0.9076801951264873,2.3023587428867107,1.0475658117764781,1.3514001170738719,1.1083256659531067,1.1092387818393292,1.1011546055475905,1.0951603050025351,1.1292801174319274,0.8990753143370852,2.273992808212055,1.0359086530987656
2024-07-03,1.359817012643766,1.136257382435275,1.1372663920087147,1.1278431550833412,1.122180387877514,1.1557285227861314,0.9143008522068192,2.333233067977216,1.0586055796921177,1.358796639697807,1.1271260812319137,1.128094153412667,1.1189447531684245,1.113218359225983,1.1468369513310182,0.909092043309865,2.3159496162705207,1.0515242086998329,1.3570960181212184,1.1120641480598217,1.1129652839380604,1.1042641499120913,1.0984346813841463,1.1321638372595078,0.9004737780868529,2.2874162368708553,1.039823001561846
2024-07-05,1.3528995603240446,1.1312642555109853,1.1324744946824323,1.123517677123267,1.1185755043078693,1.151269273154754,0.9106746438785457,2.320469704658792,1.0534413611214315,1.3518843780626677,1.122173080555952,1.1233409035184316,1.114653402153386,1.109642265207631,1.1424120088366128,0.9054864936369531,2.303280797717708,1.046394535334921,1.350192407627049,1.107177334979396,1.1082757798730296,1.1000291016068222,1.0949060783377689,1.1277955093395673,0.8969024093129869,2.274903502977127,1.0347504104496263
2024-07-08,1.354718007444927,1.1337198622465108,1.1337934298322485,1.1255304820406022,1.1205083069430262,1.1542274077314099,0.9128514005520446,2.3269005452426588,1.0561013340567529,1.3537014606659505,1.1246089533077113,1.1246492012415448,1.1166503265406582,1.1115596319709966,1.1453473850712848,0.9076508492397322,2.3096640017734495,1.0490367148110487,1.3520072160343328,1.1095806568451334,1.1095665320167893,1.101999826260301,1.096797982232777,1.1306933291366967,0.8990462466516815,2.281208063533102,1.037363188140146
2024-07-09,1.3481564643881967,1.1274321975527901,1.1290675245513115,1.1193284854382044,1.1154088298198102,1.1480403879121976,0.9074664500618329,2.316401946245652,1.0498974429485837,1.3471448412283225,1.118371818151639,1.1199614111560656,1.1104972621485545,1.106500880617523,1.1392079649502127,0.9022965770300398,2.2992431712734023,1.042874323630119,1.3454588026285415,1.1034268693415292,1.10494160987909,1.095927490337494,1.0918064117245274,1.1246324593375907,0.8937427333704375,2.2709156216250292,1.0312693711442675
2024-07-10,1.3574261060276889,1.1390547201240162,1.1401649212044678,1.1296314396042308,1.126683311623164,1.1591091079315645,0.9157351017619172,2.339869278106586,1.0600918725074928,1.3564075271587304,1.129900938685632,1.130969305498582,1.120718928569324,1.1176853214345572,1.1501915280204964,0.9105181218872974,2.322536668594414,1.0530005591995517,1.354709895710476,1.1148019247306304,1.1158018773624525,1.1060150480554727,1.1028423217807188,1.135475494084598,0.9018863373254024,2.29392213420685,1.0412829234497814
2024-07-11,1.3866420364777945,1.1666056061431778,1.1654185741210075,1.1555503031267673,1.1515287792904711,1.1860357834894524,0.9360080371391989,2.3965629029238467,1.086756498004097,1.3856015346995438,1.1572304176164443,1.15601928359311,1.1464332987066217,1.1423323666418923,1.1769110438042234,0.9306755615326155,2.3788103347114253,1.0794868159919528,1.3838673650691358,1.141766196261722,1.1405159102277747,1.1313920445513075,1.1271620511716387,1.1618531491508313,0.9218526828319491,2.3495024873716943,1.0674744450620757
2024-07-12,1.395326983013738,1.176375030843182,1.174245077681372,1.1645279050727697,1.1607836813866015,1.1956169408152186,0.9431042020959297,2.4139551732769102,1.0948530008565696,1.394279964267101,1.1669213323231156,1.1647745999653245,1.1553400696066691,1.1515133566480873,1.1864184887111082,0.9377312993508704,2.396073771614954,1.0875291585967013,1.3925349330227161,1.15132761000828,1.1491538090615654,1.1401819582343133,1.1362211164921727,1.1712389518107642,0.9288415316918094,2.3665532321719707,1.0754272936581135
2024-07-15,1.3976507175791881,1.1796555165397262,1.176933869525489,1.1667700205500824,1.1616530362686515,1.1975588994422357,0.9431002129408391,2.417891802220009,1.096117685227316,1.3966019551597908,1.1701754550640024,1.1674417062654894,1.157564495350647,1.1523757686326803,1.1883455069230067,0.9377273329221575,2.3999812399323277,1.0887853830656775,1.3948540177941384,1.1545382474815706,1.1517851468020155,1.1423771994169194,1.1370720755386772,1.1731413149415648,0.9288376028651577,2.3704125589947243,1.0766695390454846
2024-07-16,1.4286198391140787,1.2091101914022946,1.2032759075597608,1.193633942542417,1.1887141802499288,1.2245757748610786,0.9654446472817211,2.476831779075783,1.1225395774250795,1.4275478382343,1.1993934234266397,1.1935712914745882,1.1842164676815226,1.1792207951783624,1.2151545286170826,0.9599444701177822,2.458484618208405,1.1150305302844234,1.4257611701013455,1.1833657723133284,1.1775643081720595,1.1686794967252523,1.1635605968032363,1.1996073307419028,0.9508441198246281,2.4281951534174797,1.102622634116089
2024-07-17,1.423141279852002,1.2044316197460578,1.197912757097555,1.1871704591707952,1.1825783286670566,1.2176906696405736,0.9627403110841285,2.4659236809301905,1.1165518516772608,1.4220733899471574,1.1947524501593376,1.1882513956939693,1.1778039795857527,1.1731339461251025,1.2083223937990875,0.9572555406327747,2.4476573219295865,1.109082858460591,1.4202935734390927,1.1787868169785092,1.1723157575080163,1.162351140748922,1.1575545818601305,1.192862609128915,0.9481806816060313,2.417501253543499,1.096741147111801
2024-07-18,1.409566529113656,1.1913015604180313,1.1863623888129318,1.1746385284641507,1.1711984545136154,1.2061928433533438,0.9546463540245295,2.4393672253160013,1.1047759181149486,1.4085088253649434,1.1817279078808771,1.1767941830099367,1.165370922694758,1.161844954649095,1.1969130257803833,0.9492076951735772,2.4212975835762696,1.0973856981032712,1.406745985783765,1.1659363233612072,1.1610121974909309,1.1500812060987378,1.1464155095906807,1.1815992173610004,0.9402091303649512,2.391466277184151,1.0851741510389883
2024-07-19,1.3990183031604428,1.179103229927071,1.1772708539168393,1.1634024742644304,1.160143050349808,1.195157990203344,0.9464983364901883,2.4131888428649746,1.0934463561974173,1.3979685145387586,1.1696276067903089,1.1677759728228634,1.154223518167429,1.1508778418597767,1.1859630690254672,0.9411060972243463,2.3953131178046614,1.0861319234597324,1.3962188668359607,1.1539977201759781,1.1521149305109488,1.139080055997948,1.1355940414190502,1.1707893589560343,0.9321843362117391,2.3658019499056904,1.0740456067487774
2024-07-22,1.4109264968661668,1.1924973799775536,1.1883401956991437,1.1764612643093737,1.1728160643566135,1.2093276092236838,0.9555119422661514,2.4425683170013386,1.1057869053985148,1.4098677726313966,1.182914117479882,1.1787560385616287,1.1671792776076124,1.1634496458331,1.2000236743998451,0.9500683521240129,2.424474963136868,1.0983899225507436,1.4081032322401223,1.167106681486268,1.162947742599935,1.1518658353174085,1.1479988902767917,1.1846700670343464,0.9410616282187152,2.3946045102210674,1.086167200624127
2024-07-23,1.4341577774999956,1.1950787475622082,1.2162522593277343,1.1777533057502296,1.1744492570716611,1.2106790083931147,0.9570454991482502,2.4973312162209202,1.1072987603665723,1.4330816210886617,1.1851661541377851,1.2061245030786374,1.168145769271151,1.1647446076510188,1.2010739876454855,0.9513996398284923,2.4780416158671406,1.0996577478368592,1.4312880270697814,1.1688211861963012,1.1894254810207618,1.1523009492205776,1.1487418727494585,1.1852286591844652,0.9420607989775601,2.4462097859381546,1.0870353954275827
2024-07-24,1.41729616544455,1.180908750878075,1.2009500900896202,1.1609155157148716,1.157252024603401,1.1952560484053376,0.9459593804219495,2.4722414828760524,1.092106077698797,1.4162326615685252,1.1711136906423574,1.1909497553017683,1.1514453337065484,1.147689478480202,1.1857733869698344,0.9403789209883898,2.4531456777730036,1.0845699036126726,1.4144601551084937,1.1549625242742052,1.17446083049936,1.1358270396626158,1.1319210685190961,1.1701299137199421,0.9311482583782327,2.4216336500871525,1.0721207360759335
2024-07-25,1.4276776379339309,1.1936515150951081,1.2139361163145526,1.1700067330350097,1.1668566372911584,1.2080448978442782,0.9551327792776468,2.510677805669152,1.1014490007261306,1.4266063440585393,1.1837507598656134,1.2038276466334317,1.1604623893141988,1.1572147268204627,1.1984607750277254,0.9494982035878909,2.4912851151145734,1.0938483549775504,1.42482085426623,1.1674253120343878,1.1871604249878225,1.1447217872268287,1.141315446947567,1.1826499217220183,0.9401780270392097,2.4592831650338476,1.0812926853194285
2024-07-26,1.4503994284314963,1.2156849275035189,1.236218461512886,1.1933190811161267,1.1912405693265973,1.2302389900947697,0.9677417113132398,2.5561290278888014,1.122844889717175,1.4493110846882975,1.2056014158996826,1.2259244463093653,1.1835845666409577,1.1813971707877915,1.2204787886355188,0.9620327522670932,2.536385268198293,1.115096599753938,1.447497178449643,1.1889746193747481,1.20895129028944,1.167530333542324,1.1651656419072258,1.204377459754399,0.9525895378798919,2.5038039814375295,1.1022970334523614
2024-07-29,1.448321182952448,1.213770674667486,1.2341956497815618,1.1919670806734812,1.189718745659312,1.228857594376561,0.9669662716824693,2.5561926104193784,1.1213025626547901,1.4472343986730904,1.2037030408542253,1.2239184785707207,1.1822435951578651,1.1798879221765013,1.2191083523330115,0.9612618871555803,2.5364483596119545,1.11356491565516,1.4454230915408381,1.187102425366566,1.2069730955538556,1.1662075511007035,1.1636771292626604,1.203025103115236,0.9518262395008987,2.5038662624067105,1.1007829306933343
2024-07-30,1.450530863987858,1.2184878068549816,1.2387876925606511,1.1951084016250364,1.1926049136443753,1.2338958522050967,0.9720795052062852,2.5720847839135117,1.1235798802507821,1.4494424216186788,1.208381046738455,1.2284722833201618,1.1853592907467174,1.182750241324933,1.2241066387317632,0.9663449563902685,2.5522177805959427,1.1158265184206944,1.4476283510033907,1.1917159155236627,1.2114638520145304,1.169280985152309,1.1665001222496014,1.2079574489553333,0.9568594138516394,2.519433116362112,1.1030185737935343
2024-07-31,1.4576224484516678,1.2251390859668487,1.2472435902056598,1.2026370444067305,1.1990885125943636,1.241530963201299,0.9772837001324715,2.5846816975113907,1.1301003955195945,1.456528684733466,1.2149771567447525,1.2368577685408075,1.1928265185361462,1.1891802653295458,1.23168117595158,0.9715184504224513,2.5647173945535435,1.122302038300139,1.4547057452031407,1.198221056676171,1.21973323860497,1.1766469268833428,1.1728418024500187,1.2154320580846056,0.961982125399378,2.531772165790397,1.1094197648246509
2024-08-01,1.435835360476201,1.202971677035037,1.2248219407701832,1.1792658333277146,1.1760337392183795,1.2200396154446431,0.9651923907545321,2.555492622082022,1.108392675312492,1.4347579452482262,1.1929936156228755,1.2146228246168265,1.169645958387088,1.166315996985379,1.2103603315568112,0.9594984708107565,2.5357537780445103,1.1007441141264385,1.432962253201612,1.1765406969045402,1.1978061416885692,1.1537807896546899,1.1502916723492285,1.1943924917676043,0.9500801326692477,2.503180603127813,1.0881092919299218
2024-08-02,1.407622105572953,1.1765656528284796,1.1969237607914516,1.1504518631384413,1.1488530890830349,1.1899891696900973,0.9466345730737173,2.5105084101843445,1.081054460160151,1.4065658608714189,1.16680661646588,1.1869569533260755,1.1410670384993922,1.1393599446170306,1.1805482934668463,0.9410501305037978,2.4911170280550086,1.0735945487333096,1.404805453035539,1.150714850198794,1.1705233096228365,1.1255895164586762,1.1237059763295676,1.164973752958522,0.9318128793701858,2.459117237146534,1.0612713611183933
2024-08-05,1.3732364109376247,1.144872370596123,1.164900986358055,1.1185966556687743,1.1179739559313386,1.1576623774283459,0.9207452971302598,2.4447460688405767,1.0513735068162975,1.3722059684081533,1.135376214501201,1.1552008331590073,1.1094716902602781,1.1087359703492505,1.1484779684505215,0.9153135821056839,2.425862640672097,1.0441184114197017,1.3704885641923774,1.11971791396439,1.1392068589507407,1.0944227299799634,1.0935027529617019,1.1333265199739642,0.9063289582797568,2.3947010788506535,1.0321335637960858
2024-08-06,1.3841124757290622,1.1536439635393199,1.1728264885874804,1.1292934104708252,1.1287192726619744,1.1668673598841925,0.9263351512374203,2.4645821475562686,1.060705333242603,1.3830738720704325,1.1440750513731281,1.1630603395770245,1.1200811861589008,1.1193924969247078,1.1576099224266003,0.9208704602154284,2.445545503815691,1.0533858427566234,1.3813428659727263,1.1282967826704162,1.1469575490146389,1.1048883178512123,1.10401286669383,1.1423379994316283,0.9118312906464481,2.414131104613273,1.0412946195043233
2024-08-07,1.3769665065122108,1.1441166081530065,1.162770330117317,1.1219121804903793,1.120049613561793,1.1562853021788566,0.9198353235551529,2.4519440220064332,1.0521578094346014,1.3759332650115728,1.1346267207377336,1.1530879189342789,1.1127601686490558,1.1107944765110487,1.1471118183399427,0.9144089767004231,2.433004996230783,1.0448973018887753,1.3742111958438525,1.118978756685384,1.1371231984234165,1.0976666031921605,1.0955329767616981,1.131978392980572,0.905433232387961,2.4017516868591855,1.0329035138198177
2024-08-08,1.3975735656869284,1.1668943962787737,1.1851838119854234,1.1436801977580082,1.140444684163748,1.1803224516973807,0.9350641455401114,2.4938051359896996,1.0716723189099087,1.3965248611603962,1.1572155782568283,1.1753147633023824,1.1343506130591474,1.131021019601994,1.1709582671704737,0.9295479599195035,2.4745427713818366,1.064277149774321,1.3947770202828527,1.1412560847613744,1.159042307923824,1.118964193135379,1.1154816220156987,1.155510244360625,0.9204236129073878,2.4427558860663283,1.0520609113383008
2024-08-09,1.3981909057794761,1.1655138034485897,1.1848510540425048,1.1459123965879618,1.1428144976127244,1.178523402879148,0.9325950334085772,2.4916182511540237,1.0728872612562173,1.3971417380162563,1.1558464367686065,1.1749847762413346,1.136564602700825,1.1333712509289025,1.169173491252907,0.9270934137200506,2.4723727782320637,1.0654837083040634,1.3953931250775664,1.1399058254979397,1.158716889596101,1.1211481520493949,1.1177995628914346,1.1537490143369284,0.9179931602805603,2.44061376769172,1.053253620461721
2024-08-12,1.3886043169783577,1.1576834869981543,1.1758984930147756,1.1366795377977037,1.1322192750497695,1.170414657806939,0.927012793413234,2.4698528948037364,1.0651255318466049,1.387562342753508,1.148081068961527,1.1661067633636282,1.127407061065017,1.1228635782706269,1.161129077571691,0.9215441048045054,2.4507755393596775,1.0577755393912147,1.3858257190454346,1.1322475521159057,1.1499617944872456,1.1121148240204348,1.1074362579330634,1.1458107276540208,0.9124983228096378,2.4192939574267953,1.0456339292817303
2024-08-13,1.4054181537260306,1.172939287281559,1.1922528967070674,1.1519175927531051,1.1475732968094816,1.1861185632791118,0.9398271431502254,2.505801137525522,1.0803865434354871,1.404363562815277,1.1632103298466854,1.1823249836178833,1.142520811407441,1.1380907274579586,1.176708394827802,0.9342828593728726,2.486446114773651,1.072931241026776,1.4026059112973643,1.1471681610046474,1.1659554704120605,1.1270235702779539,1.1224541972814737,1.1611845126934153,0.9251120350755142,2.4545063243575953,1.0606156671477183
2024-08-14,1.4018560629826202,1.1698965674316624,1.1883950810119037,1.1490304728876837,1.1434625366364335,1.1833719295769636,0.9400894271347554,2.4993152701547183,1.0777281302944504,1.4008041449763766,1.1601928478690529,1.1784992920291415,1.139657243256365,1.1340139351094816,1.173983551768353,0.9345435960762338,2.480010344798306,1.0702911724995388,1.3990509482993136,1.1441922939904663,1.1621827462475474,1.124198843787953,1.1184334170637014,1.158495617488741,0.9253702124142564,2.448153225445563,1.058005902481297
2024-08-15,1.4224688138727781,1.1899599159497978,1.209905402021399,1.1679569398774643,1.1637195945150989,1.2045664006633894,0.9534147686339877,2.5344660878680623,1.096644243270095,1.4214014285697183,1.180089780728807,1.1998304961766921,1.158429317368506,1.1541036058968595,1.1950098747881905,0.9477903279340651,2.514889654582948,1.089076753173122,1.4196224530646286,1.163814822515781,1.1832186158357951,1.142716292027102,1.1382470705389935,1.1792445479432547,0.9384869157168557,2.4825844909964054,1.076575854046695
2024-08-16,1.424749745217127,1.1928385773148413,1.212397400539385,1.169916073705894,1.165754605521188,1.2074424339764165,0.955386153189863,2.5384993928467905,1.0987472014726172,1.4236806483597817,1.1829445650064399,1.2023017437744887,1.1603724695396294,1.1561218013034134,1.1978630908561418,0.9497500827817631,2.5188918059683365,1.0911651997275236,1.4218988202642162,1.1666302356408247,1.1856556485428067,1.1446330871310746,1.1402375374238969,1.1820601225784284,0.9404274338128634,2.4865352325098073,1.0786403284984587
2024-08-19,1.436421299901068,1.2034836061542722,1.2227671271061387,1.1798068004740994,1.1768363464221077,1.2178657069960162,0.9628369887952997,2.5595969175227062,1.10840041102742,1.4353434449986873,1.1935012985405682,1.2125851214261778,1.1701825125875969,1.1671119721260461,1.20820366998833,0.9571569639778427,2.539826371555442,1.1007517964603848,1.433547020161396,1.1770413782208242,1.1957966508843212,1.154310065992301,1.1510767113764502,1.1922642822439458,0.9477616098261825,2.507200881898275,1.0881168860826795
2024-08-20,1.4261637286282125,1.1942939552795293,1.2133171133010052,1.1705413309026884,1.1672645241082233,1.2079388359257108,0.9552829214378323,2.5443807408102113,1.099139483446662,1.4250935707528,1.1840987623128638,1.2028974715166167,1.1606546542255467,1.157347400357257,1.198051627549895,0.9494613461664728,2.5239231846230354,1.0913101632149638,1.423309974293789,1.1672933120387132,1.185723216734236,1.1443557980921903,1.140999451098025,1.1817463096223952,0.9398343864402956,2.490178302808614,1.0783806217775063
2024-08-21,1.439206688271954,1.2082304415906402,1.2268009114756926,1.18218310123923,1.178471941369244,1.2215577666815804,0.9648116899659902,2.570833346995361,1.1109196354676876,1.4381267432832523,1.197916278611114,1.216265474450857,1.1721980953393363,1.1684595989753646,1.2115590847756201,0.9589320455697827,2.5501631042127197,1.1030064036088123,1.4363268349687588,1.1809147217363543,1.198900359272008,1.1557371368223703,1.1519546859046517,1.1950699322124563,0.9492090587203292,2.516067394373591,1.0899382883452033
2024-08-22,1.427893989664172,1.1964997724937203,1.2152461083092012,1.1721866815476163,1.1678497115035043,1.2108856217395745,0.9579962624652449,2.5485625591058385,1.101566679443147,1.4268225334438103,1.1862857493788752,1.2048099008333137,1.1622861078388897,1.1579276159781915,1.2009742933632137,0.952158151863175,2.528071379891505,1.0937200699638074,1.42503677307655,1.169449260053289,1.1876083415223957,1.1459643415077108,1.1415714709641431,1.1846291983558401,0.9425038481698775,2.494271036658951,1.0807619766167098
2024-08-23,1.4497387479506296,1.2199657486316289,1.237515740843255,1.1932507559273933,1.1887685784512454,1.2321322090386562,0.9723602742873773,2.5954868483520386,1.1224809844899093,1.4486508999656706,1.2095514061952133,1.2268882877390557,1.1831722699250997,1.178668755437462,1.2220469733172765,0.966434628177088,2.5746183842964863,1.1144853995674158,1.4468378199907486,1.192384716508672,1.209371506349048,1.1665572031278588,1.162019634351273,1.2054150820330696,0.9566355697098752,2.5401957070832344,1.10128128432973
2024-08-26,1.4502596841936384,1.2211584083318974,1.238856173807898,1.193787829000348,1.1893257073383021,1.2333562435868282,0.9735769870938719,2.5965828800957564,1.1228709451462526,1.4491714453110482,1.2107338846534734,1.2282172094250934,1.1837048067483005,1.1792211509363244,1.2232609889106165,0.9676439262323842,2.5757056036283585,1.1148725824808954,1.4473577138400744,1.1935504125129992,1.21068145448151,1.1670822616360972,1.1625642270645729,1.2066125750411025,0.957832606219483,2.541268390280218,1.1016638800069751
2024-08-27,1.4498719739255117,1.2213205153738123,1.2393272535788133,1.1923738785178886,1.1886883685363852,1.2339267054736995,0.9722574715516392,2.5941851275329837,1.1230289242761973,1.448784025971087,1.2108946078546963,1.2286842436893468,1.1823027988353927,1.1785892269890865,1.2238267814587944,0.9663324519299544,2.573327129688863,1.1150294363039823,1.4469707793803883,1.1937088546327346,1.2111418207082654,1.1656999418579737,1.1619412292709013,1.207170667230492,0.9565344294676511,2.538921716564468,1.101818875469283
2024-08-28,1.439965510076957,1.2108437783889485,1.228859834215146,1.1829923370565585,1.1797812135783907,1.2237034854680928,0.9667566518637424,2.574787254216086,1.1139593784849209,1.4388849956872012,1.2005073064352976,1.2183067157143204,1.1730004961542002,1.1697577475580725,1.2136872404470747,0.9608651547045121,2.55408522087717,1.106024494122553,1.4370841383709505,1.1834689761167643,1.2009124569065577,1.1565282696727326,1.1532344976706401,1.197169123977828,0.9511225673059034,2.519937072293428,1.0929206213560136
2024-08-29,1.4457917554851722,1.2162085449989228,1.2339886142640133,1.1875113606516672,1.1851619399240798,1.2287885390137931,0.9704447406708756,2.591331323668915,1.1187135129714396,1.4447068692254252,1.2058262762541485,1.2233914511763981,1.1774813509773043,1.1750927590482698,1.2187306718654676,0.9645307679851637,2.57049627123228,1.1107447642616617,1.4428987254591892,1.188712455878835,1.2059245955394007,1.160946200689991,1.1584941502002417,1.202143914988052,0.9547510135006415,2.5361287067177924,1.0975849670380644
2024-08-30,1.451239380065299,1.2202606584403388,1.2380815416939903,1.1923599453307665,1.1901838696898792,1.233965493635891,0.9765809487937419,2.6038160265801342,1.1237109988038048,1.4501504060432358,1.2098437984810018,1.227449229643913,1.1822889833313568,1.1800720223079537,1.2238652521325248,0.9706295815344786,2.582880593525461,1.1157066523218384,1.448335449339806,1.1926729589851912,1.2099244394589581,1.1656863203624759,1.1634030795713348,1.2072086143236422,0.9607879887953991,2.548347450480422,1.1024880680187796
2024-09-03,1.4247983517405873,1.1937674862947771,1.210873794089931,1.1663628643874087,1.1636614656791653,1.2071312463215418,0.9607175513509408,2.545711303097126,1.0980673535727297,1.4237292184101136,1.1835767875758356,1.2004751348752802,1.156511480054375,1.1537749536495228,1.1972506482197405,0.954862856983237,2.5252430488047852,1.090245670268136,1.4219473295259992,1.1667787454848253,1.1833354647749958,1.1402708057406543,1.1374774664879213,1.1809562315107949,0.9451811292274781,2.4914805203911747,1.0773287406491425
2024-09-04,1.4206816614950941,1.1885432446399384,1.2044314761917636,1.1621621851465649,1.159499372582026,1.2009637822620869,0.9575289127620203,2.5408487792395764,1.0935400484675561,1.4196156172268355,1.1783971431087665,1.1940881418744742,1.15234628077172,1.1496482218534896,1.191133666022854,0.9516936502287417,2.5204196210437564,1.0857506137737973,1.4178388767797465,1.161672613684351,1.177039661462161,1.1361640975721543,1.133409026266213,1.174922500600567,0.942044056299086,2.4867215819144186,1.0728869403427936
2024-09-05,1.41316833072857,1.1816215471983882,1.1968255208174088,1.1550846236319845,1.1526444176482442,1.1943634201711035,0.952239284838439,2.525006282068035,1.0865559242412866,1.412107924277295,1.1715345333321596,1.1865475044038727,1.1453284980624752,1.1428515068773022,1.184587329146897,0.9464362577470631,2.5047045021261196,1.0788162384155549,1.410340580191845,1.1549074022422599,1.1696066847292435,1.1292448642723627,1.1267083173393122,1.1684652584694175,0.9368399705748548,2.471216574316257,1.066034721548798
2024-09-06,1.395595273033645,1.1626686919708995,1.1784096671551028,1.1374488454493554,1.1363486142018564,1.1768664600537175,0.9416355746298601,2.4902473012812805,1.069772148102713,1.3945480529688343,1.1527434707818083,1.168289801151061,1.127841675950203,1.1266941531962087,1.167233584965185,0.9358971674492453,2.4702249935862066,1.062152015400188,1.3928026861941583,1.1363830338878145,1.1516096541063354,1.1120036063309657,1.1107791921037662,1.151347696360004,0.9264077402332188,2.437198057199453,1.0495679316457238
2024-09-09,1.3958353462345507,1.1615291872070022,1.1779311903265972,1.1376248038615615,1.1376427243796674,1.1766673630905256,0.9443927203188053,2.493968872853904,1.0700844420527036,1.394787946024767,1.1516136934982377,1.167815433353163,1.1280161481748785,1.127977268564775,1.1670361176483819,0.9386375108581517,2.4739166426482835,1.0624620848378419,1.3930422790084689,1.1352692910910318,1.1511420590497679,1.1121756284748365,1.1120441830051824,1.1511529165462322,0.9291202982291223,2.440840348871393,1.0498743274663092
2024-09-10,1.448901570070665,1.2263737641279744,1.2429537193449953,1.136316619933328,1.1351129547270125,1.242015163983296,0.9430842132187333,2.632589796996253,1.1298905936985737,1.4478143502832153,1.215904719116678,1.232279566340664,1.1267190134861647,1.1254689919312162,1.2318490344020618,0.9373369779115008,2.611423014515151,1.1218422291205765,1.4460023173041407,1.1986478593465453,1.2146858114807642,1.110896709205843,1.109571336683318,1.2150837384142028,0.9278329518943862,2.57650825897538,1.1085509521980081
2024-09-11,1.4521638725598411,1.2304947442830618,1.2471401425709738,1.1386034798949745,1.137860117080489,1.2452312144992472,0.9422936327677791,2.6392066524391242,1.1321105583458504,1.451074204821549,1.2199905201705843,1.2364300376873734,1.1289865580725655,1.12819281428895,1.235038760934834,0.936551215324972,2.617986668528758,1.124046380657335,1.449258091924404,1.2026756722252867,1.2187770248657077,1.1131324110879088,1.112256684068298,1.2182300532074282,0.927055156461871,2.582984156859834,1.110728989556058
2024-09-12,1.4543873610857596,1.2369367210433395,1.2533167174572375,1.1442784756649804,1.1405404902910212,1.250991097658774,0.9437132999005889,2.656331545305106,1.137248534559471,1.4532960248968476,1.2263775044427334,1.2425535698059518,1.1346136214485236,1.1308504149468357,1.2407514983587284,0.9379622308856784,2.6349738723089886,1.1291477583666483,1.4514771312486698,1.2089720085295435,1.2248131288341213,1.1186804546657865,1.1148767451588135,1.2238650410604435,0.9284518651842519,2.599744241531443,1.115769927551068
2024-09-13,1.4768925500986245,1.2601327342196302,1.276850422633245,1.1644372619734322,1.1596595566025805,1.2728973395676644,0.9583078599063596,2.7031433029543637,1.1568358423766767,1.4757843265742852,1.2493755028594717,1.265885173837003,1.1546021417465633,1.1498070449445186,1.26247843352456,0.9524678504030144,2.6814092499035747,1.148595543122689,1.4739372873670618,1.2316436053562299,1.2478116180972068,1.1383882799134333,1.1335656059238248,1.245296275625965,0.9428104065551626,2.645558777597062,1.1349873003240212
2024-09-16,1.4805428827778004,1.2642677466898427,1.281147575218114,1.1695807902285897,1.1643620182184289,1.2779328465861994,0.9617153347615438,2.7160959152695843,1.16055080888756,1.4794319201343922,1.253475216440439,1.270145423628582,1.1597022265115202,1.154469554267793,1.2674727239635057,0.9558545598169774,2.6942577194739776,1.1522840474211764,1.4775803157287206,1.2356851333069812,1.252011042575665,1.1434167451423385,1.1381622556220514,1.2502225944587153,0.9461627767985379,2.658235462982514,1.1386321042421976
2024-09-17,1.490097934387212,1.272900452330971,1.2920973472685469,1.179368383859898,1.175189543181748,1.2865465085723764,0.9653359035844196,2.7353508674845366,1.1705031836180186,1.4889798018701599,1.2620342282481132,1.2810011619749357,1.169407151747339,1.1652050881675955,1.2760158814933285,0.9594530645858913,2.713357856310673,1.1621655300310223,1.4871162476750819,1.2441226704100885,1.2627117891453912,1.152985385929008,1.1487461462353086,1.2586494807891797,0.949724794920971,2.677080230771482,1.1483965137749532
2024-09-18,1.485932740523912,1.2694274880647944,1.2880074575011795,1.1749419783645465,1.1706046743236433,1.2826070873873767,0.9630953440411087,2.7266140443970994,1.166278041660844,1.4848177334649866,1.2582359641131078,1.276646160436061,1.1646782737955266,1.1603642299915844,1.2717498257509023,0.9570552566256363,2.7044623402356613,1.1576545205819508,1.482959388366786,1.239795131049546,1.257925718936105,1.1477644374291194,1.1434890396457427,1.2538514935347362,0.947069349724418,2.667927183440573,1.1434185823497693
2024-09-19,1.5024513571764817,1.2853253434254497,1.3051574755705606,1.1904143716574977,1.1864858476754538,1.2989458069327897,0.9755981000952317,2.7627495179168813,1.181010800755952,1.5013239549574868,1.2739936608347529,1.293644901081679,1.1800155080111288,1.176106474911616,1.287950238129098,0.9694796011912514,2.7403042400020223,1.1722783448827228,1.4994449512591705,1.2553218813803726,1.2746751940141043,1.1628789393454484,1.1590023449168,1.2698239048101108,0.9593640587781002,2.7032848873620465,1.1578625741912345
2024-09-20,1.494142275768097,1.2783777615947662,1.2979209975955188,1.182723819577676,1.1795179824750137,1.2915785482034456,0.9686473645133238,2.747893176826164,1.1738991896948556,1.4930211084776228,1.2671073302603997,1.2864722548612602,1.1723921367419117,1.169199564564051,1.2806453432026321,0.962572457399893,2.7255685955949587,1.165219317447228,1.4911524963268408,1.2485364775607493,1.2676077258047354,1.1553662771510969,1.1521958818458784,1.262621817396216,0.9525289840698759,2.688748309908469,1.150890353205129
2024-09-23,1.499205547286357,1.2844498544835035,1.3036290087949345,1.1883277481684242,1.184477482358894,1.2970562675779782,0.9738509050573352,2.7590973345178016,1.178128900133921,1.4980805806425674,1.2731258903765759,1.292129916654304,1.1779471122196208,1.1741156787656513,1.2860766937140848,0.9677433637504673,2.736681727867332,1.1694177531852135,1.49620563623626,1.254466829053463,1.2731824249649797,1.1608405814697715,1.1570405009420888,1.2679767282543122,0.9576459372249014,2.6997113125140264,1.1550371598337599
2024-09-24,1.5045359319667833,1.2897874154410391,1.308001970252521,1.1943348484955358,1.189769298603708,1.3027960774446723,0.9767751654192868,2.7741338380363003,1.1836637200229665,1.5034069655345892,1.2784163943404183,1.296464304954659,1.183901737527362,1.1793612022261812,1.2917679161231863,0.9706492845073933,2.7515960710169116,1.1749116483253772,1.5015253548142742,1.259679794858167,1.2774532548063584,1.166708731773776,1.1622097386945867,1.2735878536291294,0.9605215376278665,2.714424174630811,1.1604634953086876
2024-09-25,1.4890478402162084,1.2751784336459986,1.2924658389166526,1.1803150656407912,1.1761126693029007,1.287859572943338,0.9663960162068029,2.7416738373327845,1.1697887619098974,1.4879304956637673,1.263936208219968,1.2810652152192266,1.1700044244728225,1.1658240410559784,1.2769578490467657,0.9603352285060122,2.719399783593294,1.1611392823811415,1.4860682547430402,1.245411831804449,1.26227997373074,1.1530132400154915,1.1488694486150164,1.2589862202362134,0.9503150984043994,2.6826628336997884,1.146860491248682
2024-09-26,1.5051510686601794,1.2913648904129118,1.307373358116016,1.1930431637911176,1.1888484320584358,1.3030766777700369,0.9750284141963543,2.777188154926455,1.184487309659585,1.5040216406446738,1.2799799619807601,1.295841237700041,1.1826213363334885,1.1784483914172312,1.2920461411684063,0.9689134880981717,2.754625573861857,1.1757291482969774,1.502139260618839,1.261220446693635,1.2768393240646225,1.16544692498212,1.1613102029037323,1.273862162995189,0.9588038525045105,2.7174127512776707,1.1612709422991145
2024-09-27,1.5138394785839153,1.300863454326407,1.3178657861108494,1.2022157001538156,1.1983191146896441,1.3127364070088885,0.9811503632509004,2.7954021051183084,1.1920624488074163,1.5127035310011832,1.289394784675049,1.3062411137529661,1.191713746013245,1.1878362245601377,1.3016241008546685,0.974997043126964,2.7726915493019884,1.1832482764681949,1.5108102850299712,1.2704972847979263,1.2870866987610332,1.1744072917338335,1.1705615086812418,1.2833053245466715,0.964823931768737,2.735234669614273,1.1686976060586252
2024-09-30,1.514869179188948,1.3000745489058654,1.317488095848268,1.2024218793925532,1.1989743737794856,1.3130366903841053,0.9817531410249271,2.7965401648342354,1.1915702995178268,1.513732458944431,1.2886128344008176,1.3058667550326415,1.1919181241734325,1.188485751446461,1.301921842332837,0.9755960405582969,2.7738203631320895,1.1827597661562943,1.5118379252035778,1.2697267948656994,1.2867178295496586,1.174608701847964,1.171201589490585,1.2835988756756196,0.9654166792656571,2.7363482340583274,1.1682151030679957
2024-10-01,1.5095590558325331,1.29507395321439,1.3122024268133292,1.1952383816159298,1.1961989194430775,1.3090578579075587,0.975856245901587,2.7814775937456684,1.1871221740218147,1.5084263201728259,1.2836563249505653,1.3006277099949042,1.1847973778350156,1.185734576771882,1.297976690650378,0.9697361280268105,2.7588801641919933,1.1783445303337616,1.5065384274066556,1.2648429285173428,1.2815556086462696,1.1675913653018344,1.1684904251809485,1.2797092472053726,0.9596179090147063,2.721609865442398,1.1638541623942595
2024-10-02,1.533978837496926,1.32665738602698,1.3430351034204597,1.224717242246678,1.2246857570674623,1.339408019316849,0.9971527748871885,2.850877975632903,1.214790340949889,1.5328277778389712,1.3149613119691876,1.3311884167495263,1.2140187259058959,1.213972211671139,1.3280699381174563,0.9908990950577051,2.8277167197718645,1.2058081173827713,1.530909345075722,1.2956891064920872,1.3116681803257806,1.1963883514602476,1.1963173998310137,1.3093789688108994,0.9805600618166825,2.789516493356453,1.190980023531166
2024-10-03,1.5176217299789052,1.3093065246195508,1.325770690162914,1.2085319435602961,1.209206316341475,1.3224624263679103,0.9885958748378635,2.831550295282073,1.1997441785543967,1.5164829442885726,1.2977634191896237,1.3140762899764504,1.1979748138812703,1.198628185021759,1.3112677895156144,0.982395859917699,2.8085460623990897,1.1908732071020742,1.5145849681380272,1.2787432677618735,1.2948069817880474,1.18057743433968,1.1811965215377167,1.292813290017452,0.9721455493641904,2.7706048164703203,1.1762287712040977
2024-10-04,1.5279983016111616,1.321225543587579,1.3375304996373014,1.2201389447356101,1.2188806943995152,1.3336862496859871,0.9955483581168401,2.856513106330884,1.2093738503665048,1.5268517295989439,1.3095773577276821,1.3257323681501456,1.2094804221085158,1.2082179316648358,1.3223966032336945,0.9893047404453804,2.8333060692385823,1.2004316766151693,1.5249407762452567,1.2903840600264054,1.306292137950357,1.1919159543853821,1.1906468043850407,1.3037854792162558,0.9789823426876447,2.7950303351127803,1.1856696980659411
2024-10-07,1.5197014080451103,1.3126838868518618,1.3274627237273824,1.21152085322491,1.2106853958012325,1.3246291653110203,0.988436307865636,2.842966833025603,1.2007472160477126,1.5185610618159586,1.3011110059281221,1.3157533983975445,1.2009376139282637,1.2000943255011736,1.3134161870260015,0.9822372936755308,2.819869849293939,1.191868828083497,1.5166604847673817,1.2820417919318465,1.296459497482465,1.1834972076415982,1.1826413399192721,1.2949314514455574,0.9719886376009262,2.781775627920268,1.1772121488101939
2024-10-08,1.5186674048065814,1.311528276768606,1.3259603504879407,1.2095852941062453,1.2094708826434177,1.3244204818082446,0.989269083400518,2.8424173356371676,1.1998249732213988,1.5175278344678038,1.2999655839320532,1.3142642773396616,1.199018962884496,1.1988904368989033,1.3132092700278797,0.9830648464284117,2.819324816161679,1.1909534043690662,1.5156285505698504,1.280913157355959,1.2949922125484155,1.1816064198717737,1.1814549594827946,1.2947274465525513,0.9728075556749953,2.7812379577564803,1.1763079822672449
2024-10-09,1.5236328914198383,1.3156890234150598,1.3297361483213879,1.2131263601324829,1.2124540600465177,1.328004475521712,0.9926348087907708,2.85349300391688,1.2025238938395655,1.5224895951031119,1.3040896486126692,1.3180067694957278,1.2025290959317252,1.2018475174797376,1.3167629252551238,0.9864094635496864,2.830310502902704,1.1936323690264674,1.5205841012419101,1.2849767793290958,1.298679825672497,1.1850655776262367,1.1843690352067229,1.2982310884040897,0.9761172750879484,2.7920752365194703,1.1789540030932084
2024-10-10,1.521888774985975,1.3112487723045065,1.3258462031017222,1.208935899860053,1.2085975403975233,1.323309348753535,0.9900359372835598,2.846157563105529,1.2021428007503543,1.5207467874109448,1.2996885436346224,1.3141511368283305,1.1983752414211426,1.198024734646978,1.3121075427081037,0.9838268909594853,2.823034657073298,1.1932540937595681,1.5188434747859036,1.2806401773890406,1.294880731103151,1.180972046740695,1.180601847148678,1.293641224704985,0.9735616490395199,2.784897681638413,1.1785803795624175
2024-10-11,1.5360371817768372,1.326386028234997,1.3405829714733548,1.221709845652286,1.2216082327451325,1.3377320552139926,1.0004966703761506,2.876977028268071,1.2152109018033699,1.534884577588407,1.3146923465212002,1.3287579146457356,1.2110376004216816,1.2109216095174922,1.326408161041116,0.9942220191847077,2.8536037370828335,1.2062255685872187,1.5329635706076996,1.295424083028805,1.3092733185378893,1.1934505188490625,1.193311162619582,1.3077405792260133,0.9838483145798924,2.815053797446298,1.1913923412441825
2024-10-14,1.543044683668538,1.3339146108033055,1.3482720651523445,1.2282935032175872,1.2275206653808097,1.3453984490447797,1.0071346768122056,2.8937643569947817,1.222303332321352,1.5418868212245613,1.3221545556156964,1.336379184123134,1.2175637464523896,1.2167823202195391,1.3340096588921073,1.000818395122405,2.8702546812924985,1.2132655573015418,1.5399570504846096,1.302776925234958,1.3167828314974457,1.1998818900663732,1.1990866409384662,1.315235095238971,0.9903758639837578,2.8314798005101998,1.1983457576325565
2024-10-15,1.5379634205610464,1.331138223444044,1.3438597500711622,1.223658869633129,1.2221891510523506,1.341149018721268,1.0045913264378232,2.883640385185023,1.2165340583424045,1.536809370970827,1.319402645436835,1.3320057893308757,1.2129695987053366,1.2114974459540182,1.3297961999719055,0.9982909954622323,2.8602129591978875,1.2075389416373274,1.5348859549871379,1.3000653473289465,1.3124735671462617,1.195354460025819,1.193878624660187,1.3110809356290627,0.9878748351914466,2.821573734174503,1.1926895634502486
2024-10-16,1.6736808334319864,1.342269791015009,1.356265145783387,1.2337353322841051,1.232661028284426,1.351846895334876,1.0128419228802232,3.2459397779636445,1.226994709915744,1.672424944862624,1.3300649929111525,1.34390215739803,1.2225941475465014,1.2215142660182206,1.3400295139401102,1.0063213863840204,3.2187645049097062,1.2176165883090646,1.6703317972470306,1.3099620207328357,1.323539252863511,1.2042415608111021,1.20315283068263,1.3205556589593728,0.9955435972811181,3.1739589181297823,1.2021401171227648
2024-10-17,1.670209608665005,1.337228860870587,1.3523314020534773,1.2309934583366293,1.229486819231278,1.3497796083641838,1.0121831372285426,3.2442136168639335,1.223658584405888,1.6689563248165784,1.3250698982128382,1.3400042715740728,1.219877033953517,1.2183687608446363,1.3379802984823013,1.0056668419034325,3.2170527953717705,1.2143059613530929,1.6668675184025443,1.305042423284869,1.3197004280928326,1.2015652343124983,1.2000546077974719,1.318536223535686,0.9948960630285406,3.172271035793286,1.1988715697698344
2024-10-18,1.676453256063277,1.3421949506083402,1.3577934270565921,1.237094908337661,1.235487584038059,1.3554394230984832,1.0171038257106622,3.259397762558977,1.2284776035002754,1.6751952871367628,1.3299908330025916,1.3454165076757445,1.225923385117829,1.2243152616670925,1.3435906370595228,1.0105558516723103,3.2321098181583254,1.2190881478949624,1.6730986722592491,1.309888981697756,1.3250306575942097,1.207520822581864,1.205911722606713,1.3240650303863977,0.9997327110798561,3.1871184630222658,1.2035929725042778
2024-10-21,1.658683921650581,1.3243892064956153,1.3396244088301485,1.2206773143072227,1.2197273894675507,1.3386814522935702,1.0052089684744465,3.2255247212620843,1.2110505599613395,1.6574392863917102,1.3123469904043308,1.3274131085113297,1.2096540493428316,1.2086975840887788,1.3269791586814426,0.9987375718851258,3.1985203647310105,1.201794302105155,1.6553648942936021,1.2925118130430708,1.307300047260785,1.1914957088134395,1.1905288052640544,1.3076949567815597,0.9880410060915666,3.1539965788029907,1.1865189395099234
2024-10-22,1.6486200653129643,1.3158335687418943,1.3311735998300245,1.21116942261904,1.2097929458316061,1.3287567210384599,0.9972112330761314,3.207839161552695,1.2021669436798246,1.6473829817221808,1.3038691461256122,1.3190393325705894,1.2002320181913388,1.1988529760839737,1.3171411860192521,0.9907913248033718,3.180982869972634,1.192978584758429,1.6453211757375514,1.2841621052603698,1.2990531513902464,1.1822151135131476,1.1808321784481008,1.2979999535472324,0.9801798640034712,3.13670320806863,1.1778152740166408
2024-10-23,1.641847496585252,1.3095270031992055,1.3238676032899719,1.2050592661707482,1.2031949914377293,1.3222677269386114,0.9935264026379277,3.1931040250639553,1.1945380077035914,1.6406154949619982,1.2976199240169277,1.3117999335912343,1.1941770392028999,1.1923146859671239,1.3107089164777916,0.9871302167949095,3.1663710972506185,1.185407957989837,1.6385621589232513,1.2780073356324713,1.2919234443177703,1.1762510269335176,1.1743921699432842,1.2916611603680046,0.9765579667784943,3.122294832970052,1.1703408734231608
2024-10-24,1.644494604505458,1.3128600414098768,1.3268552307655854,1.2057379571258495,1.2039919308532503,1.324450807085245,0.9950390600654812,3.207250521309728,1.1973007046422475,1.6432606165581018,1.3009226560561378,1.3147603274511381,1.1948496012735375,1.1931044187832622,1.3128729128873564,0.9886331359427376,3.18039915787388,1.1881495391831325,1.6412039699791847,1.2812601492611897,1.2948389820717277,1.1769134930505951,1.1751700317330749,1.2937937086998812,0.9780447895322347,3.136127621312086,1.1730476078488037
2024-10-25,1.638562032594697,1.3082669058878684,1.32333394916527,1.2029176850001722,1.2017477034376487,1.321707331455254,0.9913075952029146,3.2031804213762194,1.1935729368289896,1.6373324963021012,1.2963712843375652,1.3112711439723896,1.1920547974731486,1.1908804855676873,1.3101534197793352,0.9849256937358994,3.1763631331495916,1.184450263310053,1.6352832691477848,1.2767775682404547,1.2914026669582022,1.1741606425666506,1.1729795280132205,1.291113736373944,0.9743770543521548,3.1321477785345517,1.1693953514866355
2024-10-28,1.656062738616407,1.3216696478224221,1.3399190493237587,1.217109189179453,1.2163724091921866,1.3342244972142931,1.0005114526423242,3.2462950462867424,1.210171007539484,1.6548200702282472,1.309652159743911,1.3277050632196332,1.206118145989194,1.2053729423790702,1.3225611647731481,0.9940702980115292,3.2191167988973737,1.2009214722465715,1.6527489562479907,1.2898577128026536,1.3075875782498314,1.188012883558626,1.1872541385693456,1.3033411669611457,0.9834237191249122,3.174306308143017,1.1856572037233872
2024-10-29,1.6530705051705488,1.3178737645934828,1.3387239262887696,1.2163785007185823,1.21414930505691,1.3302428718221384,0.9960596733046955,3.242536383286338,1.2069861056954363,1.651830082080122,1.3058907911771842,1.3265208342876493,1.2053940559736425,1.2031699414292765,1.318614345383058,0.9896471786147938,3.2153896037307375,1.197760913129153,1.6497627102627543,1.2861531946064368,1.3064212928419026,1.1872996629921402,1.185084252467744,1.2994517043588265,0.9790479717195505,3.1706309959787657,1.1825368167772274
2024-10-30,1.6502827741133372,1.3160015912180063,1.3378216364495672,1.213560542011963,1.212425106340015,1.3294823821872652,0.9935945857687684,3.242399081596238,1.2052062735995932,1.6490444428671254,1.304035640831069,1.325626769240507,1.2026015447010974,1.2014613343736378,1.3178605036874547,0.9871979609721651,3.215253451541606,1.1959946845816376,1.6469805574567828,1.2843260835185482,1.3055407747342471,1.1845490706224804,1.1834013286798648,1.2987088177979464,0.976624985409751,3.170496739044387,1.1807930378131741
2024-10-31,1.628998118903455,1.295681623365373,1.3153635761881435,1.1951145750187628,1.1940057567478553,1.3104550945033018,0.9810701976444625,3.197023652325012,1.1848535537048468,1.6277757591343893,1.2839004354656631,1.3033734246565691,1.1843221530831476,1.183208548099609,1.298999546019298,0.9747542031298531,3.1702579090719643,1.1757975238597687,1.6257384928526233,1.2644952072463993,1.2836246144675172,1.1665440743309046,1.1654229128034552,1.2801219552527752,0.9643145012904133,3.126127539906094,1.1608525923651922
2024-11-01,1.6320438927309064,1.2952625362084205,1.3175687917702545,1.1964746807661348,1.1948807271700141,1.3084402753581823,0.9819453617737346,3.212732273676839,1.1867857590997972,1.6308192474887337,1.283485158924261,1.305558538671731,1.1856699764641176,1.1840756063001092,1.2970023397313457,0.9756237330732604,3.185835016562248,1.1777149610923003,1.6287781720851224,1.2640862073101276,1.2857766194740785,1.1678716652859689,1.1662769376456692,1.278153773180494,0.9651747184929056,3.141487812197539,1.162745658081792
2024-11-04,1.6402272689239437,1.3031662404134339,1.3257659437040301,1.202817166042525,1.2021415791135803,1.3160275661513487,0.9862602121555023,3.2331176350806956,1.195740968301834,1.6389964830793249,1.2913169974620737,1.3136809697484046,1.1919551862468825,1.1912707994870442,1.3045233050335374,0.9799108050438522,3.206049710054699,1.1866017241631261,1.6369451733383036,1.2717996732623373,1.2937759788764551,1.1740625266229148,1.1733639748510456,1.2855654407499966,0.9694158755518268,3.16142111473948,1.1715194662750927
2024-11-05,1.6552030849101467,1.316834827711757,1.3391569882738283,1.2151497263639823,1.214397017100475,1.329929274649075,0.9965986873655676,3.2729591614518165,1.2082245412660788,1.653961061584798,1.3048613009916212,1.326949948711047,1.204176378003921,1.203415413451297,1.3183034895688064,0.9901827225775423,3.245557679911503,1.1989898831338155,1.6518910227092267,1.2851392644218276,1.3068439052919314,1.1861002638115006,1.1853260346281032,1.2991453660279462,0.9795777799601293,3.200379128931861,1.1837501660035197
2024-11-06,1.685503396851343,1.3427712306812238,1.365027604457036,1.2394436033005096,1.2391049833947918,1.361285099103552,1.015789106551186,3.362689474651822,1.2340884994850911,1.6842386369237374,1.33056187315874,1.3525847421803925,1.2282508703091908,1.227899949443167,1.3493852121721017,1.0092495964933108,3.334536763597338,1.2246561588824407,1.682130703711071,1.3104513909941853,1.3320902784813444,1.209813369462802,1.2094425264334716,1.329775396372055,0.9984404460068252,3.2881196131334525,1.2090902114914068
2024-11-07,1.6852616003743082,1.3416964455962848,1.3647112358603166,1.240294037981639,1.2380781643418537,1.359644274133138,1.0169145975794198,3.3664909117162622,1.2325364689449345,1.6839970218847795,1.3294968607253606,1.3522712574307578,1.2290936251827942,1.226882415755476,1.3477587307301924,1.0103678417656574,3.3383063747200517,1.2231159907659972,1.6818893910689077,1.3094024754548914,1.33178154367574,1.2106434735872214,1.2084402880063667,1.3281725516212777,0.9995467147755679,3.2918367508186006,1.2075696196255705
2024-11-08,1.676441301021019,1.3336161090191336,1.3578723390389278,1.2349495590087485,1.2321098118882365,1.3526762136346322,1.012953036287692,3.3497935449436422,1.2233293158039353,1.6751833410652721,1.321489995872892,1.3454947003386133,1.2237974092579051,1.2209680341863072,1.3408515826240415,1.0064317844587085,3.3217487996664303,1.2139792094050146,1.6730867411390367,1.3015166285844182,1.325107665476088,1.2054267601385433,1.2026148096434504,1.3213657810061823,0.9956528129828764,3.275509659189535,1.198548970990461
2024-11-11,1.685103722599249,1.3431590119508046,1.365292209936039,1.240157230042351,1.2375299531736204,1.3602508661059054,1.018802686919785,3.3738465792390264,1.2309570005101018,1.6838392625772851,1.3309461284664494,1.3528469356572337,1.2289580526807067,1.2263391619757087,1.3483600200842105,1.0122437758474638,3.3456004599932676,1.2215485944672022,1.681731829207355,1.3108298385603172,1.3323484991833008,1.2105099361890224,1.2079052002541484,1.3287651027933678,1.001402557441075,3.299029301552651,1.2060221456602003
2024-11-12,1.667250226850414,1.3250231763149747,1.3474457705770368,1.224022505891328,1.2213409301270715,1.3417326790174762,1.0088602757646903,3.3406082284903453,1.2140412105296248,1.665999163648672,1.312975195753908,1.335163174903666,1.2129690323429354,1.210296533750673,1.3300037126289843,1.0023653725630275,3.312640383433033,1.204762094641139,1.6639140583124448,1.2931305235222985,1.3149326840759648,1.1947609299909816,1.1921037199951754,1.3106755566785795,0.9916299527103747,3.266528033199211,1.189449010027243
2024-11-13,1.653744853359793,1.3108213088584275,1.3343385561242724,1.2160559320727915,1.2159970292058926,1.3327336465264281,0.9986463451230261,3.3245821013631183,1.2003182821282907,1.6525039242552175,1.298520877583153,1.321787407016661,1.204733252727403,1.2046719075255885,1.3207217518307333,0.9920010627635393,3.295878860250993,1.1908729813587358,1.6504357090809345,1.2782683118386213,1.3011226662909288,1.1860887349996416,1.1860234694629708,1.3009345852555811,0.9810202785511781,3.2485707264095365,1.1752903904333158
2024-11-14,1.6425662901149167,1.300135435112727,1.3226915717841938,1.2054348405629507,1.206519383420595,1.3230387159564578,0.9909632959791947,3.300280232508466,1.1903815356713472,1.6413337491268332,1.2879352775015567,1.3102499773592644,1.1942110540483049,1.1952825312748236,1.3111142014251282,0.9843691388565767,3.2717868049548406,1.1810144271282659,1.6392795141467034,1.2678478115758258,1.2897656120791188,1.1757293784429497,1.1767794416679682,1.291470975994272,0.9734728349060755,3.2248244818135925,1.1655608355336682
2024-11-15,1.6283754343780672,1.285636059916662,1.307933610255844,1.1906018407643106,1.1934894640140121,1.3097746834883868,0.9829334592891312,3.2728969968888464,1.177435097530184,1.6271535418560192,1.2735719609482132,1.295630833205873,1.179516164098086,1.1823739653084382,1.2979697173466862,0.9763927350282732,3.244639986301461,1.16816986446793,1.625117054319282,1.2537085145340883,1.2753750227008434,1.1612619074135284,1.1640707015557408,1.2785234237038043,0.9655847245005483,3.1980673210890016,1.1528843441695034
2024-11-18,1.6342127434162572,1.2893989863909427,1.3113317348552893,1.1942292114729274,1.1979832414654625,1.3146430136531884,0.9865596537206168,3.2903120856209074,1.1822029926275586,1.6329864707223447,1.2772995770272644,1.2989969941268815,1.1831097604100511,1.1868258902099074,1.3027941693746703,0.9799947997105185,3.2619047194472786,1.1729002410138478,1.6309426828991667,1.2573779923182422,1.2786885572749034,1.164799889032371,1.1684537102275994,1.283275595377672,0.9691469167507173,3.215084241028985,1.15755282366696
2024-11-19,1.6340573327092516,1.2892389410480802,1.3110517232220147,1.1942392296787325,1.196643941915325,1.3142311582632196,0.9844141193905555,3.2882857016814335,1.1823244391392114,1.6328311766316774,1.277141033511331,1.2987196163587118,1.1831196853364856,1.1854990641527203,1.3023860260269293,0.9778635423880333,3.259895830574862,1.1730207318632841,1.6307875831690635,1.2572219215488276,1.2784155160132187,1.164809660360101,1.1671474235665689,1.2828735668685767,0.9670392510125939,3.21310418719198,1.157671737891814
2024-11-20,1.6381597747950616,1.2952979868018397,1.3181036941245612,1.2006780381581241,1.2030487530654945,1.3209582849801318,0.9877692904785453,3.299253652416434,1.1852807047581948,1.6369305403467378,1.2831432226398707,1.3057052545169228,1.1894985421624575,1.1918442244453031,1.309052521320647,0.9811963871946996,3.27076908798455,1.1759537346374522,1.6348818162662075,1.2631304966800607,1.2852919411462662,1.1710897976488597,1.1733943601619157,1.2894401841579635,0.970335203470039,3.2238213728712917,1.1605663622804379
2024-11-21,1.665840686604674,1.322189445236422,1.3381544586992478,1.2249799399808863,1.2283417632561453,1.3416941695006164,1.0069198094231737,3.3664687022561637,1.2107002875355228,1.6645906810869582,1.309782338108916,1.3255674161806439,1.2135741693258353,1.2169016695719033,1.3296015138376682,1.0002194730331646,3.33740382736026,1.2011732907982209,1.6625073385574416,1.289354131391941,1.3048435790307058,1.1947928290891274,1.1980639136057003,1.3096813099064377,0.9891477165495763,3.289499655622672,1.1854559201684054
2024-11-22,1.6846679967523395,1.3379832415852806,1.3544611197298912,1.238774200398421,1.2439404146138506,1.356601113624167,1.0204045909261008,3.4144418061020896,1.2267736479003144,1.6834038636882396,1.32542792927889,1.3417206923502238,1.227239991582431,1.2323550437451816,1.3443741020503333,1.0136145228897682,3.3849627487541953,1.2171201699410872,1.681296975248083,1.3047557038716868,1.3207443159022536,1.2082471583328502,1.2132780680467605,1.3242325739353336,1.0023944922182677,3.3363759294090767,1.2011941341571282
2024-11-25,1.706396452514149,1.3562674362175777,1.3729217126838102,1.2551204621546455,1.2601014779884143,1.3749562229397256,1.0357099616313292,3.4664204008842865,1.244568812617557,1.7051160149559808,1.3435405494349573,1.3600076399772383,1.2434340535298474,1.2483655919418262,1.3625637772292203,1.0288180472202018,3.4364925791223353,1.2347753045633951,1.7029819523590435,1.3225858279687004,1.3387453665466131,1.2241906000916234,1.229040771403222,1.3421497298404117,1.01742972376535,3.387166114840237,1.2186182510765753
2024-11-26,1.6917478809338025,1.3418674570457938,1.3592876562667227,1.2428060167741461,1.2475916852876603,1.361082401864657,1.025955127061093,3.440213195749754,1.23032516055154,1.6904784353002817,1.3292756961975556,1.3465018291798603,1.2312342677736976,1.235972308509704,1.3488150005530943,1.0191281241478205,3.410511637531586,1.2206437357504816,1.688362692577757,1.3085434585457787,1.3254507047410753,1.2121796188872618,1.2168393372016106,1.3286069385157937,1.0078470616206896,3.361558096501287,1.2046715940547537
2024-11-27,1.6951703244155547,1.3446672981557988,1.362682491511431,1.245746395782087,1.2502646357500675,1.3644187403195223,1.0284306285848794,3.4519540860097906,1.2331007178484807,1.6938983106653644,1.3320492642733013,1.3498647316866914,1.2341472689548603,1.2386203645944895,1.3521212686737307,1.0215871529666427,3.422151161185616,1.2233974521958224,1.6917782877483902,1.3112737682721436,1.3287610318427991,1.2150475383027803,1.219446401121164,1.3318636718438408,1.0102788706452546,3.373030549651144,1.2073892780788673
2024-11-29,1.6993676055822418,1.3483534920450686,1.3659961013832893,1.2499755736357272,1.2533818243162032,1.3679924179106826,1.0301053832740579,3.4605406433078163,1.2362351533758484,1.6980924422964085,1.3357008678074282,1.3531471728484834,1.2383370689941513,1.2417085213957737,1.3556627367990213,1.0232507633524883,3.430663585249168,1.2265072228599287,1.695967170153363,1.3148684190518525,1.3319921555270635,1.2191724967674478,1.2224867529554055,1.3353520813898971,1.0119240659836308,3.381420788733394,1.210458357346923
2024-12-02,1.701300364856159,1.3493819861708263,1.366536782362004,1.2511251221301045,1.255060709612215,1.36898662570009,1.0301756617619513,3.4654349549826917,1.237401771799195,1.7000237512757232,1.3367197107921605,1.3536827680357755,1.239475914058982,1.2433717704856042,1.356647983818733,1.0233205741869444,3.435515641204738,1.227664661166588,1.6978960619750063,1.3158713715069152,1.3325193772530708,1.220293717003751,1.2241242547878786,1.336322567354247,1.0119931040591277,3.3862031996193833,1.2116006505558796
