table_schema,table_name,column_name,data_type
audit,f26_auditor,cik_company_fkey,character varying
audit,f53_auditor,cik_company_fkey,character varying
audit,f60_auditor,cik_company_fkey,character varying
audit,f80_fund_to_cik,mfh_fund_fkey,double precision
audit,f80_fund_to_cik,company_fkey,character varying
audit,f87_fund_to_cik,mfh_fund_fkey,double precision
audit,f87_fund_to_cik,company_key,character varying
audit,f91_feed91_related_party,cik,character varying
audit,f91_feed91_respondent,cik,character varying
audit,feed25_comment_letters,list_ciks_reclet,character varying
audit,feed26_comment_letter_conversati,list_of_ciks,character varying
audit,feed33_erisa,cik_company_fkey,character varying
audit,feed94_crowdfunding,intermediary_cik,character varying
audit_acct_os,f91_feed91_related_party,cik,character varying
audit_acct_os,f91_feed91_respondent,cik,character varying
audit_acct_os_old,f91_feed91_related_party,cik,character varying
audit_acct_os_old,f91_feed91_respondent,cik,character varying
audit_corp_legal,f26_auditor,cik_company_fkey,character varying
audit_corp_legal,feed25_comment_letters,list_ciks_reclet,character varying
audit_corp_legal,feed26_comment_letter_conversati,list_of_ciks,character varying
audit_corp_legal_old,f26_auditor,cik_company_fkey,character varying
audit_corp_legal_old,feed25_comment_letters,list_ciks_reclet,character varying
audit_corp_legal_old,feed26_comment_letter_conversati,list_of_ciks,character varying
audit_esg_funds,f80_fund_to_cik,mfh_fund_fkey,double precision
audit_esg_funds,f80_fund_to_cik,company_fkey,character varying
audit_esg_funds,f87_fund_to_cik,mfh_fund_fkey,double precision
audit_esg_funds,f87_fund_to_cik,company_key,character varying
audit_esg_funds,feed94_crowdfunding,intermediary_cik,character varying
audit_esg_funds_old,f80_fund_to_cik,mfh_fund_fkey,double precision
audit_esg_funds_old,f80_fund_to_cik,company_fkey,character varying
audit_esg_funds_old,f87_fund_to_cik,mfh_fund_fkey,double precision
audit_esg_funds_old,f87_fund_to_cik,company_key,character varying
audit_esg_funds_old,feed94_crowdfunding,intermediary_cik,character varying
audit_oia,f53_auditor,cik_company_fkey,character varying
audit_oia,feed33_erisa,cik_company_fkey,character varying
audit_oia_old,f53_auditor,cik_company_fkey,character varying
audit_oia_old,feed33_erisa,cik_company_fkey,character varying
audit_sedar,f60_auditor,cik_company_fkey,character varying
audit_sedar_old,f60_auditor,cik_company_fkey,character varying
boardex,eur_company_profile_details,cikcode,character varying
boardex,eur_wrds_company_dir_names,cikcode,character varying
boardex,eur_wrds_company_names,cikcode,character varying
boardex,eur_wrds_company_profile,cikcode,character varying
boardex,eur_wrds_org_summary,cikcode,character varying
boardex,na_company_profile_details,cikcode,character varying
boardex,na_wrds_company_dir_names,cikcode,character varying
boardex,na_wrds_company_names,cikcode,character varying
boardex,na_wrds_company_profile,cikcode,character varying
boardex,na_wrds_org_summary,cikcode,character varying
boardex,row_company_profile_details,cikcode,character varying
boardex,row_wrds_company_dir_names,cikcode,character varying
boardex,row_wrds_company_names,cikcode,character varying
boardex,row_wrds_company_profile,cikcode,character varying
boardex,row_wrds_org_summary,cikcode,character varying
boardex,uk_company_profile_details,cikcode,character varying
boardex,uk_wrds_company_dir_names,cikcode,character varying
boardex,uk_wrds_company_names,cikcode,character varying
boardex,uk_wrds_company_profile,cikcode,character varying
boardex,uk_wrds_org_summary,cikcode,character varying
boardex_eur,eur_company_profile_details,cikcode,character varying
boardex_eur,eur_wrds_company_dir_names,cikcode,character varying
boardex_eur,eur_wrds_company_names,cikcode,character varying
boardex_eur,eur_wrds_company_profile,cikcode,character varying
boardex_eur,eur_wrds_org_summary,cikcode,character varying
boardex_eur_old,eur_company_profile_details,cikcode,character varying
boardex_eur_old,eur_wrds_company_dir_names,cikcode,character varying
boardex_eur_old,eur_wrds_company_names,cikcode,character varying
boardex_eur_old,eur_wrds_company_profile,cikcode,character varying
boardex_eur_old,eur_wrds_org_summary,cikcode,character varying
boardex_na,na_company_profile_details,cikcode,character varying
boardex_na,na_wrds_company_dir_names,cikcode,character varying
boardex_na,na_wrds_company_names,cikcode,character varying
boardex_na,na_wrds_company_profile,cikcode,character varying
boardex_na,na_wrds_org_summary,cikcode,character varying
boardex_na_old,na_company_profile_details,cikcode,character varying
boardex_na_old,na_wrds_company_dir_names,cikcode,character varying
boardex_na_old,na_wrds_company_names,cikcode,character varying
boardex_na_old,na_wrds_company_profile,cikcode,character varying
boardex_na_old,na_wrds_org_summary,cikcode,character varying
boardex_row,row_company_profile_details,cikcode,character varying
boardex_row,row_wrds_company_dir_names,cikcode,character varying
boardex_row,row_wrds_company_names,cikcode,character varying
boardex_row,row_wrds_company_profile,cikcode,character varying
boardex_row,row_wrds_org_summary,cikcode,character varying
boardex_row_old,row_company_profile_details,cikcode,character varying
boardex_row_old,row_wrds_company_dir_names,cikcode,character varying
boardex_row_old,row_wrds_company_names,cikcode,character varying
boardex_row_old,row_wrds_company_profile,cikcode,character varying
boardex_row_old,row_wrds_org_summary,cikcode,character varying
boardex_trial,jr_company_profile_details,cikcode,character varying
boardex_trial,jr_wrds_company_dir_names,cikcode,character varying
boardex_trial,jr_wrds_company_names,cikcode,character varying
boardex_trial,jr_wrds_company_profile,cikcode,character varying
boardex_trial,jr_wrds_org_summary,cikcode,character varying
boardex_trial,jr_wrds_org_summary_all,cikcode,character varying
boardex_trial_old,jr_company_profile_details,cikcode,character varying
boardex_trial_old,jr_wrds_company_dir_names,cikcode,character varying
boardex_trial_old,jr_wrds_company_names,cikcode,character varying
boardex_trial_old,jr_wrds_company_profile,cikcode,character varying
boardex_trial_old,jr_wrds_org_summary,cikcode,character varying
boardex_trial_old,jr_wrds_org_summary_all,cikcode,character varying
boardex_uk,uk_company_profile_details,cikcode,character varying
boardex_uk,uk_wrds_company_dir_names,cikcode,character varying
boardex_uk,uk_wrds_company_names,cikcode,character varying
boardex_uk,uk_wrds_company_profile,cikcode,character varying
boardex_uk,uk_wrds_org_summary,cikcode,character varying
boardex_uk_old,uk_company_profile_details,cikcode,character varying
boardex_uk_old,uk_wrds_company_dir_names,cikcode,character varying
boardex_uk_old,uk_wrds_company_names,cikcode,character varying
boardex_uk_old,uk_wrds_company_profile,cikcode,character varying
boardex_uk_old,uk_wrds_org_summary,cikcode,character varying
boardsmp,jr_company_profile_details,cikcode,character varying
boardsmp,jr_wrds_company_dir_names,cikcode,character varying
boardsmp,jr_wrds_company_names,cikcode,character varying
boardsmp,jr_wrds_company_profile,cikcode,character varying
boardsmp,jr_wrds_org_summary,cikcode,character varying
boardsmp,jr_wrds_org_summary_all,cikcode,character varying
bvd,os_gen,cik,character varying
bvd,osiris_qvards,cik,character varying
bvd_bvdbankf_trial,bvdbankf_bank,cik,character varying
bvd_bvdbankf_trial,bvdbankf_qvards,cik,character varying
bvd_osiris,os_gen,cik,character varying
bvd_osiris,osiris_qvards,cik,character varying
bvd_osiris_old,os_gen,cik,character varying
bvd_osiris_old,osiris_qvards,cik,character varying
bvdsamp,bvdbankf_bank,cik,character varying
bvdsamp,bvdbankf_qvards,cik,character varying
calcbench_ap_ar,accounts_payable_fn,cik_code,character varying
calcbench_ap_ar,accounts_receivable_fn,cik_code,character varying
calcbench_ap_ar_old,accounts_payable_fn,cik_code,character varying
calcbench_ap_ar_old,accounts_receivable_fn,cik_code,character varying
calcbench_business_combinations,business_combinations_fn,cik_code,character varying
calcbench_business_combinations_old,business_combinations_fn,cik_code,character varying
calcbench_business_segments,segment_fn,cik_code,character varying
calcbench_business_segments_old,segment_fn,cik_code,character varying
calcbench_commitment_contingency,commitments_contingencies_fn,cik_code,character varying
calcbench_commitment_contingency_old,commitments_contingencies_fn,cik_code,character varying
calcbench_common,entity_names,cik_code,character varying
calcbench_common_old,entity_names,cik_code,character varying
calcbench_concentration_risk,concentration_risk_bo,cik_code,character varying
calcbench_concentration_risk,concentration_risk_fn,cik_code,character varying
calcbench_concentration_risk_old,concentration_risk_bo,cik_code,character varying
calcbench_concentration_risk_old,concentration_risk_fn,cik_code,character varying
calcbench_derivatives_hedging,derivatives_hedging_bo,cik_code,character varying
calcbench_derivatives_hedging,derivatives_hedging_fn,cik_code,character varying
calcbench_derivatives_hedging_old,derivatives_hedging_bo,cik_code,character varying
calcbench_derivatives_hedging_old,derivatives_hedging_fn,cik_code,character varying
calcbench_discontinued_ops,restructuring_discontinued_op_fn,cik_code,character varying
calcbench_discontinued_ops_old,restructuring_discontinued_op_fn,cik_code,character varying
calcbench_equity_compensation,equity_based_compensation_bo,cik_code,character varying
calcbench_equity_compensation,equity_based_compensation_fn,cik_code,character varying
calcbench_equity_compensation_old,equity_based_compensation_bo,cik_code,character varying
calcbench_equity_compensation_old,equity_based_compensation_fn,cik_code,character varying
calcbench_equity_investments,equity_fn,cik_code,character varying
calcbench_equity_investments_old,equity_fn,cik_code,character varying
calcbench_equity_repurchases,equity_repurchases_fn,cik_code,character varying
calcbench_equity_repurchases_old,equity_repurchases_fn,cik_code,character varying
calcbench_fair_value,fair_value_bo,cik_code,character varying
calcbench_fair_value,fair_value_fn,cik_code,character varying
calcbench_fair_value_old,fair_value_bo,cik_code,character varying
calcbench_fair_value_old,fair_value_fn,cik_code,character varying
calcbench_goodwill,goodwill_intangible_assets_bo,cik_code,character varying
calcbench_goodwill,goodwill_intangible_assets_fn,cik_code,character varying
calcbench_goodwill_old,goodwill_intangible_assets_bo,cik_code,character varying
calcbench_goodwill_old,goodwill_intangible_assets_fn,cik_code,character varying
calcbench_income_tax,tax_bo,cik_code,character varying
calcbench_income_tax,tax_fn,cik_code,character varying
calcbench_income_tax_old,tax_bo,cik_code,character varying
calcbench_income_tax_old,tax_fn,cik_code,character varying
calcbench_inventory,inventory_fn,cik_code,character varying
calcbench_inventory_old,inventory_fn,cik_code,character varying
calcbench_leases,capitalized_leases_fn,cik_code,character varying
calcbench_leases,operating_leases_fn,cik_code,character varying
calcbench_leases_old,capitalized_leases_fn,cik_code,character varying
calcbench_leases_old,operating_leases_fn,cik_code,character varying
calcbench_trial,entity_names,cik_code,character varying
calcbench_trial,normalized_fn,cik_code,character varying
calcbnch,accounts_payable_fn,cik_code,character varying
calcbnch,accounts_receivable_fn,cik_code,character varying
calcbnch,business_combinations_fn,cik_code,character varying
calcbnch,capitalized_leases_fn,cik_code,character varying
calcbnch,commitments_contingencies_fn,cik_code,character varying
calcbnch,concentration_risk_bo,cik_code,character varying
calcbnch,concentration_risk_fn,cik_code,character varying
calcbnch,derivatives_hedging_bo,cik_code,character varying
calcbnch,derivatives_hedging_fn,cik_code,character varying
calcbnch,entity_names,cik_code,character varying
calcbnch,equity_based_compensation_bo,cik_code,character varying
calcbnch,equity_based_compensation_fn,cik_code,character varying
calcbnch,equity_fn,cik_code,character varying
calcbnch,equity_repurchases_fn,cik_code,character varying
calcbnch,fair_value_bo,cik_code,character varying
calcbnch,fair_value_fn,cik_code,character varying
calcbnch,goodwill_intangible_assets_bo,cik_code,character varying
calcbnch,goodwill_intangible_assets_fn,cik_code,character varying
calcbnch,inventory_fn,cik_code,character varying
calcbnch,normalized_fn,cik_code,character varying
calcbnch,operating_leases_fn,cik_code,character varying
calcbnch,restructuring_discontinued_op_fn,cik_code,character varying
calcbnch,segment_fn,cik_code,character varying
calcbnch,tax_bo,cik_code,character varying
calcbnch,tax_fn,cik_code,character varying
ciq,chars,cik,character varying
ciq,wrds_cik,companyid,numeric
ciq,wrds_cik,cik,character varying
ciq,wrds_cik,companyname,character varying
ciq,wrds_cik,startdate,date
ciq,wrds_cik,enddate,date
ciq,wrds_cik,primaryflag,smallint
ciq,wrds_ciqsymbol_primary,cik,character varying
ciq,wrds_ciqsymbol_primary,cik_startdate,date
ciq,wrds_ciqsymbol_primary,cik_enddate,date
ciq_common,chars,cik,character varying
ciq_common,wrds_cik,companyid,numeric
ciq_common,wrds_cik,cik,character varying
ciq_common,wrds_cik,companyname,character varying
ciq_common,wrds_cik,startdate,date
ciq_common,wrds_cik,enddate,date
ciq_common,wrds_cik,primaryflag,smallint
ciq_common,wrds_ciqsymbol_primary,cik,character varying
ciq_common,wrds_ciqsymbol_primary,cik_startdate,date
ciq_common,wrds_ciqsymbol_primary,cik_enddate,date
ciq_common_old,chars,cik,character varying
ciq_common_old,wrds_cik,companyid,numeric
ciq_common_old,wrds_cik,cik,character varying
ciq_common_old,wrds_cik,companyname,character varying
ciq_common_old,wrds_cik,startdate,date
ciq_common_old,wrds_cik,enddate,date
ciq_common_old,wrds_cik,primaryflag,smallint
ciq_common_old,wrds_ciqsymbol_primary,cik,character varying
ciq_common_old,wrds_ciqsymbol_primary,cik_startdate,date
ciq_common_old,wrds_ciqsymbol_primary,cik_enddate,date
ciqsamp,chars,cik,character varying
ciqsamp,wrds_cik,companyid,numeric
ciqsamp,wrds_cik,cik,character varying
ciqsamp,wrds_cik,companyname,character varying
ciqsamp,wrds_cik,startdate,date
ciqsamp,wrds_cik,enddate,date
ciqsamp,wrds_cik,primaryflag,smallint
ciqsamp,wrds_cik_trial,companyid,double precision
ciqsamp,wrds_cik_trial,cik,character varying
ciqsamp,wrds_cik_trial,startdate,date
ciqsamp,wrds_cik_trial,enddate,date
ciqsamp,wrds_cik_trial,companyname,character varying
ciqsamp,wrds_ciqsymbol_primary,cik,character varying
ciqsamp,wrds_ciqsymbol_primary,cik_startdate,date
ciqsamp,wrds_ciqsymbol_primary,cik_enddate,date
ciqsamp_common,chars,cik,character varying
ciqsamp_common,wrds_cik,companyid,numeric
ciqsamp_common,wrds_cik,cik,character varying
ciqsamp_common,wrds_cik,companyname,character varying
ciqsamp_common,wrds_cik,startdate,date
ciqsamp_common,wrds_cik,enddate,date
ciqsamp_common,wrds_cik,primaryflag,smallint
ciqsamp_common,wrds_cik_trial,companyid,numeric
ciqsamp_common,wrds_cik_trial,cik,character varying
ciqsamp_common,wrds_cik_trial,startdate,date
ciqsamp_common,wrds_cik_trial,enddate,date
ciqsamp_common,wrds_cik_trial,companyname,character varying
ciqsamp_common,wrds_ciqsymbol_primary,cik,character varying
ciqsamp_common,wrds_ciqsymbol_primary,cik_startdate,date
ciqsamp_common,wrds_ciqsymbol_primary,cik_enddate,date
ciqsamp_common_old,chars,cik,character varying
ciqsamp_pplintel,wrds_cik_trial,companyid,double precision
ciqsamp_pplintel,wrds_cik_trial,cik,character varying
ciqsamp_pplintel,wrds_cik_trial,startdate,date
ciqsamp_pplintel,wrds_cik_trial,enddate,date
ciqsamp_pplintel,wrds_cik_trial,companyname,character varying
comp,bank_funda,cik,character varying
comp,bank_fundq,cik,character varying
comp,bank_names,cik,character varying
comp,bank_namesq,cik,character varying
comp,chars,cik,character varying
comp,company,cik,character varying
comp,filings,cik,double precision
comp,funda,cik,character varying
comp,fundq,cik,character varying
comp,g_company,cik,character varying
comp,names,cik,character varying
comp,names_aco_indsta,cik,character varying
comp,names_aco_indstq,cik,character varying
comp,names_aco_pnfnda,cik,character varying
comp,names_aco_pnfndq,cik,character varying
comp,names_adsprate,cik,character varying
comp,names_seg,cik,character varying
comp,namesd,cik,character varying
comp,namesm,cik,character varying
comp,namesq,cik,character varying
comp,secd,cik,character varying
comp,secm,cik,character varying
comp_bank_daily,bank_funda,cik,character varying
comp_bank_daily,bank_fundq,cik,character varying
comp_bank_daily,bank_names,cik,character varying
comp_bank_daily,bank_namesq,cik,character varying
comp_bank_daily,chars,cik,character varying
comp_bank_daily_old,bank_funda,cik,character varying
comp_bank_daily_old,bank_fundq,cik,character varying
comp_bank_daily_old,bank_names,cik,character varying
comp_bank_daily_old,bank_namesq,cik,character varying
comp_bank_daily_old,chars,cik,character varying
comp_filings,filings,cik,double precision
comp_global_daily,g_company,cik,character varying
comp_global_daily_old,g_company,cik,character varying
comp_na_daily_all,chars,cik,character varying
comp_na_daily_all,company,cik,character varying
comp_na_daily_all,funda,cik,character varying
comp_na_daily_all,fundq,cik,character varying
comp_na_daily_all,names,cik,character varying
comp_na_daily_all,names_aco_indsta,cik,character varying
comp_na_daily_all,names_aco_indstq,cik,character varying
comp_na_daily_all,names_aco_pnfnda,cik,character varying
comp_na_daily_all,names_aco_pnfndq,cik,character varying
comp_na_daily_all,names_adsprate,cik,character varying
comp_na_daily_all,names_seg,cik,character varying
comp_na_daily_all,namesd,cik,character varying
comp_na_daily_all,namesm,cik,character varying
comp_na_daily_all,namesq,cik,character varying
comp_na_daily_all,secd,cik,character varying
comp_na_daily_all,secm,cik,character varying
comp_na_daily_all_old,chars,cik,character varying
comp_na_daily_all_old,company,cik,character varying
comp_na_daily_all_old,funda,cik,character varying
comp_na_daily_all_old,fundq,cik,character varying
comp_na_daily_all_old,names,cik,character varying
comp_na_daily_all_old,names_aco_indsta,cik,character varying
comp_na_daily_all_old,names_aco_indstq,cik,character varying
comp_na_daily_all_old,names_aco_pnfnda,cik,character varying
comp_na_daily_all_old,names_aco_pnfndq,cik,character varying
comp_na_daily_all_old,names_adsprate,cik,character varying
comp_na_daily_all_old,names_seg,cik,character varying
comp_na_daily_all_old,namesd,cik,character varying
comp_na_daily_all_old,namesm,cik,character varying
comp_na_daily_all_old,namesq,cik,character varying
comp_na_daily_all_old,secd,cik,character varying
comp_na_daily_all_old,secm,cik,character varying
comp_na_daily_current_old,chars,cik,character varying
comp_na_daily_current_old,company,cik,character varying
comp_na_daily_current_old,funda,cik,character varying
comp_na_daily_current_old,fundq,cik,character varying
comp_na_daily_current_old,names,cik,character varying
comp_na_daily_current_old,names_aco_indsta,cik,character varying
comp_na_daily_current_old,names_aco_indstq,cik,character varying
comp_na_daily_current_old,names_aco_pnfnda,cik,character varying
comp_na_daily_current_old,names_aco_pnfndq,cik,character varying
comp_na_daily_current_old,names_adsprate,cik,character varying
comp_na_daily_current_old,names_seg,cik,character varying
comp_na_daily_current_old,namesd,cik,character varying
comp_na_daily_current_old,namesm,cik,character varying
comp_na_daily_current_old,namesq,cik,character varying
comp_na_daily_current_old,secd,cik,character varying
comp_na_daily_current_old,secm,cik,character varying
comp_ratings,eident_names,cik,character varying
comp_ratings,erating_names,cik,character varying
comp_ratings,imrating_names,cik,character varying
comp_ratings,irating_names,cik,character varying
comp_ratings,qvars,cik,character varying
comp_segments_hist_daily,names_seg,cik,character varying
comp_segments_hist_daily_old,names_seg,cik,character varying
comp_snapshot,chars,cik,character varying
comp_snapshot,cscompany,cik,character varying
comp_snapshot,wrds_cs_names,cik,character varying
comp_snapshot_old,chars,cik,character varying
comp_snapshot_old,cscompany,cik,character varying
comp_snapshot_old,wrds_cs_names,cik,character varying
compsamp,company,cik,character varying
compsamp,funda,cik,character varying
compsamp,fundq,cik,character varying
compsamp,names,cik,character varying
compsamp,namesq,cik,character varying
compsamp,secd,cik,character varying
compsamp,secm,cik,character varying
compsamp_all,company,cik,character varying
compsamp_all,funda,cik,character varying
compsamp_all,fundq,cik,character varying
compsamp_all,names,cik,character varying
compsamp_all,namesq,cik,character varying
compsamp_all,secd,cik,character varying
compsamp_all,secm,cik,character varying
compsamp_snapshot,chars,cik,character varying
compsamp_snapshot,wrds_cs_names,cik,character varying
compseg,names_seg,cik,character varying
compsnap,chars,cik,character varying
compsnap,cscompany,cik,character varying
compsnap,wrds_cs_names,cik,character varying
contrib,arc,cik,double precision
contrib,arc,nciks,double precision
contrib,as_firm_risks,cik,character varying
contrib,blocksv,blockholder_cik,double precision
contrib,blocksv,company_cik,double precision
contrib,cik_types,cik,character varying
contrib,cik_types,name,character varying
contrib,cik_types,type2,character varying
contrib,cik_types,type4,character varying
contrib_general,arc,cik,double precision
contrib_general,arc,nciks,double precision
contrib_general,as_firm_risks,cik,character varying
contrib_general,blocksv,blockholder_cik,double precision
contrib_general,blocksv,company_cik,double precision
contrib_general,cik_types,cik,character varying
contrib_general,cik_types,name,character varying
contrib_general,cik_types,type2,character varying
contrib_general,cik_types,type4,character varying
contrib_general_old,arc,cik,double precision
contrib_general_old,arc,nciks,double precision
contrib_general_old,as_firm_risks,cik,character varying
contrib_general_old,blocksv,blockholder_cik,double precision
contrib_general_old,blocksv,company_cik,double precision
crsp,ccm_lookup,cik,character varying
crsp,ccm_qvards,cik,character varying
crsp,comphead,cik,character varying
crsp,comphist,hcik,character varying
crsp,crsp_cik_map,crsp_fundno,double precision
crsp,crsp_cik_map,comp_cik,double precision
crsp,crsp_cik_map,series_cik,character varying
crsp,crsp_cik_map,contract_cik,character varying
crsp_a_ccm,ccm_lookup,cik,character varying
crsp_a_ccm,ccm_qvards,cik,character varying
crsp_a_ccm,comphead,cik,character varying
crsp_a_ccm,comphist,hcik,character varying
crsp_a_ccm_old,ccm_lookup,cik,character varying
crsp_a_ccm_old,ccm_qvards,cik,character varying
crsp_a_ccm_old,comphead,cik,character varying
crsp_a_ccm_old,comphist,hcik,character varying
crsp_m_ccm,ccm_lookup,cik,character varying
crsp_m_ccm,ccm_qvards,cik,character varying
crsp_m_ccm,comphead,cik,character varying
crsp_m_ccm,comphist,hcik,character varying
crsp_m_ccm_old,ccm_lookup,cik,character varying
crsp_m_ccm_old,ccm_qvards,cik,character varying
crsp_m_ccm_old,comphead,cik,character varying
crsp_m_ccm_old,comphist,hcik,character varying
crsp_q_ccm,ccm_lookup,cik,character varying
crsp_q_ccm,ccm_qvards,cik,character varying
crsp_q_ccm,comphead,cik,character varying
crsp_q_ccm,comphist,hcik,character varying
crsp_q_ccm_old,ccm_lookup,cik,character varying
crsp_q_ccm_old,ccm_qvards,cik,character varying
crsp_q_ccm_old,comphead,cik,character varying
crsp_q_ccm_old,comphist,hcik,character varying
crsp_q_mutualfunds,crsp_cik_map,crsp_fundno,double precision
crsp_q_mutualfunds,crsp_cik_map,comp_cik,double precision
crsp_q_mutualfunds,crsp_cik_map,series_cik,character varying
crsp_q_mutualfunds,crsp_cik_map,contract_cik,character varying
crsp_q_mutualfunds_old,crsp_cik_map,crsp_fundno,double precision
crsp_q_mutualfunds_old,crsp_cik_map,comp_cik,double precision
crsp_q_mutualfunds_old,crsp_cik_map,series_cik,character varying
crsp_q_mutualfunds_old,crsp_cik_map,contract_cik,character varying
crspm,ccm_lookup,cik,character varying
crspm,ccm_qvards,cik,character varying
crspm,comphead,cik,character varying
crspm,comphist,hcik,character varying
crspq,ccm_lookup,cik,character varying
crspq,ccm_qvards,cik,character varying
crspq,comphead,cik,character varying
crspq,comphist,hcik,character varying
crspsamp,ccm_qvards,cik,character varying
crspsamp,ccmnames_trial,cik,character varying
crspsamp,comphead,cik,character varying
crspsamp_all,ccm_qvards,cik,character varying
crspsamp_all,ccmnames_trial,cik,character varying
crspsamp_all,comphead,cik,character varying
fjc_linking_old,wrds_civil_link,plt_cik,character varying
fjc_linking_old,wrds_civil_link,def_cik,character varying
fjc_linking_old,wrds_criminal_link,cik,character varying
form_metadata,boardex_trial_jr_wrds_company_profile_variables,CIKCode,character varying
form_metadata,bvd_bvdbankf_bvdbankf_branches_headquarters_extra1_bankinformat,CIK,character varying
form_metadata,bvd_bvdbankf_bvdbankf_companions_extra1_bankinformation,CIK,character varying
form_metadata,bvd_bvdbankf_bvdbankf_directors_extra1_bankinformation,CIK,character varying
form_metadata,bvd_bvdbankf_bvdbankf_financials_extra1_bankinformation,CIK,character varying
form_metadata,bvd_bvdbankf_bvdbankf_ish_guo_duo_extra1_bankinformation,CIK,character varying
form_metadata,bvd_bvdbankf_bvdbankf_overview_extra1_bankinformation,CIK,character varying
form_metadata,bvd_bvdbankf_bvdbankf_regulators_extra1_bankinformation,CIK,character varying
form_metadata,bvd_bvdbankf_bvdbankf_shareholders_extra1_bankinformation,CIK,character varying
form_metadata,bvd_bvdbankf_bvdbankf_stock_annual_extra1_bankinformation,CIK,character varying
form_metadata,bvd_bvdbankf_bvdbankf_stock_current_extra1_bankinformation,CIK,character varying
form_metadata,bvd_bvdbankf_bvdbankf_stock_indexes_extra1_bankinformation,CIK,character varying
form_metadata,bvd_bvdbankf_bvdbankf_stock_info_extra1_bankinformation,CIK,character varying
form_metadata,bvd_bvdbankf_bvdbankf_stock_monthly_extra1_bankinformation,CIK,character varying
form_metadata,bvd_bvdbankf_bvdbankf_stock_places_extra1_bankinformation,CIK,character varying
form_metadata,bvd_bvdbankf_bvdbankf_stock_weekly_extra1_bankinformation,CIK,character varying
form_metadata,bvd_bvdbankf_bvdbankf_subsidiaries_extra1_bankinformation,CIK,character varying
form_metadata,bvd_bvdbankf_trial_bvdbankf_financials_extra1_bankinformation,CIK,character varying
form_metadata,bvd_bvdbankf_trial_bvdbankf_ish_guo_duo_extra1_bankinformation,CIK,character varying
form_metadata,bvd_bvdbankf_trial_bvdbankf_stock_annual_extra1_bankinformation,CIK,character varying
form_metadata,bvd_bvdbankf_trial_bvdbankf_subsidiaries_extra1_bankinformation,CIK,character varying
form_metadata,bvd_osiris_os_fin_bnk_identificationcodes,cik,character varying
form_metadata,bvd_osiris_os_fin_ind_identificationcodes,cik,character varying
form_metadata,bvd_osiris_os_fin_ins_identificationcodes,cik,character varying
form_metadata,calcbench_ap_ar_accounts_payable_fn_variables,cik_code,character varying
form_metadata,calcbench_ap_ar_accounts_receivable_fn_variables,cik_code,character varying
form_metadata,calcbench_commitment_contingency_commitments_contingencies_fn_v,cik_code,character varying
form_metadata,calcbench_discontinued_ops_restructuring_discontinued_op_fn_var,cik_code,character varying
form_metadata,calcbench_equity_compensation_equity_based_compensation_fn_vari,cik_code,character varying
form_metadata,calcbench_equity_investments_equity_method_investments_fn_varia,cik_code,character varying
form_metadata,calcbench_equity_repurchases_equity_repurchases_fn_variables,cik_code,character varying
form_metadata,calcbench_fair_value_fair_value_bo_extra1_identifyinginformatio,cik_code,character varying
form_metadata,calcbench_goodwill_goodwill_intangible_assets_fn_variables,cik_code,character varying
form_metadata,calcbench_income_tax_tax_fn_variables,cik_code,character varying
form_metadata,calcbench_inventory_inventory_fn_variables,cik_code,character varying
form_metadata,calcbench_leases_capitalized_leases_fn_variables,cik_code,character varying
form_metadata,calcbench_leases_operating_leases_fn_variables,cik_code,character varying
form_metadata,calcbench_trial_breakout_extra1_identifyinginformation,cik_code,character varying
form_metadata,calcbench_trial_normalized_fn_variables,cik_code,character varying
form_metadata,comp_bank_daily_bank_funda_identifyinginformation,CIK,character varying
form_metadata,comp_bank_daily_bank_fundq_identifyinginformation,CIK,character varying
form_metadata,comp_filings_filings_identifyinginformation,CIK,character varying
form_metadata,comp_global_daily_g_secd_extra8_identifyinginformationcont,CIK,character varying
form_metadata,comp_global_daily_gfunda_extra8_identifyinginformationcont,CIK,character varying
form_metadata,comp_global_daily_gfundq_extra8_identifyinginformationcont,CIK,character varying
form_metadata,comp_na_annual_all_aco_indsta_extra8_identifyinginformationcont,CIK,character varying
form_metadata,comp_na_annual_all_aco_indstq_extra8_identifyinginformationcont,CIK,character varying
form_metadata,comp_na_annual_all_aco_pnfnda_extra8_identifyinginformationcont,CIK,character varying
form_metadata,comp_na_annual_all_aco_pnfndq_extra8_identifyinginformationcont,CIK,character varying
form_metadata,comp_na_annual_all_adsprate_extra8_identifyinginformationcont,CIK,character varying
form_metadata,comp_na_annual_all_cia_identifyinginformationcodes,CIK,character varying
form_metadata,comp_na_annual_all_ciq_identifyinginformationcodes,CIK,character varying
form_metadata,comp_na_annual_all_funda_identifyinginformation,CIK,character varying
form_metadata,comp_na_annual_all_fundq_identifyinginformation,CIK,character varying
form_metadata,comp_na_annual_all_idxcst_his_extra2_companyinformation,co_CIK,character varying
form_metadata,comp_na_annual_all_marginal_tax_extra1_identifyinginformation,CIK,character varying
form_metadata,comp_na_annual_all_sec_shortint_extra1_identifyinginformation,CIK,character varying
form_metadata,comp_na_annual_all_secm_identifyinginformation,CIK,character varying
form_metadata,comp_na_annual_all_wrds_segmerged_identifyinginformation,CIK,character varying
form_metadata,comp_na_daily_all_aco_indsta_extra8_identifyinginformationcont,CIK,character varying
form_metadata,comp_na_daily_all_aco_indstq_extra8_identifyinginformationcont,CIK,character varying
form_metadata,comp_na_daily_all_aco_pnfnda_extra8_identifyinginformationcont,CIK,character varying
form_metadata,comp_na_daily_all_aco_pnfndq_extra8_identifyinginformationcont,CIK,character varying
form_metadata,comp_na_daily_all_adsprate_extra8_identifyinginformationcont,CIK,character varying
form_metadata,comp_na_daily_all_funda_identifyinginformation,CIK,character varying
form_metadata,comp_na_daily_all_funda_identifyinginformationcodes,CIK,character varying
form_metadata,comp_na_daily_all_fundq_identifyinginformation,CIK,character varying
form_metadata,comp_na_daily_all_idxcst_his_extra2_companyinformation,co_CIK,character varying
form_metadata,comp_na_daily_all_sec_shortint_extra1_identifyinginformation,CIK,character varying
form_metadata,comp_na_daily_all_secd_identifyinginformation,CIK,character varying
form_metadata,comp_na_daily_all_secm_identifyinginformation,CIK,character varying
form_metadata,comp_na_daily_all_wrds_seg_customer_extra1_identifyinginformati,CIK,character varying
form_metadata,comp_na_daily_all_wrds_segmerged_identifyinginformation,CIK,character varying
form_metadata,comp_na_daily_current_aco_indsta_extra8_identifyinginformationc,CIK,character varying
form_metadata,comp_na_daily_current_aco_indstq_extra8_identifyinginformationc,CIK,character varying
form_metadata,comp_na_daily_current_aco_pnfnda_extra8_identifyinginformationc,CIK,character varying
form_metadata,comp_na_daily_current_aco_pnfndq_extra8_identifyinginformationc,CIK,character varying
form_metadata,comp_na_daily_current_adsprate_extra8_identifyinginformationcon,CIK,character varying
form_metadata,comp_na_daily_current_funda_identifyinginformation,CIK,character varying
form_metadata,comp_na_daily_current_funda_identifyinginformationcodes,CIK,character varying
form_metadata,comp_na_daily_current_fundq_identifyinginformation,CIK,character varying
form_metadata,comp_na_daily_current_idxcst_his_extra2_companyinformation,co_CIK,character varying
form_metadata,comp_na_daily_current_sec_shortint_extra1_identifyinginformatio,CIK,character varying
form_metadata,comp_na_daily_current_secd_identifyinginformation,CIK,character varying
form_metadata,comp_na_daily_current_secm_identifyinginformation,CIK,character varying
form_metadata,comp_na_daily_current_wrds_segmerged_identifyinginformation,CIK,character varying
form_metadata,comp_ratings_eident_variables,cik,character varying
form_metadata,comp_ratings_erating_variables,cik,character varying
form_metadata,comp_ratings_imrating_companyinformation,cik,character varying
form_metadata,comp_ratings_irating_companyinformation,cik,character varying
form_metadata,comp_segments_hist_daily_wrds_seg_customer_extra1_identifyingin,CIK,character varying
form_metadata,comp_segments_hist_daily_wrds_segmerged_identifyinginformation,CIK,character varying
form_metadata,comp_snapshot_wrds_cs_names_identifyinginformation,CIK,character varying
form_metadata,comp_snapshot_wrds_csa_pit_extra9_identifyinginformation,CIK,character varying
form_metadata,comp_snapshot_wrds_csa_restated_extra9_identifyinginformation,CIK,character varying
form_metadata,comp_snapshot_wrds_csa_unrestated_extra9_identifyinginformation,CIK,character varying
form_metadata,comp_snapshot_wrds_csq_pit_extra9_identifyinginformation,CIK,character varying
form_metadata,comp_snapshot_wrds_csq_restated_extra9_identifyinginformation,CIK,character varying
form_metadata,comp_snapshot_wrds_csq_unrestated_extra9_identifyinginformation,CIK,character varying
form_metadata,compsamp_snapshot_wrds_cs_names_identifyinginformation,CIK,character varying
form_metadata,compsamp_snapshot_wrds_csa_pit_extra9_identifyinginformation,CIK,character varying
form_metadata,compsamp_snapshot_wrds_csa_restated_extra9_identifyinginformati,CIK,character varying
form_metadata,compsamp_snapshot_wrds_csa_unrestated_extra9_identifyinginforma,CIK,character varying
form_metadata,compsamp_snapshot_wrds_csq_pit_extra9_identifyinginformation,CIK,character varying
form_metadata,compsamp_snapshot_wrds_csq_unrestated_extra9_identifyinginforma,CIK,character varying
form_metadata,crsp_a_ccm_ccmbanka_identifyinginformation,CIK,character varying
form_metadata,crsp_a_ccm_ccmbankq_identifyinginformation,CIK,character varying
form_metadata,crsp_a_ccm_ccmfunda_identifyinginformation,cik,character varying
form_metadata,crsp_a_ccm_ccmfundq_identifyinginformation,cik,character varying
form_metadata,crsp_a_ccm_ccmlinktable_extra6_identifyinginformation,CIK,character varying
form_metadata,crsp_a_ccm_ccmlinktable_extra8_companyheaderinformation,CIK,character varying
form_metadata,crsp_a_ccm_ccmsecd_identifyinginformation,CIK,character varying
form_metadata,crsp_a_ccm_ccmsecm_identifyinginformation,CIK,character varying
form_metadata,crsp_a_ccm_ccmseg_identifyinginformation,CIK,character varying
form_metadata,crsp_m_ccm_ccmbanka_identifyinginformation,CIK,character varying
form_metadata,crsp_m_ccm_ccmbankq_identifyinginformation,CIK,character varying
form_metadata,crsp_m_ccm_ccmfunda_identifyinginformation,CIK,character varying
form_metadata,crsp_m_ccm_ccmfundq_identifyinginformation,CIK,character varying
form_metadata,crsp_m_ccm_ccmlinktable_extra6_identifyinginformation,CIK,character varying
form_metadata,crsp_m_ccm_ccmlinktable_extra8_companyheaderinformation,CIK,character varying
form_metadata,crsp_m_ccm_ccmsecd_identifyinginformation,CIK,character varying
form_metadata,crsp_m_ccm_ccmsecm_identifyinginformation,CIK,character varying
form_metadata,crsp_m_ccm_ccmseg_identifyinginformation,CIK,character varying
form_metadata,crsp_q_ccm_ccmbanka_identifyinginformation,CIK,character varying
form_metadata,crsp_q_ccm_ccmbankq_identifyinginformation,CIK,character varying
form_metadata,crsp_q_ccm_ccmfunda_identifyinginformation,cik,character varying
form_metadata,crsp_q_ccm_ccmfundq_identifyinginformation,CIK,character varying
form_metadata,crsp_q_ccm_ccmlinktable_extra6_identifyinginformation,CIK,character varying
form_metadata,crsp_q_ccm_ccmlinktable_extra8_companyheaderinformation,CIK,character varying
form_metadata,crsp_q_ccm_ccmsecd_identifyinginformation,CIK,character varying
form_metadata,crsp_q_ccm_ccmsecm_identifyinginformation,CIK,character varying
form_metadata,crsp_q_ccm_ccmseg_identifyinginformation,CIK,character varying
form_metadata,crspsamp_all_ccmlinktable_trial_extra6_identifyinginformation,CIK,character varying
form_metadata,fjc_linking_wrds_bankruptcy_link_variables,cik,character varying
form_metadata,fjc_linking_wrds_civil_link_variables,plt_cik,character varying
form_metadata,fjc_linking_wrds_civil_link_variables,def_cik,character varying
form_metadata,fjc_linking_wrds_criminal_link_variables,cik,character varying
form_metadata,gmi_all_companies2001_generalinformation,CIK,character varying
form_metadata,gmi_all_companies2002_generalinformation,CIK,character varying
form_metadata,gmi_all_companies2003_generalinformation,CIK,character varying
form_metadata,gmi_all_companies2004_generalinformation,CIK,character varying
form_metadata,gmi_all_companies2005_generalinformation,CIK,character varying
form_metadata,gmi_all_companies2006_generalinformation,CIK,character varying
form_metadata,gmi_all_companies2007_generalinformation,CIK,character varying
form_metadata,gmi_all_companies2008_generalinformation,CIK,character varying
form_metadata,gmi_all_companies2009_generalinformation,CIK,character varying
form_metadata,gmi_all_companies2010_generalinformation,CIK,character varying
form_metadata,gmi_all_companies2011_generalinformation,CIK,character varying
form_metadata,gmi_all_companies2012_generalinformation,CIK,character varying
form_metadata,gmi_all_companies2013_generalinformation,CIK,character varying
form_metadata,gmi_all_companies2014_generalinformation,CIK,character varying
form_metadata,gmi_all_companies2015_generalinformation,CIK,character varying
form_metadata,gmi_all_companies2016_generalinformation,CIK,character varying
form_metadata,gmi_all_companies2017_generalinformation,CIK,character varying
form_metadata,gmi_all_companies2018_generalinformation,CIK,character varying
form_metadata,gmi_all_companies_generalinformation,CIK,character varying
form_metadata,gmi_all_directorships2001_variables,CIK,character varying
form_metadata,gmi_all_directorships2002_variables,CIK,character varying
form_metadata,gmi_all_directorships_variables,CIK,character varying
form_metadata,risk_governance_gset_companyinformation,cik,character varying
form_metadata,risksamp_all_beneown_variables,CIK,character varying
form_metadata,risksamp_all_bhown_variables,CIK,character varying
form_metadata,risksamp_all_companyfy_variables,CIK,character varying
form_metadata,risksamp_all_comppeer_variables,CIK,character varying
form_metadata,risksamp_all_comppeer_variables,PEERCIK,double precision
form_metadata,risksamp_all_consultant_variables,CIK,character varying
form_metadata,risksamp_all_dircomp_variables,CIK,character varying
form_metadata,risksamp_all_exervest_variables,CIK,character varying
form_metadata,risksamp_all_gpbaaccpeer_variables,CIK,character varying
form_metadata,risksamp_all_gpbaaccpeer_variables,PEERCIK,double precision
form_metadata,risksamp_all_gpbagrant_variables,CIK,character varying
form_metadata,risksamp_all_gpbarelpeer_variables,CIK,character varying
form_metadata,risksamp_all_gpbarelpeer_variables,PEERCIK,double precision
form_metadata,risksamp_all_holdingreq_variables,CIK,character varying
form_metadata,risksamp_all_oeoption_variables,CIK,character varying
form_metadata,risksamp_all_oestock_variables,CIK,character varying
form_metadata,risksamp_all_participantfy_variables,CIK,character varying
form_metadata,risksamp_all_participantfy_variables,PARTICIPANTCIK,double precision
form_metadata,risksamp_all_sumcomp_variables,CIK,character varying
form_metadata,secsamp_all_derivatives_extra1_filinginformation,issuerCik,character varying
form_metadata,secsamp_all_derivatives_extra1_filinginformation,regcik,character varying
form_metadata,secsamp_all_document_info_documentinformation,regcik,character varying
form_metadata,secsamp_all_document_info_documentinformation,issuerCik,character varying
form_metadata,secsamp_all_footnotes_extra1_filingdata,issuerCik,character varying
form_metadata,secsamp_all_footnotes_extra1_filingdata,regcik,character varying
form_metadata,secsamp_all_forms_dataitems,CIK,character varying
form_metadata,secsamp_all_nonderivatives_extra1_filinginformation,issuerCik,character varying
form_metadata,secsamp_all_nonderivatives_extra1_filinginformation,regcik,character varying
form_metadata,secsamp_all_reporting_owners_extra1_filinginformation,issuerCIK,character varying
form_metadata,secsamp_all_reporting_owners_extra1_filinginformation,regcik,character varying
form_metadata,secsamp_all_reporting_owners_reportingowners,rptOwnerCik,character varying
form_metadata,secsamp_all_wciklink_cusip_dataitems,CoName,character varying
form_metadata,secsamp_all_wciklink_cusip_dataitems,CUSIP_FULL,character varying
form_metadata,secsamp_all_wciklink_cusip_dataitems,CUSIP,character varying
form_metadata,secsamp_all_wciklink_cusip_dataitems,CIKDATE1,date
form_metadata,secsamp_all_wciklink_cusip_dataitems,CIKDATE2,date
form_metadata,secsamp_all_wciklink_cusip_dataitems,TMATCH,double precision
form_metadata,secsamp_all_wciklink_cusip_dataitems,ISSUER,character varying
form_metadata,secsamp_all_wciklink_cusip_dataitems,ISSUE,character varying
form_metadata,secsamp_all_wciklink_cusip_dataitems,ISSUE_CHECK,character varying
form_metadata,secsamp_all_wciklink_gvkey_dataitems,gvkey,character varying
form_metadata,secsamp_all_wciklink_gvkey_dataitems,CONM,character varying
form_metadata,secsamp_all_wciklink_gvkey_dataitems,DATADATE1,date
form_metadata,secsamp_all_wciklink_gvkey_dataitems,DATADATE2,date
form_metadata,secsamp_all_wciklink_gvkey_dataitems,SOURCE,character varying
form_metadata,secsamp_all_wciklink_gvkey_dataitems,CoName,character varying
form_metadata,secsamp_all_wciklink_gvkey_dataitems,FNDATE,date
form_metadata,secsamp_all_wciklink_gvkey_dataitems,LNDATE,date
form_metadata,secsamp_all_wciklink_gvkey_dataitems,N10K,double precision
form_metadata,secsamp_all_wciklink_gvkey_dataitems,N10K_A,double precision
form_metadata,secsamp_all_wciklink_gvkey_dataitems,N10K_NT,double precision
form_metadata,secsamp_all_wciklink_gvkey_dataitems,N10Q,double precision
form_metadata,secsamp_all_wciklink_gvkey_dataitems,N10Q_A,double precision
form_metadata,secsamp_all_wciklink_gvkey_dataitems,N10Q_NT,double precision
form_metadata,secsamp_all_wciklink_gvkey_dataitems,N8K,double precision
form_metadata,secsamp_all_wciklink_gvkey_dataitems,NDEF,double precision
form_metadata,secsamp_all_wciklink_gvkey_dataitems,NTOT,double precision
form_metadata,secsamp_all_wciklink_names_companydescriptiveinformation,CoName,character varying
form_metadata,secsamp_all_wciklink_names_companydescriptiveinformation,FNDATE,date
form_metadata,secsamp_all_wciklink_names_companydescriptiveinformation,LNDATE,date
form_metadata,secsamp_all_wciklink_names_companydescriptiveinformation,HEADER,double precision
form_metadata,secsamp_all_wciklink_names_companydescriptiveinformation,GVKEY,character varying
form_metadata,secsamp_all_wciklink_names_companydescriptiveinformation,CUSIPH,character varying
form_metadata,secsamp_all_wciklink_names_companydescriptiveinformation,TICKERH,character varying
form_metadata,secsamp_all_wciklink_names_filingsstatistics,N10K,double precision
form_metadata,secsamp_all_wciklink_names_filingsstatistics,N10K_A,double precision
form_metadata,secsamp_all_wciklink_names_filingsstatistics,N10K_NT,double precision
form_metadata,secsamp_all_wciklink_names_filingsstatistics,N10Q,double precision
form_metadata,secsamp_all_wciklink_names_filingsstatistics,N10Q_A,double precision
form_metadata,secsamp_all_wciklink_names_filingsstatistics,N10Q_NT,double precision
form_metadata,secsamp_all_wciklink_names_filingsstatistics,N13D,double precision
form_metadata,secsamp_all_wciklink_names_filingsstatistics,N13F,double precision
form_metadata,secsamp_all_wciklink_names_filingsstatistics,N13G,double precision
form_metadata,secsamp_all_wciklink_names_filingsstatistics,N8K,double precision
form_metadata,secsamp_all_wciklink_names_filingsstatistics,NDEF,double precision
form_metadata,secsamp_all_wciklink_names_filingsstatistics,NLET,double precision
form_metadata,secsamp_all_wciklink_names_filingsstatistics,NTOT,double precision
form_metadata,secsamp_all_wciklink_names_filingsstatistics,NTOT_A,double precision
form_metadata,secsamp_all_wciklink_names_filingsstatistics,NTOT_NT,double precision
form_metadata,secsamp_all_wrds_13f_holdings_variables,cik,character varying
form_metadata,secsamp_all_wrds_13f_summary_variables,cik,character varying
form_metadata,secsamp_all_wrds_13f_summary_variables,omcik,double precision
form_metadata,secsamp_all_wrds_filings_filingdata,CIK,character varying
form_metadata,secsamp_all_wrds_filings_registrantdata,REGCIK,character varying
form_metadata,secsamp_all_wrds_nlpsa_companyfilingsinformation,CIK,character varying
form_metadata,tr_ownership_owninfo_ownerinformation,CIKCODE,character varying
form_metadata,wrds_nlpsa_info,cik,character varying
form_metadata,wrdsapps_all_wrds_relationships_variables,CIK,character varying
form_metadata,wrdssec_all_forms_dataitems,CIK,character varying
form_metadata,wrdssec_all_wrds_13f_holdings_variables,cik,character varying
form_metadata,wrdssec_all_wrds_13f_summary_variables,cik,character varying
form_metadata,wrdssec_all_wrds_13f_summary_variables,omcik,double precision
form_metadata,wrdssec_all_wrds_vc_form1a_variables,cik,character varying
form_metadata,wrdssec_all_wrds_vc_form1a_variables,coIssuerCIK,character varying
form_metadata,wrdssec_all_wrds_vc_form1a_variables,empInfoCIK,character varying
form_metadata,wrdssec_all_wrds_vc_form1k_variables,cik,character varying
form_metadata,wrdssec_all_wrds_vc_form1k_variables,coIssuerCIK,character varying
form_metadata,wrdssec_all_wrds_vc_form1k_variables,issuerCIK,character varying
form_metadata,wrdssec_all_wrds_vc_form1z_variables,cik,character varying
form_metadata,wrdssec_all_wrds_vc_form1z_variables,coIssuerCIK,character varying
form_metadata,wrdssec_all_wrds_vc_form1z_variables,signatureCIK,character varying
form_metadata,wrdssec_all_wrds_vc_formc_variables,filerCik,character varying
form_metadata,wrdssec_all_wrds_vc_formc_variables,commissionCik,character varying
form_metadata,wrdssec_all_wrds_vc_formd_variables,primarycik,character varying
form_metadata,wrdssec_all_wrds_vc_formd_variables,issuer_cik,character varying
form_metadata,wrdssec_all_wrds_vc_formd_variables,regcik,character varying
form_metadata,wrdssec_bow_bow_filingsummary_variables,cik,character varying
form_metadata,wrdssec_bow_bow_worddistall_variables,cik,character varying
form_metadata,wrdssec_bow_bow_worddistribution_wrdssecforms,cik,character varying
form_metadata,wrdssec_common_wciklink_cusip_dataitems,CoName,character varying
form_metadata,wrdssec_common_wciklink_cusip_dataitems,CUSIP_FULL,character varying
form_metadata,wrdssec_common_wciklink_cusip_dataitems,CUSIP,character varying
form_metadata,wrdssec_common_wciklink_cusip_dataitems,CIKDATE1,date
form_metadata,wrdssec_common_wciklink_cusip_dataitems,CIKDATE2,date
form_metadata,wrdssec_common_wciklink_cusip_dataitems,TMATCH,double precision
form_metadata,wrdssec_common_wciklink_cusip_dataitems,ISSUER,character varying
form_metadata,wrdssec_common_wciklink_cusip_dataitems,ISSUE,character varying
form_metadata,wrdssec_common_wciklink_cusip_dataitems,ISSUE_CHECK,character varying
form_metadata,wrdssec_common_wciklink_gvkey_dataitems,gvkey,character varying
form_metadata,wrdssec_common_wciklink_gvkey_dataitems,CONM,character varying
form_metadata,wrdssec_common_wciklink_gvkey_dataitems,DATADATE1,date
form_metadata,wrdssec_common_wciklink_gvkey_dataitems,DATADATE2,date
form_metadata,wrdssec_common_wciklink_gvkey_dataitems,SOURCE,character varying
form_metadata,wrdssec_common_wciklink_gvkey_dataitems,CoName,character varying
form_metadata,wrdssec_common_wciklink_gvkey_dataitems,FNDATE,date
form_metadata,wrdssec_common_wciklink_gvkey_dataitems,LNDATE,date
form_metadata,wrdssec_common_wciklink_gvkey_dataitems,N10K,double precision
form_metadata,wrdssec_common_wciklink_gvkey_dataitems,N10K_A,double precision
form_metadata,wrdssec_common_wciklink_gvkey_dataitems,N10K_NT,double precision
form_metadata,wrdssec_common_wciklink_gvkey_dataitems,N10Q,double precision
form_metadata,wrdssec_common_wciklink_gvkey_dataitems,N10Q_A,double precision
form_metadata,wrdssec_common_wciklink_gvkey_dataitems,N10Q_NT,double precision
form_metadata,wrdssec_common_wciklink_gvkey_dataitems,N8K,double precision
form_metadata,wrdssec_common_wciklink_gvkey_dataitems,NDEF,double precision
form_metadata,wrdssec_common_wciklink_gvkey_dataitems,NTOT,double precision
form_metadata,wrdssec_common_wciklink_names_companydescriptiveinformation,CoName,character varying
form_metadata,wrdssec_common_wciklink_names_companydescriptiveinformation,FNDATE,date
form_metadata,wrdssec_common_wciklink_names_companydescriptiveinformation,LNDATE,date
form_metadata,wrdssec_common_wciklink_names_companydescriptiveinformation,HEADER,double precision
form_metadata,wrdssec_common_wciklink_names_companydescriptiveinformation,GVKEY,character varying
form_metadata,wrdssec_common_wciklink_names_companydescriptiveinformation,CUSIPH,character varying
form_metadata,wrdssec_common_wciklink_names_companydescriptiveinformation,TICKERH,character varying
form_metadata,wrdssec_common_wciklink_names_filingsstatistics,N10K,double precision
form_metadata,wrdssec_common_wciklink_names_filingsstatistics,N10K_A,double precision
form_metadata,wrdssec_common_wciklink_names_filingsstatistics,N10K_NT,double precision
form_metadata,wrdssec_common_wciklink_names_filingsstatistics,N10Q,double precision
form_metadata,wrdssec_common_wciklink_names_filingsstatistics,N10Q_A,double precision
form_metadata,wrdssec_common_wciklink_names_filingsstatistics,N10Q_NT,double precision
form_metadata,wrdssec_common_wciklink_names_filingsstatistics,N13D,double precision
form_metadata,wrdssec_common_wciklink_names_filingsstatistics,N13F,double precision
form_metadata,wrdssec_common_wciklink_names_filingsstatistics,N13G,double precision
form_metadata,wrdssec_common_wciklink_names_filingsstatistics,N8K,double precision
form_metadata,wrdssec_common_wciklink_names_filingsstatistics,NDEF,double precision
form_metadata,wrdssec_common_wciklink_names_filingsstatistics,NLET,double precision
form_metadata,wrdssec_common_wciklink_names_filingsstatistics,NTOT,double precision
form_metadata,wrdssec_common_wciklink_names_filingsstatistics,NTOT_A,double precision
form_metadata,wrdssec_common_wciklink_names_filingsstatistics,NTOT_NT,double precision
form_metadata_20230206,audit_corp_legal_commlett_variables,LIST_CIKS_RECLET,character varying
form_metadata_20230206,audit_corp_legal_commlettconv_variables,LIST_OF_CIKS,character varying
form_metadata_20230206,boardex_eur_eur_wrds_company_profile_variables,CIKCode,character varying
form_metadata_20230206,boardex_na_na_wrds_company_profile_variables,CIKCode,character varying
form_metadata_20230206,boardex_row_row_wrds_company_profile_variables,CIKCode,character varying
form_metadata_20230206,boardex_trial_jr_wrds_company_profile_variables,CIKCode,character varying
form_metadata_20230206,boardex_uk_uk_wrds_company_profile_variables,CIKCode,character varying
form_metadata_20230206,bvd_bankscope_trial_trial_bs_financials_extra1_generalinformati,CIK,character varying
form_metadata_20230206,bvd_bvdbankf_bvdbankf_branches_headquarters_extra1_bankinformat,CIK,character varying
form_metadata_20230206,bvd_bvdbankf_bvdbankf_companions_extra1_bankinformation,CIK,character varying
form_metadata_20230206,bvd_bvdbankf_bvdbankf_directors_extra1_bankinformation,CIK,character varying
form_metadata_20230206,bvd_bvdbankf_bvdbankf_financials_extra1_bankinformation,CIK,character varying
form_metadata_20230206,bvd_bvdbankf_bvdbankf_ish_guo_duo_extra1_bankinformation,CIK,character varying
form_metadata_20230206,bvd_bvdbankf_bvdbankf_overview_extra1_bankinformation,CIK,character varying
form_metadata_20230206,bvd_bvdbankf_bvdbankf_regulators_extra1_bankinformation,CIK,character varying
form_metadata_20230206,bvd_bvdbankf_bvdbankf_shareholders_extra1_bankinformation,CIK,character varying
form_metadata_20230206,bvd_bvdbankf_bvdbankf_stock_annual_extra1_bankinformation,CIK,character varying
form_metadata_20230206,bvd_bvdbankf_bvdbankf_stock_current_extra1_bankinformation,CIK,character varying
form_metadata_20230206,bvd_bvdbankf_bvdbankf_stock_indexes_extra1_bankinformation,CIK,character varying
form_metadata_20230206,bvd_bvdbankf_bvdbankf_stock_info_extra1_bankinformation,CIK,character varying
form_metadata_20230206,bvd_bvdbankf_bvdbankf_stock_monthly_extra1_bankinformation,CIK,character varying
form_metadata_20230206,bvd_bvdbankf_bvdbankf_stock_places_extra1_bankinformation,CIK,character varying
form_metadata_20230206,bvd_bvdbankf_bvdbankf_stock_weekly_extra1_bankinformation,CIK,character varying
form_metadata_20230206,bvd_bvdbankf_bvdbankf_subsidiaries_extra1_bankinformation,CIK,character varying
form_metadata_20230206,bvd_bvdbankf_trial_bvdbankf_financials_extra1_bankinformation,CIK,character varying
form_metadata_20230206,bvd_bvdbankf_trial_bvdbankf_ish_guo_duo_extra1_bankinformation,CIK,character varying
form_metadata_20230206,bvd_bvdbankf_trial_bvdbankf_stock_annual_extra1_bankinformation,CIK,character varying
form_metadata_20230206,bvd_bvdbankf_trial_bvdbankf_subsidiaries_extra1_bankinformation,CIK,character varying
form_metadata_20230206,bvd_legacy_bs_directors_extra1_generalinformation,CIK,character varying
form_metadata_20230206,bvd_legacy_bs_financials_extra1_generalinformation,CIK,character varying
form_metadata_20230206,bvd_legacy_bs_ish_guo_duo_extra1_generalinformation,CIK,character varying
form_metadata_20230206,bvd_legacy_bs_shareholders_extra1_generalinformation,CIK,character varying
form_metadata_20230206,bvd_legacy_bs_subsidiaries_extra1_generalinformation,CIK,character varying
form_metadata_20230206,bvd_os_fin_com_identificationcodes,cik,character varying
form_metadata_20230206,bvd_os_fin_lif_identificationcodes,cik,character varying
form_metadata_20230206,bvd_os_fin_nl_identificationcodes,cik,character varying
form_metadata_20230206,bvd_osiris_os_fin_bnk_identificationcodes,cik,character varying
form_metadata_20230206,bvd_osiris_os_fin_ind_identificationcodes,cik,character varying
form_metadata_20230206,bvd_osiris_os_fin_ins_identificationcodes,cik,character varying
form_metadata_20230206,calcbench_ap_ar_accounts_payable_fn_variables,cik_code,character varying
form_metadata_20230206,calcbench_ap_ar_accounts_receivable_fn_variables,cik_code,character varying
form_metadata_20230206,calcbench_business_combinations_business_combinations_fn_variab,cik_code,character varying
form_metadata_20230206,calcbench_business_combinations_purchase_price_allocation_bo_ex,cik_code,character varying
form_metadata_20230206,calcbench_business_segments_geographical_segment_bo_extra1_iden,cik_code,character varying
form_metadata_20230206,calcbench_business_segments_operating_segment_bo_extra1_identif,cik_code,character varying
form_metadata_20230206,calcbench_commitment_contingency_commitments_contingencies_fn_v,cik_code,character varying
form_metadata_20230206,calcbench_concentration_risk_customer_concentration_risk_bo_ext,cik_code,character varying
form_metadata_20230206,calcbench_concentration_risk_supplier_concentration_risk_bo_ext,cik_code,character varying
form_metadata_20230206,calcbench_discontinued_ops_discontinued_operations_dispo_bo_ext,cik_code,character varying
form_metadata_20230206,calcbench_discontinued_ops_restructuring_discontinued_op_fn_var,cik_code,character varying
form_metadata_20230206,calcbench_equity_compensation_equity_based_compensation_fn_vari,cik_code,character varying
form_metadata_20230206,calcbench_equity_investments_equity_method_investments_bo_extra,cik_code,character varying
form_metadata_20230206,calcbench_equity_investments_equity_method_investments_fn_varia,cik_code,character varying
form_metadata_20230206,calcbench_equity_repurchases_equity_repurchases_fn_variables,cik_code,character varying
form_metadata_20230206,calcbench_fair_value_fair_value_bo_extra1_identifyinginformatio,cik_code,character varying
form_metadata_20230206,calcbench_fair_value_fair_value_reconciliation_ass_bo_extra1_id,cik_code,character varying
form_metadata_20230206,calcbench_fair_value_fair_value_reconciliation_lia_bo_extra1_id,cik_code,character varying
form_metadata_20230206,calcbench_goodwill_goodwill_intangible_assets_bo_extra1_identif,cik_code,character varying
form_metadata_20230206,calcbench_goodwill_goodwill_intangible_assets_fn_variables,cik_code,character varying
form_metadata_20230206,calcbench_income_tax_deferred_tax_assets_bo_extra1_identifyingi,cik_code,character varying
form_metadata_20230206,calcbench_income_tax_deferred_tax_liabilities_bo_extra1_identif,cik_code,character varying
form_metadata_20230206,calcbench_income_tax_effective_income_tax_reconcil_bo_extra1_id,cik_code,character varying
form_metadata_20230206,calcbench_income_tax_income_tax_reconciliation_bo_extra1_identi,cik_code,character varying
form_metadata_20230206,calcbench_income_tax_tax_fn_variables,cik_code,character varying
form_metadata_20230206,calcbench_inventory_inventory_fn_variables,cik_code,character varying
form_metadata_20230206,calcbench_leases_capitalized_leases_fn_variables,cik_code,character varying
form_metadata_20230206,calcbench_leases_operating_leases_fn_variables,cik_code,character varying
form_metadata_20230206,calcbench_trial_breakout_extra1_identifyinginformation,cik_code,character varying
form_metadata_20230206,calcbench_trial_normalized_fn_variables,cik_code,character varying
form_metadata_20230206,ciqsamp_ratings_wrds_erating_trial_extra1_namesidentifiers,cik,character varying
form_metadata_20230206,ciqsamp_ratings_wrds_irating_trial_extra1_namesidentifiers,cik,character varying
form_metadata_20230206,ciqsamp_ratings_wrds_sassessment_trial_extra1_namesidentifiers,cik,character varying
form_metadata_20230206,ciqsamp_ratings_wrds_srating_trial_extra1_namesidentifiers,cik,character varying
form_metadata_20230206,comp_bank_bank_funda_identifyinginformation,CIK,character varying
form_metadata_20230206,comp_bank_bank_fundq_identifyinginformation,CIK,character varying
form_metadata_20230206,comp_bank_daily_bank_funda_identifyinginformation,CIK,character varying
form_metadata_20230206,comp_bank_daily_bank_fundq_identifyinginformation,CIK,character varying
form_metadata_20230206,comp_filings_filings_identifyinginformation,CIK,character varying
form_metadata_20230206,comp_global_daily_g_secd_extra8_identifyinginformationcont,CIK,character varying
form_metadata_20230206,comp_global_daily_gfunda_extra8_identifyinginformationcont,CIK,character varying
form_metadata_20230206,comp_global_daily_gfundq_extra8_identifyinginformationcont,CIK,character varying
form_metadata_20230206,comp_global_g_secd_extra8_identifyinginformationcont,CIK,character varying
form_metadata_20230206,comp_global_gfunda_extra8_identifyinginformationcont,CIK,character varying
form_metadata_20230206,comp_global_gfundq_extra8_identifyinginformationcont,CIK,character varying
form_metadata_20230206,comp_na_annual_all_aco_indsta_extra8_identifyinginformationcont,CIK,character varying
form_metadata_20230206,comp_na_annual_all_aco_indstq_extra8_identifyinginformationcont,CIK,character varying
form_metadata_20230206,comp_na_annual_all_aco_pnfnda_extra8_identifyinginformationcont,CIK,character varying
form_metadata_20230206,comp_na_annual_all_aco_pnfndq_extra8_identifyinginformationcont,CIK,character varying
form_metadata_20230206,comp_na_annual_all_adsprate_extra8_identifyinginformationcont,CIK,character varying
form_metadata_20230206,comp_na_annual_all_cia_identifyinginformationcodes,CIK,character varying
form_metadata_20230206,comp_na_annual_all_ciq_identifyinginformationcodes,CIK,character varying
form_metadata_20230206,comp_na_annual_all_compann_identifyinginformationcodes,CIK,character varying
form_metadata_20230206,comp_na_annual_all_comppde_identifyinginformation,CIK,character varying
form_metadata_20230206,comp_na_annual_all_compqtr_identifyinginformationcodes,CIK,character varying
form_metadata_20230206,comp_na_annual_all_funda_identifyinginformation,CIK,character varying
form_metadata_20230206,comp_na_annual_all_fundq_identifyinginformation,CIK,character varying
form_metadata_20230206,comp_na_annual_all_idxcst_his_extra2_companyinformation,co_CIK,character varying
form_metadata_20230206,comp_na_annual_all_marginal_tax_extra1_identifyinginformation,CIK,character varying
form_metadata_20230206,comp_na_annual_all_sec_shortint_extra1_identifyinginformation,CIK,character varying
form_metadata_20230206,comp_na_annual_all_secm_identifyinginformation,CIK,character varying
form_metadata_20230206,comp_na_annual_all_wrds_segmerged_identifyinginformation,CIK,character varying
form_metadata_20230206,comp_na_daily_all_aco_indsta_extra8_identifyinginformationcont,CIK,character varying
form_metadata_20230206,comp_na_daily_all_aco_indstq_extra8_identifyinginformationcont,CIK,character varying
form_metadata_20230206,comp_na_daily_all_aco_pnfnda_extra8_identifyinginformationcont,CIK,character varying
form_metadata_20230206,comp_na_daily_all_aco_pnfndq_extra8_identifyinginformationcont,CIK,character varying
form_metadata_20230206,comp_na_daily_all_adsprate_extra8_identifyinginformationcont,CIK,character varying
form_metadata_20230206,comp_na_daily_all_funda_identifyinginformation,CIK,character varying
form_metadata_20230206,comp_na_daily_all_funda_identifyinginformationcodes,CIK,character varying
form_metadata_20230206,comp_na_daily_all_fundq_identifyinginformation,CIK,character varying
form_metadata_20230206,comp_na_daily_all_idxcst_his_extra2_companyinformation,co_CIK,character varying
form_metadata_20230206,comp_na_daily_all_sec_shortint_extra1_identifyinginformation,CIK,character varying
form_metadata_20230206,comp_na_daily_all_secd_identifyinginformation,CIK,character varying
form_metadata_20230206,comp_na_daily_all_secm_identifyinginformation,CIK,character varying
form_metadata_20230206,comp_na_daily_all_wrds_seg_customer_extra1_identifyinginformati,CIK,character varying
form_metadata_20230206,comp_na_daily_all_wrds_segmerged_identifyinginformation,CIK,character varying
form_metadata_20230206,comp_na_daily_current_aco_indsta_extra8_identifyinginformationc,CIK,character varying
form_metadata_20230206,comp_na_daily_current_aco_indstq_extra8_identifyinginformationc,CIK,character varying
form_metadata_20230206,comp_na_daily_current_aco_pnfnda_extra8_identifyinginformationc,CIK,character varying
form_metadata_20230206,comp_na_daily_current_aco_pnfndq_extra8_identifyinginformationc,CIK,character varying
form_metadata_20230206,comp_na_daily_current_adsprate_extra8_identifyinginformationcon,CIK,character varying
form_metadata_20230206,comp_na_daily_current_funda_identifyinginformation,CIK,character varying
form_metadata_20230206,comp_na_daily_current_funda_identifyinginformationcodes,CIK,character varying
form_metadata_20230206,comp_na_daily_current_fundq_identifyinginformation,CIK,character varying
form_metadata_20230206,comp_na_daily_current_idxcst_his_extra2_companyinformation,co_CIK,character varying
form_metadata_20230206,comp_na_daily_current_sec_shortint_extra1_identifyinginformatio,CIK,character varying
form_metadata_20230206,comp_na_daily_current_secd_identifyinginformation,CIK,character varying
form_metadata_20230206,comp_na_daily_current_secm_identifyinginformation,CIK,character varying
form_metadata_20230206,comp_na_daily_current_wrds_segmerged_identifyinginformation,CIK,character varying
form_metadata_20230206,comp_na_monthly_all_aco_indsta_extra8_identifyinginformationcon,CIK,character varying
form_metadata_20230206,comp_na_monthly_all_aco_indstq_extra8_identifyinginformationcon,CIK,character varying
form_metadata_20230206,comp_na_monthly_all_aco_pnfnda_extra8_identifyinginformationcon,CIK,character varying
form_metadata_20230206,comp_na_monthly_all_aco_pnfndq_extra8_identifyinginformationcon,CIK,character varying
form_metadata_20230206,comp_na_monthly_all_adsprate_extra8_identifyinginformationcont,CIK,character varying
form_metadata_20230206,comp_na_monthly_all_funda_identifyinginformation,CIK,character varying
form_metadata_20230206,comp_na_monthly_all_funda_identifyinginformationcodes,CIK,character varying
form_metadata_20230206,comp_na_monthly_all_fundq_identifyinginformation,CIK,character varying
form_metadata_20230206,comp_na_monthly_all_idxcst_his_extra2_companyinformation,co_CIK,character varying
form_metadata_20230206,comp_na_monthly_all_sec_shortint_extra1_identifyinginformation,CIK,character varying
form_metadata_20230206,comp_na_monthly_all_secd_identifyinginformation,CIK,character varying
form_metadata_20230206,comp_na_monthly_all_secm_identifyinginformation,CIK,character varying
form_metadata_20230206,comp_na_monthly_all_wrds_seg_customer_extra1_identifyinginforma,CIK,character varying
form_metadata_20230206,comp_na_monthly_all_wrds_segmerged_identifyinginformation,CIK,character varying
form_metadata_20230206,comp_na_monthly_current_aco_indsta_extra8_identifyinginformatio,CIK,character varying
form_metadata_20230206,comp_na_monthly_current_aco_indstq_extra8_identifyinginformatio,CIK,character varying
form_metadata_20230206,comp_na_monthly_current_aco_pnfnda_extra8_identifyinginformatio,CIK,character varying
form_metadata_20230206,comp_na_monthly_current_aco_pnfndq_extra8_identifyinginformatio,CIK,character varying
form_metadata_20230206,comp_na_monthly_current_adsprate_extra8_identifyinginformationc,CIK,character varying
form_metadata_20230206,comp_na_monthly_current_funda_identifyinginformation,CIK,character varying
form_metadata_20230206,comp_na_monthly_current_funda_identifyinginformationcodes,CIK,character varying
form_metadata_20230206,comp_na_monthly_current_fundq_identifyinginformation,CIK,character varying
form_metadata_20230206,comp_na_monthly_current_idxcst_his_extra2_companyinformation,co_CIK,character varying
form_metadata_20230206,comp_na_monthly_current_sec_shortint_extra1_identifyinginformat,CIK,character varying
form_metadata_20230206,comp_na_monthly_current_secd_identifyinginformation,CIK,character varying
form_metadata_20230206,comp_na_monthly_current_secm_identifyinginformation,CIK,character varying
form_metadata_20230206,comp_na_monthly_current_wrds_segmerged_identifyinginformation,CIK,character varying
form_metadata_20230206,comp_ratings_eident_variables,cik,character varying
form_metadata_20230206,comp_ratings_erating_variables,cik,character varying
form_metadata_20230206,comp_ratings_imrating_companyinformation,cik,character varying
form_metadata_20230206,comp_ratings_irating_companyinformation,cik,character varying
form_metadata_20230206,comp_segments_hist_daily_wrds_seg_customer_extra1_identifyingin,CIK,character varying
form_metadata_20230206,comp_segments_hist_daily_wrds_segmerged_identifyinginformation,CIK,character varying
form_metadata_20230206,comp_segments_hist_wrds_seg_customer_extra1_identifyinginformat,CIK,character varying
form_metadata_20230206,comp_segments_hist_wrds_segmerged_identifyinginformation,CIK,character varying
form_metadata_20230206,comp_snapshot_wrds_cs_names_identifyinginformation,CIK,character varying
form_metadata_20230206,comp_snapshot_wrds_csa_pit_extra9_identifyinginformation,CIK,character varying
form_metadata_20230206,comp_snapshot_wrds_csa_restated_extra9_identifyinginformation,CIK,character varying
form_metadata_20230206,comp_snapshot_wrds_csa_unrestated_extra9_identifyinginformation,CIK,character varying
form_metadata_20230206,comp_snapshot_wrds_csq_pit_extra9_identifyinginformation,CIK,character varying
form_metadata_20230206,comp_snapshot_wrds_csq_restated_extra9_identifyinginformation,CIK,character varying
form_metadata_20230206,comp_snapshot_wrds_csq_unrestated_extra9_identifyinginformation,CIK,character varying
form_metadata_20230206,compsamp_snapshot_wrds_cs_names_identifyinginformation,CIK,character varying
form_metadata_20230206,compsamp_snapshot_wrds_csa_pit_extra9_identifyinginformation,CIK,character varying
form_metadata_20230206,compsamp_snapshot_wrds_csa_restated_extra9_identifyinginformati,CIK,character varying
form_metadata_20230206,compsamp_snapshot_wrds_csa_unrestated_extra9_identifyinginforma,CIK,character varying
form_metadata_20230206,compsamp_snapshot_wrds_csq_pit_extra9_identifyinginformation,CIK,character varying
form_metadata_20230206,compsamp_snapshot_wrds_csq_unrestated_extra9_identifyinginforma,CIK,character varying
form_metadata_20230206,crsp_a_ccm_ccmbanka_identifyinginformation,CIK,character varying
form_metadata_20230206,crsp_a_ccm_ccmbankq_identifyinginformation,CIK,character varying
form_metadata_20230206,crsp_a_ccm_ccmfunda_identifyinginformation,CIK,character varying
form_metadata_20230206,crsp_a_ccm_ccmfundq_identifyinginformation,CIK,character varying
form_metadata_20230206,crsp_a_ccm_ccmlinktable_extra6_identifyinginformation,CIK,character varying
form_metadata_20230206,crsp_a_ccm_ccmlinktable_extra8_companyheaderinformation,CIK,character varying
form_metadata_20230206,crsp_a_ccm_ccmsecd_identifyinginformation,CIK,character varying
form_metadata_20230206,crsp_a_ccm_ccmsecm_identifyinginformation,CIK,character varying
form_metadata_20230206,crsp_a_ccm_ccmseg_identifyinginformation,CIK,character varying
form_metadata_20230206,crsp_m_ccm_ccmbanka_identifyinginformation,CIK,character varying
form_metadata_20230206,crsp_m_ccm_ccmbankq_identifyinginformation,CIK,character varying
form_metadata_20230206,crsp_m_ccm_ccmfunda_identifyinginformation,CIK,character varying
form_metadata_20230206,crsp_m_ccm_ccmfundq_identifyinginformation,CIK,character varying
form_metadata_20230206,crsp_m_ccm_ccmlinktable_extra6_identifyinginformation,CIK,character varying
form_metadata_20230206,crsp_m_ccm_ccmlinktable_extra8_companyheaderinformation,CIK,character varying
form_metadata_20230206,crsp_m_ccm_ccmsecd_identifyinginformation,CIK,character varying
form_metadata_20230206,crsp_m_ccm_ccmsecm_identifyinginformation,CIK,character varying
form_metadata_20230206,crsp_m_ccm_ccmseg_identifyinginformation,CIK,character varying
form_metadata_20230206,crsp_q_ccm_ccmbanka_identifyinginformation,CIK,character varying
form_metadata_20230206,crsp_q_ccm_ccmbankq_identifyinginformation,CIK,character varying
form_metadata_20230206,crsp_q_ccm_ccmfunda_identifyinginformation,CIK,character varying
form_metadata_20230206,crsp_q_ccm_ccmfundq_identifyinginformation,CIK,character varying
form_metadata_20230206,crsp_q_ccm_ccmlinktable_extra6_identifyinginformation,CIK,character varying
form_metadata_20230206,crsp_q_ccm_ccmlinktable_extra8_companyheaderinformation,CIK,character varying
form_metadata_20230206,crsp_q_ccm_ccmsecd_identifyinginformation,CIK,character varying
form_metadata_20230206,crsp_q_ccm_ccmsecm_identifyinginformation,CIK,character varying
form_metadata_20230206,crsp_q_ccm_ccmseg_identifyinginformation,CIK,character varying
form_metadata_20230206,crspsamp_all_ccmlinktable_trial_extra6_identifyinginformation,CIK,character varying
form_metadata_20230206,fjc_linking_wrds_bankruptcy_link_variables,cik,character varying
form_metadata_20230206,fjc_linking_wrds_civil_link_variables,plt_cik,character varying
form_metadata_20230206,fjc_linking_wrds_civil_link_variables,def_cik,character varying
form_metadata_20230206,fjc_linking_wrds_criminal_link_variables,cik,character varying
form_metadata_20230206,gmi_all_companies2001_generalinformation,CIK,character varying
form_metadata_20230206,gmi_all_companies2002_generalinformation,CIK,character varying
form_metadata_20230206,gmi_all_companies2003_generalinformation,CIK,character varying
form_metadata_20230206,gmi_all_companies2004_generalinformation,CIK,character varying
form_metadata_20230206,gmi_all_companies2005_generalinformation,CIK,character varying
form_metadata_20230206,gmi_all_companies2006_generalinformation,CIK,character varying
form_metadata_20230206,gmi_all_companies2007_generalinformation,CIK,character varying
form_metadata_20230206,gmi_all_companies2008_generalinformation,CIK,character varying
form_metadata_20230206,gmi_all_companies2009_generalinformation,CIK,character varying
form_metadata_20230206,gmi_all_companies2010_generalinformation,CIK,character varying
form_metadata_20230206,gmi_all_companies2011_generalinformation,CIK,character varying
form_metadata_20230206,gmi_all_companies2012_generalinformation,CIK,character varying
form_metadata_20230206,gmi_all_companies2013_generalinformation,CIK,character varying
form_metadata_20230206,gmi_all_companies2014_generalinformation,CIK,character varying
form_metadata_20230206,gmi_all_companies2015_generalinformation,CIK,character varying
form_metadata_20230206,gmi_all_companies2016_generalinformation,CIK,character varying
form_metadata_20230206,gmi_all_companies2017_generalinformation,CIK,character varying
form_metadata_20230206,gmi_all_companies2018_generalinformation,CIK,character varying
form_metadata_20230206,gmi_all_companies_generalinformation,CIK,character varying
form_metadata_20230206,gmi_all_directorships2001_variables,CIK,character varying
form_metadata_20230206,gmi_all_directorships2002_variables,CIK,character varying
form_metadata_20230206,gmi_all_directorships_variables,CIK,character varying
form_metadata_20230206,gsi_all_merger_extra1_mergerpartiesinformation,cik_prty,character varying
form_metadata_20230206,gsi_all_merger_extra4_significanteventsinformation,cik_event,character varying
form_metadata_20230206,gsi_all_merger_mergerinformation,cik,character varying
form_metadata_20230206,gsi_all_prosp_prospecutusinformation,CIK_ISSUER,character varying
form_metadata_20230206,gsi_all_regist_prospecutusinformation,CIK_ISSUER,character varying
form_metadata_20230206,gsidemo_all_demo_ipo_prosp_prospecutusinformation,CIK_ISSUER,character varying
form_metadata_20230206,gsidemo_all_demo_ipo_regist_prospecutusinformation,CIK_ISSUER,character varying
form_metadata_20230206,hbase_hcp_practitioner_parents_variables,parent_entity_cik,character varying
form_metadata_20230206,hbase_hs_premium_health_system_children_variables,child_entity_cik,character varying
form_metadata_20230206,hbase_hs_premium_practitioner_parents_variables,parent_entity_cik,character varying
form_metadata_20230206,hbase_hs_standard_practitioner_parents_variables,parent_entity_cik,character varying
form_metadata_20230206,iss_incentive_lab_beneown_variables,CIK,character varying
form_metadata_20230206,iss_incentive_lab_bhown_variables,CIK,character varying
form_metadata_20230206,iss_incentive_lab_companyfy_variables,CIK,character varying
form_metadata_20230206,iss_incentive_lab_comppeer_variables,CIK,character varying
form_metadata_20230206,iss_incentive_lab_comppeer_variables,PEERCIK,double precision
form_metadata_20230206,iss_incentive_lab_consultant_variables,CIK,character varying
form_metadata_20230206,iss_incentive_lab_dircomp_variables,CIK,character varying
form_metadata_20230206,iss_incentive_lab_europe_euro_companyfy_variables,CIK,character varying
form_metadata_20230206,iss_incentive_lab_europe_euro_comppeer_variables,CIK,character varying
form_metadata_20230206,iss_incentive_lab_europe_euro_comppeer_variables,PEERCIK,double precision
form_metadata_20230206,iss_incentive_lab_europe_euro_consultant_variables,CIK,character varying
form_metadata_20230206,iss_incentive_lab_europe_euro_gpbaabs_variables,CIK,character varying
form_metadata_20230206,iss_incentive_lab_europe_euro_gpbagrant_variables,CIK,character varying
form_metadata_20230206,iss_incentive_lab_europe_euro_gpbarel_variables,CIK,character varying
form_metadata_20230206,iss_incentive_lab_europe_euro_gpbarelpeer_variables,CIK,character varying
form_metadata_20230206,iss_incentive_lab_europe_euro_gpbarelpeer_variables,PEERCIK,double precision
form_metadata_20230206,iss_incentive_lab_europe_euro_holdingreq_variables,CIK,character varying
form_metadata_20230206,iss_incentive_lab_europe_euro_participantfy_variables,CIK,character varying
form_metadata_20230206,iss_incentive_lab_europe_euro_participantfy_variables,PARTICIPANTCIK,double precision
form_metadata_20230206,iss_incentive_lab_europe_euro_sumcomp_variables,CIK,character varying
form_metadata_20230206,iss_incentive_lab_exervest_variables,CIK,character varying
form_metadata_20230206,iss_incentive_lab_gpbaaccpeer_variables,CIK,character varying
form_metadata_20230206,iss_incentive_lab_gpbaaccpeer_variables,PEERCIK,double precision
form_metadata_20230206,iss_incentive_lab_gpbagrant_variables,CIK,character varying
form_metadata_20230206,iss_incentive_lab_gpbarelpeer_variables,CIK,character varying
form_metadata_20230206,iss_incentive_lab_gpbarelpeer_variables,PEERCIK,double precision
form_metadata_20230206,iss_incentive_lab_holdingreq_variables,CIK,character varying
form_metadata_20230206,iss_incentive_lab_oeoption_variables,CIK,character varying
form_metadata_20230206,iss_incentive_lab_oestock_variables,CIK,character varying
form_metadata_20230206,iss_incentive_lab_participantfy_variables,CIK,character varying
form_metadata_20230206,iss_incentive_lab_participantfy_variables,PARTICIPANTCIK,double precision
form_metadata_20230206,iss_incentive_lab_sumcomp_variables,CIK,character varying
form_metadata_20230206,risk_governance_gset_companyinformation,cik,character varying
form_metadata_20230206,risksamp_all_beneown_variables,CIK,character varying
form_metadata_20230206,risksamp_all_bhown_variables,CIK,character varying
form_metadata_20230206,risksamp_all_companyfy_variables,CIK,character varying
form_metadata_20230206,risksamp_all_comppeer_variables,CIK,character varying
form_metadata_20230206,risksamp_all_comppeer_variables,PEERCIK,double precision
form_metadata_20230206,risksamp_all_consultant_variables,CIK,character varying
form_metadata_20230206,risksamp_all_dircomp_variables,CIK,character varying
form_metadata_20230206,risksamp_all_exervest_variables,CIK,character varying
form_metadata_20230206,risksamp_all_gpbaaccpeer_variables,CIK,character varying
form_metadata_20230206,risksamp_all_gpbaaccpeer_variables,PEERCIK,double precision
form_metadata_20230206,risksamp_all_gpbagrant_variables,CIK,character varying
form_metadata_20230206,risksamp_all_gpbarelpeer_variables,CIK,character varying
form_metadata_20230206,risksamp_all_gpbarelpeer_variables,PEERCIK,double precision
form_metadata_20230206,risksamp_all_holdingreq_variables,CIK,character varying
form_metadata_20230206,risksamp_all_oeoption_variables,CIK,character varying
form_metadata_20230206,risksamp_all_oestock_variables,CIK,character varying
form_metadata_20230206,risksamp_all_participantfy_variables,CIK,character varying
form_metadata_20230206,risksamp_all_participantfy_variables,PARTICIPANTCIK,double precision
form_metadata_20230206,risksamp_all_sumcomp_variables,CIK,character varying
form_metadata_20230206,secsamp_all_derivatives_extra1_filinginformation,issuerCik,character varying
form_metadata_20230206,secsamp_all_derivatives_extra1_filinginformation,regcik,character varying
form_metadata_20230206,secsamp_all_document_info_documentinformation,regcik,character varying
form_metadata_20230206,secsamp_all_document_info_documentinformation,issuerCik,character varying
form_metadata_20230206,secsamp_all_footnotes_extra1_filingdata,issuerCik,character varying
form_metadata_20230206,secsamp_all_footnotes_extra1_filingdata,regcik,character varying
form_metadata_20230206,secsamp_all_forms_dataitems,CIK,character varying
form_metadata_20230206,secsamp_all_nonderivatives_extra1_filinginformation,issuerCik,character varying
form_metadata_20230206,secsamp_all_nonderivatives_extra1_filinginformation,regcik,character varying
form_metadata_20230206,secsamp_all_reporting_owners_extra1_filinginformation,issuerCIK,character varying
form_metadata_20230206,secsamp_all_reporting_owners_extra1_filinginformation,regcik,character varying
form_metadata_20230206,secsamp_all_reporting_owners_reportingowners,rptOwnerCik,character varying
form_metadata_20230206,secsamp_all_wciklink_cusip_dataitems,CoName,character varying
form_metadata_20230206,secsamp_all_wciklink_cusip_dataitems,CUSIP_FULL,character varying
form_metadata_20230206,secsamp_all_wciklink_cusip_dataitems,CUSIP,character varying
form_metadata_20230206,secsamp_all_wciklink_cusip_dataitems,CIKDATE1,date
form_metadata_20230206,secsamp_all_wciklink_cusip_dataitems,CIKDATE2,date
form_metadata_20230206,secsamp_all_wciklink_cusip_dataitems,TMATCH,double precision
form_metadata_20230206,secsamp_all_wciklink_cusip_dataitems,ISSUER,character varying
form_metadata_20230206,secsamp_all_wciklink_cusip_dataitems,ISSUE,character varying
form_metadata_20230206,secsamp_all_wciklink_cusip_dataitems,ISSUE_CHECK,character varying
form_metadata_20230206,secsamp_all_wciklink_gvkey_dataitems,gvkey,character varying
form_metadata_20230206,secsamp_all_wciklink_gvkey_dataitems,CONM,character varying
form_metadata_20230206,secsamp_all_wciklink_gvkey_dataitems,DATADATE1,date
form_metadata_20230206,secsamp_all_wciklink_gvkey_dataitems,DATADATE2,date
form_metadata_20230206,secsamp_all_wciklink_gvkey_dataitems,SOURCE,character varying
form_metadata_20230206,secsamp_all_wciklink_gvkey_dataitems,CoName,character varying
form_metadata_20230206,secsamp_all_wciklink_gvkey_dataitems,FNDATE,date
form_metadata_20230206,secsamp_all_wciklink_gvkey_dataitems,LNDATE,date
form_metadata_20230206,secsamp_all_wciklink_gvkey_dataitems,N10K,double precision
form_metadata_20230206,secsamp_all_wciklink_gvkey_dataitems,N10K_A,double precision
form_metadata_20230206,secsamp_all_wciklink_gvkey_dataitems,N10K_NT,double precision
form_metadata_20230206,secsamp_all_wciklink_gvkey_dataitems,N10Q,double precision
form_metadata_20230206,secsamp_all_wciklink_gvkey_dataitems,N10Q_A,double precision
form_metadata_20230206,secsamp_all_wciklink_gvkey_dataitems,N10Q_NT,double precision
form_metadata_20230206,secsamp_all_wciklink_gvkey_dataitems,N8K,double precision
form_metadata_20230206,secsamp_all_wciklink_gvkey_dataitems,NDEF,double precision
form_metadata_20230206,secsamp_all_wciklink_gvkey_dataitems,NTOT,double precision
form_metadata_20230206,secsamp_all_wciklink_names_companydescriptiveinformation,CoName,character varying
form_metadata_20230206,secsamp_all_wciklink_names_companydescriptiveinformation,FNDATE,date
form_metadata_20230206,secsamp_all_wciklink_names_companydescriptiveinformation,LNDATE,date
form_metadata_20230206,secsamp_all_wciklink_names_companydescriptiveinformation,HEADER,double precision
form_metadata_20230206,secsamp_all_wciklink_names_companydescriptiveinformation,GVKEY,character varying
form_metadata_20230206,secsamp_all_wciklink_names_companydescriptiveinformation,CUSIPH,character varying
form_metadata_20230206,secsamp_all_wciklink_names_companydescriptiveinformation,TICKERH,character varying
form_metadata_20230206,secsamp_all_wciklink_names_filingsstatistics,N10K,double precision
form_metadata_20230206,secsamp_all_wciklink_names_filingsstatistics,N10K_A,double precision
form_metadata_20230206,secsamp_all_wciklink_names_filingsstatistics,N10K_NT,double precision
form_metadata_20230206,secsamp_all_wciklink_names_filingsstatistics,N10Q,double precision
form_metadata_20230206,secsamp_all_wciklink_names_filingsstatistics,N10Q_A,double precision
form_metadata_20230206,secsamp_all_wciklink_names_filingsstatistics,N10Q_NT,double precision
form_metadata_20230206,secsamp_all_wciklink_names_filingsstatistics,N13D,double precision
form_metadata_20230206,secsamp_all_wciklink_names_filingsstatistics,N13F,double precision
form_metadata_20230206,secsamp_all_wciklink_names_filingsstatistics,N13G,double precision
form_metadata_20230206,secsamp_all_wciklink_names_filingsstatistics,N8K,double precision
form_metadata_20230206,secsamp_all_wciklink_names_filingsstatistics,NDEF,double precision
form_metadata_20230206,secsamp_all_wciklink_names_filingsstatistics,NLET,double precision
form_metadata_20230206,secsamp_all_wciklink_names_filingsstatistics,NTOT,double precision
form_metadata_20230206,secsamp_all_wciklink_names_filingsstatistics,NTOT_A,double precision
form_metadata_20230206,secsamp_all_wciklink_names_filingsstatistics,NTOT_NT,double precision
form_metadata_20230206,secsamp_all_wrds_13f_holdings_idvar,cik,character varying
form_metadata_20230206,secsamp_all_wrds_13f_holdings_keyvar,cik,character varying
form_metadata_20230206,secsamp_all_wrds_13f_holdings_variables,cik,character varying
form_metadata_20230206,secsamp_all_wrds_13f_summary_variables,cik,character varying
form_metadata_20230206,secsamp_all_wrds_13f_summary_variables,omcik,double precision
form_metadata_20230206,secsamp_all_wrds_filings_filingdata,CIK,character varying
form_metadata_20230206,secsamp_all_wrds_filings_registrantdata,REGCIK,character varying
form_metadata_20230206,secsamp_all_wrds_nlpsa_companyfilingsinformation,CIK,character varying
form_metadata_20230206,tr_ownership_owninfo_ownerinformation,CIKCODE,character varying
form_metadata_20230206,wrdsapps_all_wrds_relationships_,cik,character varying
form_metadata_20230206,wrdsapps_all_wrds_relationships_null,cik,character varying
form_metadata_20230206,wrdsapps_all_wrds_relationships_variables,CIK,character varying
form_metadata_20230206,wrdsapps_wfunda_coregistrants_idvar,CIK,character varying
form_metadata_20230206,wrdsapps_wfunda_coregistrants_keyvar,adsh cik,character varying
form_metadata_20230206,wrdsapps_wfunda_coregistrants_variables,CIK_coRegistrant,character varying
form_metadata_20230206,wrdsapps_wfunda_coregistrants_variables,cik,character varying
form_metadata_20230206,wrdsapps_wfunda_extra8_identifyinginformationcont,aciks,character varying
form_metadata_20230206,wrdsapps_wfunda_extra8_identifyinginformationcont,nciks,double precision
form_metadata_20230206,wrdsapps_wfunda_identifyinginformation,cik,character varying
form_metadata_20230206,wrdsapps_wfunda_idvar,CIK,character varying
form_metadata_20230206,wrdsapps_wfunda_keyvar,adsh cik,character varying
form_metadata_20230206,wrdsapps_xbrl_fs_sub_idvar,cik,character varying
form_metadata_20230206,wrdsapps_xbrl_fs_sub_keyvar,adsh cik,character varying
form_metadata_20230206,wrdsapps_xbrl_fs_sub_variables,aciks,character varying
form_metadata_20230206,wrdsapps_xbrl_fs_sub_variables,cik,character varying
form_metadata_20230206,wrdsapps_xbrl_fs_sub_variables,nciks,double precision
form_metadata_20230206,wrdssec_all_derivatives_extra1_filinginformation,issuerCik,character varying
form_metadata_20230206,wrdssec_all_derivatives_extra1_filinginformation,regcik,character varying
form_metadata_20230206,wrdssec_all_document_info_documentinformation,regcik,character varying
form_metadata_20230206,wrdssec_all_document_info_documentinformation,issuerCik,character varying
form_metadata_20230206,wrdssec_all_footnotes_extra1_filingdata,issuerCik,character varying
form_metadata_20230206,wrdssec_all_footnotes_extra1_filingdata,regcik,character varying
form_metadata_20230206,wrdssec_all_forms_dataitems,CIK,character varying
form_metadata_20230206,wrdssec_all_nonderivatives_extra1_filinginformation,issuerCik,character varying
form_metadata_20230206,wrdssec_all_nonderivatives_extra1_filinginformation,regcik,character varying
form_metadata_20230206,wrdssec_all_reporting_owners_extra1_filinginformation,issuerCIK,character varying
form_metadata_20230206,wrdssec_all_reporting_owners_extra1_filinginformation,regcik,character varying
form_metadata_20230206,wrdssec_all_reporting_owners_reportingowners,rptOwnerCik,character varying
form_metadata_20230206,wrdssec_all_wrds_13f_holdings_variables,cik,character varying
form_metadata_20230206,wrdssec_all_wrds_13f_summary_id_table_idtable,wciklink_names,character varying
form_metadata_20230206,wrdssec_all_wrds_13f_summary_idvar,cik,character varying
form_metadata_20230206,wrdssec_all_wrds_13f_summary_keyvar,cik,character varying
form_metadata_20230206,wrdssec_all_wrds_13f_summary_variables,cik,character varying
form_metadata_20230206,wrdssec_all_wrds_13f_summary_variables,omcik,double precision
form_metadata_20230206,wrdssec_all_wrds_filings_filingdata,CIK,character varying
form_metadata_20230206,wrdssec_all_wrds_filings_registrantdata,REGCIK,character varying
form_metadata_20230206,wrdssec_all_wrds_vc_form1a_keyvar,accession cik,character varying
form_metadata_20230206,wrdssec_all_wrds_vc_form1a_variables,cik,character varying
form_metadata_20230206,wrdssec_all_wrds_vc_form1a_variables,coIssuerCIK,character varying
form_metadata_20230206,wrdssec_all_wrds_vc_form1a_variables,empInfoCIK,character varying
form_metadata_20230206,wrdssec_all_wrds_vc_form1k_keyvar,accession cik,character varying
form_metadata_20230206,wrdssec_all_wrds_vc_form1k_variables,cik,character varying
form_metadata_20230206,wrdssec_all_wrds_vc_form1k_variables,coIssuerCIK,character varying
form_metadata_20230206,wrdssec_all_wrds_vc_form1k_variables,issuerCIK,character varying
form_metadata_20230206,wrdssec_all_wrds_vc_form1z_keyvar,accession cik,character varying
form_metadata_20230206,wrdssec_all_wrds_vc_form1z_variables,cik,character varying
form_metadata_20230206,wrdssec_all_wrds_vc_form1z_variables,coIssuerCIK,character varying
form_metadata_20230206,wrdssec_all_wrds_vc_form1z_variables,signatureCIK,character varying
form_metadata_20230206,wrdssec_all_wrds_vc_formc_keyvar,accession FilerCIK,character varying
form_metadata_20230206,wrdssec_all_wrds_vc_formc_variables,filerCik,character varying
form_metadata_20230206,wrdssec_all_wrds_vc_formc_variables,commissionCik,character varying
form_metadata_20230206,wrdssec_all_wrds_vc_formd_keyvar,accession primarycik,character varying
form_metadata_20230206,wrdssec_all_wrds_vc_formd_variables,primarycik,character varying
form_metadata_20230206,wrdssec_all_wrds_vc_formd_variables,issuer_cik,character varying
form_metadata_20230206,wrdssec_all_wrds_vc_formd_variables,regcik,character varying
form_metadata_20230206,wrdssec_bow_bow_cossim_variables,cik,character varying
form_metadata_20230206,wrdssec_bow_bow_filingsummary_variables,cik,character varying
form_metadata_20230206,wrdssec_bow_bow_worddistall_variables,cik,character varying
form_metadata_20230206,wrdssec_bow_bow_worddistribution_wrdssecforms,cik,character varying
form_metadata_20230206,wrdssec_bow_sp500_topic_words_,cik,character varying
form_metadata_20230206,wrdssec_bow_sp500_topic_words_variables,cik,character varying
form_metadata_20230206,wrdssec_common_wciklink_cusip_dataitems,CoName,character varying
form_metadata_20230206,wrdssec_common_wciklink_cusip_dataitems,CUSIP_FULL,character varying
form_metadata_20230206,wrdssec_common_wciklink_cusip_dataitems,CUSIP,character varying
form_metadata_20230206,wrdssec_common_wciklink_cusip_dataitems,CIKDATE1,date
form_metadata_20230206,wrdssec_common_wciklink_cusip_dataitems,CIKDATE2,date
form_metadata_20230206,wrdssec_common_wciklink_cusip_dataitems,TMATCH,double precision
form_metadata_20230206,wrdssec_common_wciklink_cusip_dataitems,ISSUER,character varying
form_metadata_20230206,wrdssec_common_wciklink_cusip_dataitems,ISSUE,character varying
form_metadata_20230206,wrdssec_common_wciklink_cusip_dataitems,ISSUE_CHECK,character varying
form_metadata_20230206,wrdssec_common_wciklink_gvkey_dataitems,gvkey,character varying
form_metadata_20230206,wrdssec_common_wciklink_gvkey_dataitems,CONM,character varying
form_metadata_20230206,wrdssec_common_wciklink_gvkey_dataitems,DATADATE1,date
form_metadata_20230206,wrdssec_common_wciklink_gvkey_dataitems,DATADATE2,date
form_metadata_20230206,wrdssec_common_wciklink_gvkey_dataitems,SOURCE,character varying
form_metadata_20230206,wrdssec_common_wciklink_gvkey_dataitems,CoName,character varying
form_metadata_20230206,wrdssec_common_wciklink_gvkey_dataitems,FNDATE,date
form_metadata_20230206,wrdssec_common_wciklink_gvkey_dataitems,LNDATE,date
form_metadata_20230206,wrdssec_common_wciklink_gvkey_dataitems,N10K,double precision
form_metadata_20230206,wrdssec_common_wciklink_gvkey_dataitems,N10K_A,double precision
form_metadata_20230206,wrdssec_common_wciklink_gvkey_dataitems,N10K_NT,double precision
form_metadata_20230206,wrdssec_common_wciklink_gvkey_dataitems,N10Q,double precision
form_metadata_20230206,wrdssec_common_wciklink_gvkey_dataitems,N10Q_A,double precision
form_metadata_20230206,wrdssec_common_wciklink_gvkey_dataitems,N10Q_NT,double precision
form_metadata_20230206,wrdssec_common_wciklink_gvkey_dataitems,N8K,double precision
form_metadata_20230206,wrdssec_common_wciklink_gvkey_dataitems,NDEF,double precision
form_metadata_20230206,wrdssec_common_wciklink_gvkey_dataitems,NTOT,double precision
form_metadata_20230206,wrdssec_common_wciklink_names_companydescriptiveinformation,CoName,character varying
form_metadata_20230206,wrdssec_common_wciklink_names_companydescriptiveinformation,FNDATE,date
form_metadata_20230206,wrdssec_common_wciklink_names_companydescriptiveinformation,LNDATE,date
form_metadata_20230206,wrdssec_common_wciklink_names_companydescriptiveinformation,HEADER,double precision
form_metadata_20230206,wrdssec_common_wciklink_names_companydescriptiveinformation,GVKEY,character varying
form_metadata_20230206,wrdssec_common_wciklink_names_companydescriptiveinformation,CUSIPH,character varying
form_metadata_20230206,wrdssec_common_wciklink_names_companydescriptiveinformation,TICKERH,character varying
form_metadata_20230206,wrdssec_common_wciklink_names_filingsstatistics,N10K,double precision
form_metadata_20230206,wrdssec_common_wciklink_names_filingsstatistics,N10K_A,double precision
form_metadata_20230206,wrdssec_common_wciklink_names_filingsstatistics,N10K_NT,double precision
form_metadata_20230206,wrdssec_common_wciklink_names_filingsstatistics,N10Q,double precision
form_metadata_20230206,wrdssec_common_wciklink_names_filingsstatistics,N10Q_A,double precision
form_metadata_20230206,wrdssec_common_wciklink_names_filingsstatistics,N10Q_NT,double precision
form_metadata_20230206,wrdssec_common_wciklink_names_filingsstatistics,N13D,double precision
form_metadata_20230206,wrdssec_common_wciklink_names_filingsstatistics,N13F,double precision
form_metadata_20230206,wrdssec_common_wciklink_names_filingsstatistics,N13G,double precision
form_metadata_20230206,wrdssec_common_wciklink_names_filingsstatistics,N8K,double precision
form_metadata_20230206,wrdssec_common_wciklink_names_filingsstatistics,NDEF,double precision
form_metadata_20230206,wrdssec_common_wciklink_names_filingsstatistics,NLET,double precision
form_metadata_20230206,wrdssec_common_wciklink_names_filingsstatistics,NTOT,double precision
form_metadata_20230206,wrdssec_common_wciklink_names_filingsstatistics,NTOT_A,double precision
form_metadata_20230206,wrdssec_common_wciklink_names_filingsstatistics,NTOT_NT,double precision
form_metadata_20230206,wrdssec_secsa_wrds_nlpsa_companyfilingsinformation,CIK,character varying
gmi,companies,cik,character varying
gmi,companies2001,cik,character varying
gmi,companies2002,cik,character varying
gmi,companies2003,cik,character varying
gmi,companies2004,cik,character varying
gmi,companies2005,cik,character varying
gmi,companies2006,cik,character varying
gmi,companies2007,cik,character varying
gmi,companies2008,cik,character varying
gmi,companies2009,cik,character varying
gmi,companies2010,cik,character varying
gmi,companies2011,cik,character varying
gmi,companies2012,cik,character varying
gmi,companies2013,cik,character varying
gmi,companies2014,cik,character varying
gmi,companies2015,cik,double precision
gmi,companies2016,cik,double precision
gmi,companies2017,cik,double precision
gmi,companies2018,cik,double precision
gmi,directorships,cik,character varying
gmi,directorships2001,cik,character varying
gmi,directorships2002,cik,character varying
gmi,names,cik,character varying
gmi_all,companies,cik,character varying
gmi_all,companies2001,cik,character varying
gmi_all,companies2002,cik,character varying
gmi_all,companies2003,cik,character varying
gmi_all,companies2004,cik,character varying
gmi_all,companies2005,cik,character varying
gmi_all,companies2006,cik,character varying
gmi_all,companies2007,cik,character varying
gmi_all,companies2008,cik,character varying
gmi_all,companies2009,cik,character varying
gmi_all,companies2010,cik,character varying
gmi_all,companies2011,cik,character varying
gmi_all,companies2012,cik,character varying
gmi_all,companies2013,cik,character varying
gmi_all,companies2014,cik,character varying
gmi_all,companies2015,cik,double precision
gmi_all,companies2016,cik,double precision
gmi_all,companies2017,cik,double precision
gmi_all,companies2018,cik,double precision
gmi_all,directorships,cik,character varying
gmi_all,directorships2001,cik,character varying
gmi_all,directorships2002,cik,character varying
gmi_all,names,cik,character varying
infasamp,contract_sample,cik,double precision
infasamp,organization_sample,cik,double precision
infraclear_metadata,org_metadata,cik,double precision
infraclear_metadata_old,org_metadata,cik,double precision
infraclear_samp,contract_sample,cik,double precision
infraclear_samp,organization_sample,cik,double precision
infraclear_sector_ind,con_ind,cik,character varying
infraclear_sector_ind_old,con_ind,cik,character varying
infraclear_sector_mog,con_mog,cik,character varying
infraclear_sector_mog_old,con_mog,cik,character varying
infraclear_sector_mshd,con_mshd,cik,character varying
infraclear_sector_mshd_old,con_mshd,cik,character varying
infraclear_sector_pow,con_pow,cik,character varying
infraclear_sector_pow_old,con_pow,cik,character varying
infraclear_sector_trn,con_trn,cik,character varying
infraclear_sector_trn_old,con_trn,cik,character varying
infraclear_sector_tsc,con_tsc,cik,double precision
infraclear_sector_tsc_old,con_tsc,cik,double precision
infraclr,con_ind,cik,character varying
infraclr,con_mog,cik,character varying
infraclr,con_mshd,cik,character varying
infraclr,con_pow,cik,character varying
infraclr,con_trn,cik,character varying
infraclr,con_tsc,cik,double precision
infraclr,org_metadata,cik,double precision
insdsamp,sec_derivatives,issuercik,character varying
insdsamp,sec_document_info,issuercik,character varying
insdsamp,sec_footnotes,issuercik,character varying
insdsamp,sec_nonderivatives,issuercik,character varying
insdsamp,sec_reporting_owners,issuercik,character varying
insdsamp,sec_reporting_owners,rptownercik,character varying
insdsamp,sec_signatures,issuercik,character varying
insdsamp,secbert_footnotes,issuercik,character varying
iss,beneown,cik,character varying
iss,bhown,cik,character varying
iss,companyfy,cik,character varying
iss,comppeer,cik,character varying
iss,comppeer,peercik,double precision
iss,consultant,cik,character varying
iss,dircomp,cik,character varying
iss,euro_companyfy,cik,character varying
iss,euro_comppeer,cik,character varying
iss,euro_comppeer,peercik,character varying
iss,euro_consultant,cik,character varying
iss,euro_gpbaabs,cik,character varying
iss,euro_gpbagrant,cik,character varying
iss,euro_gpbarel,cik,character varying
iss,euro_gpbarelpeer,peercik,character varying
iss,euro_gpbarelpeer,cik,character varying
iss,euro_holdingreq,cik,character varying
iss,euro_participantfy,cik,character varying
iss,euro_participantfy,participantcik,character varying
iss,euro_sumcomp,cik,character varying
iss,exervest,cik,character varying
iss,gpbaaccpeer,cik,character varying
iss,gpbaaccpeer,peercik,double precision
iss,gpbagrant,cik,character varying
iss,gpbarelpeer,cik,character varying
iss,gpbarelpeer,peercik,double precision
iss,holdingreq,cik,character varying
iss,oeoption,cik,character varying
iss,oestock,cik,character varying
iss,participantfy,cik,character varying
iss,participantfy,participantcik,double precision
iss,person_ethnicity,person_cik,character varying
iss,person_pay,person_cik,character varying
iss,sumcomp,cik,character varying
iss,symbology,cik,character varying
iss_compensation_analytics,person_pay,person_cik,character varying
iss_compensation_analytics_old,person_pay,person_cik,double precision
iss_directors_global,person_ethnicity,person_cik,character varying
iss_directors_global,symbology,cik,character varying
iss_directors_global_old,person_ethnicity,person_cik,character varying
iss_directors_global_old,symbology,cik,double precision
iss_incentive_lab,beneown,cik,character varying
iss_incentive_lab,bhown,cik,character varying
iss_incentive_lab,companyfy,cik,character varying
iss_incentive_lab,comppeer,cik,character varying
iss_incentive_lab,comppeer,peercik,double precision
iss_incentive_lab,consultant,cik,character varying
iss_incentive_lab,dircomp,cik,character varying
iss_incentive_lab,exervest,cik,character varying
iss_incentive_lab,gpbaaccpeer,cik,character varying
iss_incentive_lab,gpbaaccpeer,peercik,double precision
iss_incentive_lab,gpbagrant,cik,character varying
iss_incentive_lab,gpbarelpeer,cik,character varying
iss_incentive_lab,gpbarelpeer,peercik,double precision
iss_incentive_lab,holdingreq,cik,character varying
iss_incentive_lab,oeoption,cik,character varying
iss_incentive_lab,oestock,cik,character varying
iss_incentive_lab,participantfy,cik,character varying
iss_incentive_lab,participantfy,participantcik,double precision
iss_incentive_lab,sumcomp,cik,character varying
iss_incentive_lab_europe,euro_companyfy,cik,character varying
iss_incentive_lab_europe,euro_comppeer,cik,character varying
iss_incentive_lab_europe,euro_comppeer,peercik,character varying
iss_incentive_lab_europe,euro_consultant,cik,character varying
iss_incentive_lab_europe,euro_gpbaabs,cik,character varying
iss_incentive_lab_europe,euro_gpbagrant,cik,character varying
iss_incentive_lab_europe,euro_gpbarel,cik,character varying
iss_incentive_lab_europe,euro_gpbarelpeer,peercik,character varying
iss_incentive_lab_europe,euro_gpbarelpeer,cik,character varying
iss_incentive_lab_europe,euro_holdingreq,cik,character varying
iss_incentive_lab_europe,euro_participantfy,cik,character varying
iss_incentive_lab_europe,euro_participantfy,participantcik,character varying
iss_incentive_lab_europe,euro_sumcomp,cik,character varying
iss_incentive_lab_europe_old,euro_companyfy,cik,character varying
iss_incentive_lab_europe_old,euro_comppeer,cik,character varying
iss_incentive_lab_europe_old,euro_comppeer,peercik,character varying
iss_incentive_lab_europe_old,euro_consultant,cik,character varying
iss_incentive_lab_europe_old,euro_gpbaabs,cik,character varying
iss_incentive_lab_europe_old,euro_gpbagrant,cik,character varying
iss_incentive_lab_europe_old,euro_gpbarel,cik,character varying
iss_incentive_lab_europe_old,euro_gpbarelpeer,peercik,character varying
iss_incentive_lab_europe_old,euro_gpbarelpeer,cik,character varying
iss_incentive_lab_europe_old,euro_holdingreq,cik,character varying
iss_incentive_lab_europe_old,euro_participantfy,cik,character varying
iss_incentive_lab_europe_old,euro_participantfy,participantcik,character varying
iss_incentive_lab_europe_old,euro_sumcomp,cik,character varying
iss_incentive_lab_old,beneown,cik,character varying
iss_incentive_lab_old,bhown,cik,character varying
iss_incentive_lab_old,companyfy,cik,character varying
iss_incentive_lab_old,comppeer,cik,character varying
iss_incentive_lab_old,comppeer,peercik,double precision
iss_incentive_lab_old,consultant,cik,character varying
iss_incentive_lab_old,dircomp,cik,character varying
iss_incentive_lab_old,exervest,cik,character varying
iss_incentive_lab_old,gpbaaccpeer,cik,character varying
iss_incentive_lab_old,gpbaaccpeer,peercik,double precision
iss_incentive_lab_old,gpbagrant,cik,character varying
iss_incentive_lab_old,gpbarelpeer,cik,character varying
iss_incentive_lab_old,gpbarelpeer,peercik,double precision
iss_incentive_lab_old,holdingreq,cik,character varying
iss_incentive_lab_old,oeoption,cik,character varying
iss_incentive_lab_old,oestock,cik,character varying
iss_incentive_lab_old,participantfy,cik,character varying
iss_incentive_lab_old,participantfy,participantcik,double precision
iss_incentive_lab_old,sumcomp,cik,character varying
iss_va_mf,voteanalysis_npx,fundcik,double precision
iss_va_mf_old,voteanalysis_npx,fundcik,double precision
pitchbk,company,cikcode,character varying
pitchbk,companycikcoderelation,companyid,character varying
pitchbk,companycikcoderelation,cikcode,character varying
pitchbk,companycikcoderelation,rowid,character varying
pitchbk,companycikcoderelation,lastupdated,date
pitchbk,investor,cikcode,character varying
pitchbk,ot_glb_company,cikcode,character varying
pitchbk,ot_na_company,cikcode,character varying
pitchbk,pe_glb_company,cikcode,character varying
pitchbk,pe_na_company,cikcode,character varying
pitchbk,pitchbk_qvards,cikcode,character varying
pitchbk,vc_glb_company,cikcode,character varying
pitchbk,vc_na_company,cikcode,character varying
pitchbk_common,pitchbk_qvards,cikcode,character varying
pitchbk_common_old,pitchbk_qvards,cikcode,character varying
pitchbk_companies_deals,company,cikcode,character varying
pitchbk_companies_deals,companycikcoderelation,companyid,character varying
pitchbk_companies_deals,companycikcoderelation,cikcode,character varying
pitchbk_companies_deals,companycikcoderelation,rowid,character varying
pitchbk_companies_deals,companycikcoderelation,lastupdated,date
pitchbk_companies_deals_old,company,cikcode,character varying
pitchbk_companies_deals_old,companycikcoderelation,companyid,character varying
pitchbk_companies_deals_old,companycikcoderelation,cikcode,character varying
pitchbk_companies_deals_old,companycikcoderelation,rowid,character varying
pitchbk_companies_deals_old,companycikcoderelation,lastupdated,date
pitchbk_investors_funds_lps,investor,cikcode,character varying
pitchbk_investors_funds_lps_old,investor,cikcode,character varying
pitchbk_other_na,ot_na_company,cikcode,character varying
pitchbk_other_na_old,ot_na_company,cikcode,character varying
pitchbk_other_row,ot_glb_company,cikcode,character varying
pitchbk_other_row_old,ot_glb_company,cikcode,character varying
pitchbk_pe_na,pe_na_company,cikcode,character varying
pitchbk_pe_na_old,pe_na_company,cikcode,character varying
pitchbk_pe_row,pe_glb_company,cikcode,character varying
pitchbk_pe_row_old,pe_glb_company,cikcode,character varying
pitchbk_vc_na,vc_na_company,cikcode,character varying
pitchbk_vc_na_old,vc_na_company,cikcode,character varying
pitchbk_vc_row,vc_glb_company,cikcode,character varying
pitchbk_vc_row_old,vc_glb_company,cikcode,character varying
pitchsmp,company,cikcode,character varying
pitchsmp,companycikcoderelation,companyid,character varying
pitchsmp,companycikcoderelation,cikcode,character varying
pitchsmp,companycikcoderelation,rowid,character varying
pitchsmp,companycikcoderelation,lastupdated,date
pitchsmp,investor,cikcode,character varying
revelio,company_mapping,cik,character varying
revelio_common,company_mapping,cik,character varying
revelio_common_old,company_mapping,cik,character varying
revelio_samp,company_mapping,cik,character varying
revelio_samp_old,company_mapping,cik,character varying
revsamp,company_mapping,cik,character varying
risk,gset,cik,character varying
risk,voteanalysis_npx,fundcik,double precision
risk_governance,gset,cik,character varying
risksamp,beneown,cik,character varying
risksamp,bhown,cik,character varying
risksamp,companyfy,cik,character varying
risksamp,comppeer,cik,character varying
risksamp,comppeer,peercik,double precision
risksamp,consultant,cik,character varying
risksamp,dircomp,cik,character varying
risksamp,exervest,cik,character varying
risksamp,gpbaaccpeer,cik,character varying
risksamp,gpbaaccpeer,peercik,double precision
risksamp,gpbagrant,cik,character varying
risksamp,gpbarelpeer,cik,character varying
risksamp,gpbarelpeer,peercik,double precision
risksamp,holdingreq,cik,character varying
risksamp,oeoption,cik,character varying
risksamp,oestock,cik,character varying
risksamp,participantfy,cik,character varying
risksamp,participantfy,participantcik,double precision
risksamp,sumcomp,cik,character varying
risksamp_all,beneown,cik,character varying
risksamp_all,bhown,cik,character varying
risksamp_all,companyfy,cik,character varying
risksamp_all,comppeer,cik,character varying
risksamp_all,comppeer,peercik,double precision
risksamp_all,consultant,cik,character varying
risksamp_all,dircomp,cik,character varying
risksamp_all,exervest,cik,character varying
risksamp_all,gpbaaccpeer,cik,character varying
risksamp_all,gpbaaccpeer,peercik,double precision
risksamp_all,gpbagrant,cik,character varying
risksamp_all,gpbarelpeer,cik,character varying
risksamp_all,gpbarelpeer,peercik,double precision
risksamp_all,holdingreq,cik,character varying
risksamp_all,oeoption,cik,character varying
risksamp_all,oestock,cik,character varying
risksamp_all,participantfy,cik,character varying
risksamp_all,participantfy,participantcik,double precision
risksamp_all,sumcomp,cik,character varying
rstat,royalties,filer_cik,double precision
rstat_royalty,royalties,filer_cik,double precision
rstat_samp,royalties,filer_cik,double precision
rstatsmp,royalties,filer_cik,double precision
secsamp,_names_,cik,character varying
secsamp,_qvards_,cik,character varying
secsamp,_qvards_,cikdate1,date
secsamp,_qvards_,cikdate2,date
secsamp,_qvards_,regcik,character varying
secsamp,bow_cossim,cik,character varying
secsamp,bow_filingsummary,cik,character varying
secsamp,chars,cik,character varying
secsamp,chars,omcik,character varying
secsamp,chars,regcik,character varying
secsamp,chars,issuercik,character varying
secsamp,cisdf,cik,character varying
secsamp,dforms,cik,character varying
secsamp,document_info,regcik,character varying
secsamp,document_info,issuercik,character varying
secsamp,exhibits,cik,character varying
secsamp,fforms,cik,character varying
secsamp,forms,cik,character varying
secsamp,items8k,cik,character varying
secsamp,missing_forms,cik,character varying
secsamp,reporting_owners,rptownercik,character varying
secsamp,sample_ciks,cik,character varying
secsamp,sample_ciks,coname,character varying
secsamp,sec_item_scores,cik,character varying
secsamp,wciklink_cusip,cik,character varying
secsamp,wciklink_cusip,coname,character varying
secsamp,wciklink_cusip,cusip_full,character varying
secsamp,wciklink_cusip,cusip,character varying
secsamp,wciklink_cusip,cikdate1,date
secsamp,wciklink_cusip,cikdate2,date
secsamp,wciklink_cusip,tmatch,double precision
secsamp,wciklink_cusip,issuer,character varying
secsamp,wciklink_cusip,issue,character varying
secsamp,wciklink_cusip,issue_check,character varying
secsamp,wciklink_cusip,validated,double precision
secsamp,wciklink_gvkey,cik,character varying
secsamp,wciklink_gvkey,gvkey,character varying
secsamp,wciklink_gvkey,source,character varying
secsamp,wciklink_gvkey,link_desc,character varying
secsamp,wciklink_gvkey,sec_company_name,character varying
secsamp,wciklink_gvkey,link_company_name,character varying
secsamp,wciklink_gvkey,sec_start_date,date
secsamp,wciklink_gvkey,sec_end_date,date
secsamp,wciklink_gvkey,link_start_date,date
secsamp,wciklink_gvkey,link_end_date,date
secsamp,wciklink_gvkey,n10k,double precision
secsamp,wciklink_gvkey,n10k_nt,double precision
secsamp,wciklink_gvkey,n10k_a,double precision
secsamp,wciklink_gvkey,n10q,double precision
secsamp,wciklink_gvkey,n10q_nt,double precision
secsamp,wciklink_gvkey,n10q_a,double precision
secsamp,wciklink_gvkey,ndef,double precision
secsamp,wciklink_gvkey,n8k,double precision
secsamp,wciklink_gvkey,nlet,double precision
secsamp,wciklink_gvkey,n13d,double precision
secsamp,wciklink_gvkey,n13g,double precision
secsamp,wciklink_gvkey,n13f,double precision
secsamp,wciklink_gvkey,ntot,double precision
secsamp,wciklink_gvkey,ntot_nt,double precision
secsamp,wciklink_gvkey,ntot_a,double precision
secsamp,wciklink_names,cik,character varying
secsamp,wciklink_names,first_cik_date,date
secsamp,wciklink_names,last_cik_date,date
secsamp,wciklink_names,company_name,character varying
secsamp,wciklink_names,first_coname_date,date
secsamp,wciklink_names,last_coname_date,date
secsamp,wciklink_names,cusip,character varying
secsamp,wciklink_names,first_cusip_date,date
secsamp,wciklink_names,last_cusip_date,date
secsamp,wciklink_names,gvkey,character varying
secsamp,wciklink_names,first_gvkey_date,date
secsamp,wciklink_names,last_gvkey_date,date
secsamp,wciklink_names,ticker,character varying
secsamp,wciklink_names,first_ticker_date,date
secsamp,wciklink_names,last_ticker_date,date
secsamp,wciklink_names,first_date,date
secsamp,wciklink_names,last_date,date
secsamp,wciklink_ticker,cik,character varying
secsamp,wciklink_ticker,coname,character varying
secsamp,wciklink_ticker,ticker,character varying
secsamp,wciklink_ticker,n_records,double precision
secsamp,wciklink_ticker,ftdate,date
secsamp,wciklink_ticker,ltdate,date
secsamp,wrds_13f_holdings,cik,character varying
secsamp,wrds_13f_link,cik,character varying
secsamp,wrds_13f_summary,cik,character varying
secsamp,wrds_13f_summary,omcik,character varying
secsamp,wrds_forms,cik,character varying
secsamp,wrds_forms_reg,regcik,character varying
secsamp,wrds_nlpsa,cik,character varying
secsamp_all,_qvards_,cik,character varying
secsamp_all,_qvards_,cikdate1,date
secsamp_all,_qvards_,cikdate2,date
secsamp_all,_qvards_,regcik,character varying
secsamp_all,bow_cossim,cik,character varying
secsamp_all,bow_filingsummary,cik,character varying
secsamp_all,cisdf,cik,character varying
secsamp_all,exhibits,cik,character varying
secsamp_all,forms,cik,character varying
secsamp_all,items8k,cik,character varying
secsamp_all,sample_ciks,cik,character varying
secsamp_all,sample_ciks,coname,character varying
secsamp_all,wciklink_cusip,cik,character varying
secsamp_all,wciklink_cusip,coname,character varying
secsamp_all,wciklink_cusip,cusip_full,character varying
secsamp_all,wciklink_cusip,cusip,character varying
secsamp_all,wciklink_cusip,cikdate1,date
secsamp_all,wciklink_cusip,cikdate2,date
secsamp_all,wciklink_cusip,tmatch,double precision
secsamp_all,wciklink_cusip,issuer,character varying
secsamp_all,wciklink_cusip,issue,character varying
secsamp_all,wciklink_cusip,issue_check,character varying
secsamp_all,wciklink_cusip,validated,double precision
secsamp_all,wciklink_gvkey,cik,character varying
secsamp_all,wciklink_gvkey,gvkey,character varying
secsamp_all,wciklink_gvkey,source,character varying
secsamp_all,wciklink_gvkey,link_desc,character varying
secsamp_all,wciklink_gvkey,sec_company_name,character varying
secsamp_all,wciklink_gvkey,link_company_name,character varying
secsamp_all,wciklink_gvkey,sec_start_date,date
secsamp_all,wciklink_gvkey,sec_end_date,date
secsamp_all,wciklink_gvkey,link_start_date,date
secsamp_all,wciklink_gvkey,link_end_date,date
secsamp_all,wciklink_gvkey,n10k,double precision
secsamp_all,wciklink_gvkey,n10k_nt,double precision
secsamp_all,wciklink_gvkey,n10k_a,double precision
secsamp_all,wciklink_gvkey,n10q,double precision
secsamp_all,wciklink_gvkey,n10q_nt,double precision
secsamp_all,wciklink_gvkey,n10q_a,double precision
secsamp_all,wciklink_gvkey,ndef,double precision
secsamp_all,wciklink_gvkey,n8k,double precision
secsamp_all,wciklink_gvkey,nlet,double precision
secsamp_all,wciklink_gvkey,n13d,double precision
secsamp_all,wciklink_gvkey,n13g,double precision
secsamp_all,wciklink_gvkey,n13f,double precision
secsamp_all,wciklink_gvkey,ntot,double precision
secsamp_all,wciklink_gvkey,ntot_nt,double precision
secsamp_all,wciklink_gvkey,ntot_a,double precision
secsamp_all,wciklink_names,cik,character varying
secsamp_all,wciklink_names,first_cik_date,date
secsamp_all,wciklink_names,last_cik_date,date
secsamp_all,wciklink_names,company_name,character varying
secsamp_all,wciklink_names,first_coname_date,date
secsamp_all,wciklink_names,last_coname_date,date
secsamp_all,wciklink_names,cusip,character varying
secsamp_all,wciklink_names,first_cusip_date,date
secsamp_all,wciklink_names,last_cusip_date,date
secsamp_all,wciklink_names,gvkey,character varying
secsamp_all,wciklink_names,first_gvkey_date,date
secsamp_all,wciklink_names,last_gvkey_date,date
secsamp_all,wciklink_names,ticker,character varying
secsamp_all,wciklink_names,first_ticker_date,date
secsamp_all,wciklink_names,last_ticker_date,date
secsamp_all,wciklink_names,first_date,date
secsamp_all,wciklink_names,last_date,date
secsamp_all,wciklink_ticker,cik,character varying
secsamp_all,wciklink_ticker,coname,character varying
secsamp_all,wciklink_ticker,ticker,character varying
secsamp_all,wciklink_ticker,n_records,double precision
secsamp_all,wciklink_ticker,ftdate,date
secsamp_all,wciklink_ticker,ltdate,date
secsamp_all,wrds_13f_holdings,cik,character varying
secsamp_all,wrds_13f_link,cik,character varying
secsamp_all,wrds_13f_summary,cik,character varying
secsamp_all,wrds_13f_summary,omcik,character varying
secsamp_all,wrds_forms,cik,character varying
secsamp_all,wrds_forms_reg,regcik,character varying
secsamp_all,wrds_nlpsa,cik,character varying
secsamp_all_old,_names_,cik,character varying
secsamp_all_old,_qvards_,cik,character varying
secsamp_all_old,_qvards_,cikdate1,date
secsamp_all_old,_qvards_,cikdate2,date
secsamp_all_old,_qvards_,regcik,character varying
secsamp_all_old,bow_cossim,cik,character varying
secsamp_all_old,bow_filingsummary,cik,character varying
secsamp_all_old,chars,cik,character varying
secsamp_all_old,chars,omcik,character varying
secsamp_all_old,chars,regcik,character varying
secsamp_all_old,chars,issuercik,character varying
secsamp_all_old,cisdf,cik,character varying
secsamp_all_old,dforms,cik,character varying
secsamp_all_old,document_info,regcik,character varying
secsamp_all_old,document_info,issuercik,character varying
secsamp_all_old,exhibits,cik,character varying
secsamp_all_old,fforms,cik,character varying
secsamp_all_old,forms,cik,character varying
secsamp_all_old,items8k,cik,character varying
secsamp_all_old,missing_forms,cik,character varying
secsamp_all_old,reporting_owners,rptownercik,character varying
secsamp_all_old,sample_ciks,cik,character varying
secsamp_all_old,sample_ciks,coname,character varying
secsamp_all_old,sec_item_scores,cik,character varying
secsamp_all_old,wciklink_cusip,cik,character varying
secsamp_all_old,wciklink_cusip,coname,character varying
secsamp_all_old,wciklink_cusip,cusip_full,character varying
secsamp_all_old,wciklink_cusip,cusip,character varying
secsamp_all_old,wciklink_cusip,cikdate1,date
secsamp_all_old,wciklink_cusip,cikdate2,date
secsamp_all_old,wciklink_cusip,tmatch,double precision
secsamp_all_old,wciklink_cusip,issuer,character varying
secsamp_all_old,wciklink_cusip,issue,character varying
secsamp_all_old,wciklink_cusip,issue_check,character varying
secsamp_all_old,wciklink_cusip,validated,double precision
secsamp_all_old,wciklink_gvkey,cik,character varying
secsamp_all_old,wciklink_gvkey,gvkey,character varying
secsamp_all_old,wciklink_gvkey,source,character varying
secsamp_all_old,wciklink_gvkey,link_desc,character varying
secsamp_all_old,wciklink_gvkey,sec_company_name,character varying
secsamp_all_old,wciklink_gvkey,link_company_name,character varying
secsamp_all_old,wciklink_gvkey,sec_start_date,date
secsamp_all_old,wciklink_gvkey,sec_end_date,date
secsamp_all_old,wciklink_gvkey,link_start_date,date
secsamp_all_old,wciklink_gvkey,link_end_date,date
secsamp_all_old,wciklink_gvkey,n10k,double precision
secsamp_all_old,wciklink_gvkey,n10k_nt,double precision
secsamp_all_old,wciklink_gvkey,n10k_a,double precision
secsamp_all_old,wciklink_gvkey,n10q,double precision
secsamp_all_old,wciklink_gvkey,n10q_nt,double precision
secsamp_all_old,wciklink_gvkey,n10q_a,double precision
secsamp_all_old,wciklink_gvkey,ndef,double precision
secsamp_all_old,wciklink_gvkey,n8k,double precision
secsamp_all_old,wciklink_gvkey,nlet,double precision
secsamp_all_old,wciklink_gvkey,n13d,double precision
secsamp_all_old,wciklink_gvkey,n13g,double precision
secsamp_all_old,wciklink_gvkey,n13f,double precision
secsamp_all_old,wciklink_gvkey,ntot,double precision
secsamp_all_old,wciklink_gvkey,ntot_nt,double precision
secsamp_all_old,wciklink_gvkey,ntot_a,double precision
secsamp_all_old,wciklink_names,cik,character varying
secsamp_all_old,wciklink_names,first_cik_date,date
secsamp_all_old,wciklink_names,last_cik_date,date
secsamp_all_old,wciklink_names,company_name,character varying
secsamp_all_old,wciklink_names,first_coname_date,date
secsamp_all_old,wciklink_names,last_coname_date,date
secsamp_all_old,wciklink_names,cusip,character varying
secsamp_all_old,wciklink_names,first_cusip_date,date
secsamp_all_old,wciklink_names,last_cusip_date,date
secsamp_all_old,wciklink_names,gvkey,character varying
secsamp_all_old,wciklink_names,first_gvkey_date,date
secsamp_all_old,wciklink_names,last_gvkey_date,date
secsamp_all_old,wciklink_names,ticker,character varying
secsamp_all_old,wciklink_names,first_ticker_date,date
secsamp_all_old,wciklink_names,last_ticker_date,date
secsamp_all_old,wciklink_names,first_date,date
secsamp_all_old,wciklink_names,last_date,date
secsamp_all_old,wciklink_ticker,cik,character varying
secsamp_all_old,wciklink_ticker,coname,character varying
secsamp_all_old,wciklink_ticker,ticker,character varying
secsamp_all_old,wciklink_ticker,n_records,double precision
secsamp_all_old,wciklink_ticker,ftdate,date
secsamp_all_old,wciklink_ticker,ltdate,date
secsamp_all_old,wrds_13f_holdings,cik,character varying
secsamp_all_old,wrds_13f_link,cik,character varying
secsamp_all_old,wrds_13f_summary,cik,character varying
secsamp_all_old,wrds_13f_summary,omcik,character varying
secsamp_all_old,wrds_forms,cik,character varying
secsamp_all_old,wrds_forms_reg,regcik,character varying
secsamp_all_old,wrds_nlpsa,cik,character varying
snapsamp,chars,cik,character varying
snapsamp,wrds_cs_names,cik,character varying
sprat,eident_names,cik,character varying
sprat,erating_names,cik,character varying
sprat,imrating_names,cik,character varying
sprat,irating_names,cik,character varying
sprat,qvars,cik,character varying
spre,apac_company,cik,character varying
spre,company,cik,character varying
spre,emea_company,cik,character varying
spre,latam_company,cik,character varying
spre,na_funda,cik,character varying
spre,na_fundq,cik,character varying
spre,na_secd,cik,character varying
spre,na_secm,cik,character varying
spre_apac,apac_company,cik,character varying
spre_apac_old,apac_company,cik,character varying
spre_emea,emea_company,cik,character varying
spre_emea_old,emea_company,cik,character varying
spre_latam,latam_company,cik,character varying
spre_latam_old,latam_company,cik,character varying
spre_na,company,cik,character varying
spre_na,na_funda,cik,character varying
spre_na,na_fundq,cik,character varying
spre_na,na_secd,cik,character varying
spre_na,na_secm,cik,character varying
spre_na_old,company,cik,character varying
spre_na_old,na_funda,cik,character varying
spre_na_old,na_fundq,cik,character varying
spre_na_old,na_secd,cik,character varying
spre_na_old,na_secm,cik,character varying
spre_usa,company,cik,character varying
spre_usa,na_funda,cik,character varying
spre_usa,na_fundq,cik,character varying
spre_usa,na_secd,cik,character varying
spre_usa,na_secm,cik,character varying
spre_usa_old,company,cik,character varying
spre_usa_old,na_funda,cik,character varying
spre_usa_old,na_fundq,cik,character varying
spre_usa_old,na_secd,cik,character varying
spre_usa_old,na_secm,cik,character varying
tfn_common,permorgref,cik,character varying
tr_common,permorgref,cik,character varying
tr_common_old,permorgref,cik,character varying
tr_ownership,chars,cikcode,character varying
tr_ownership,owninfo,cikcode,character varying
tr_ownership,wrds_ownids,cikcode,character varying
tr_ownership_old,chars,cikcode,character varying
tr_ownership_old,owninfo,cikcode,character varying
tr_ownership_old,wrds_ownids,cikcode,character varying
trcommon,permorgref,cik,character varying
trown,chars,cikcode,character varying
trown,owninfo,cikcode,character varying
trown,wrds_ownids,cikcode,character varying
wabssamp,autolease,cik,character varying
wabssamp,autoloan,cik,character varying
wabssamp,cmbs,cik,character varying
wabssamp,debtsecurities,cik,character varying
wabssamp,debtsecurities,underlyingcik,character varying
wharton_shared_data,nsar_headers,owner_cik,character varying
wmfsmp,nsar_headers,owner_cik,character varying
wrds_abs,autolease,cik,character varying
wrds_abs,autoloan,cik,character varying
wrds_abs,cmbs,cik,character varying
wrds_abs,debtsecurities,cik,character varying
wrds_abs,debtsecurities,underlyingcik,character varying
wrds_abs_old,autolease,cik,character varying
wrds_abs_old,autoloan,cik,character varying
wrds_abs_old,cmbs,cik,character varying
wrds_abs_old,debtsecurities,cik,character varying
wrds_abs_old,debtsecurities,underlyingcik,character varying
wrds_abs_samp,autolease,cik,character varying
wrds_abs_samp,autoloan,cik,character varying
wrds_abs_samp,cmbs,cik,character varying
wrds_abs_samp,debtsecurities,cik,character varying
wrds_abs_samp,debtsecurities,underlyingcik,character varying
wrds_abs_samp_old,autolease,cik,character varying
wrds_abs_samp_old,autoloan,cik,character varying
wrds_abs_samp_old,cmbs,cik,character varying
wrds_abs_samp_old,debtsecurities,cik,character varying
wrds_abs_samp_old,debtsecurities,underlyingcik,character varying
wrds_insiders,sec_derivatives,issuercik,character varying
wrds_insiders,sec_document_info,issuercik,character varying
wrds_insiders,sec_footnotes,issuercik,character varying
wrds_insiders,sec_nonderivatives,issuercik,character varying
wrds_insiders,sec_reporting_owners,issuercik,character varying
wrds_insiders,sec_reporting_owners,rptownercik,character varying
wrds_insiders,sec_signatures,issuercik,character varying
wrds_insiders,secbert_footnotes,issuercik,character varying
wrds_insiders,secbert_footnotes_old,issuercik,character varying
wrds_insiders_old,sec_derivatives,issuercik,character varying
wrds_insiders_old,sec_document_info,issuercik,character varying
wrds_insiders_old,sec_footnotes,issuercik,character varying
wrds_insiders_old,sec_nonderivatives,issuercik,character varying
wrds_insiders_old,sec_reporting_owners,issuercik,character varying
wrds_insiders_old,sec_reporting_owners,rptownercik,character varying
wrds_insiders_old,sec_signatures,issuercik,character varying
wrds_insiders_old,secbert_footnotes,issuercik,character varying
wrds_insiders_samp,sec_derivatives,issuercik,character varying
wrds_insiders_samp,sec_document_info,issuercik,character varying
wrds_insiders_samp,sec_footnotes,issuercik,character varying
wrds_insiders_samp,sec_nonderivatives,issuercik,character varying
wrds_insiders_samp,sec_reporting_owners,issuercik,character varying
wrds_insiders_samp,sec_reporting_owners,rptownercik,character varying
wrds_insiders_samp,sec_signatures,issuercik,character varying
wrds_insiders_samp,secbert_footnotes,issuercik,character varying
wrds_insiders_samp_old,sec_document_info,issuercik,character varying
wrds_mutualfund,chars_ncen,cik,character varying
wrds_mutualfund,nsar_headers,owner_cik,character varying
wrds_mutualfund,registrant,cik,character varying
wrds_mutualfund,series_cik,accession_number,character varying
wrds_mutualfund,series_cik,series_cik,character varying
wrds_mutualfund,series_cik,xbrlfdate,date
wrds_mutualfund,wncen_fund_reported_info,cik,character varying
wrds_mutualfund,wncen_fund_tickers,cik,character varying
wrds_mutualfund,wnport_fund_reported_info,cik,character varying
wrds_mutualfund,wnport_wncen_combined_holding,cik,character varying
wrds_mutualfund,wnport_wncen_combined_holding,fixed_cik,character varying
wrds_mutualfund_old,registrant,cik,character varying
wrds_mutualfund_old,series_cik,accession_number,character varying
wrds_mutualfund_old,series_cik,series_cik,character varying
wrds_mutualfund_old,series_cik,xbrlfdate,date
wrds_mutualfund_old,submission,cik,character varying
wrds_mutualfund_old,wncen_fund_reported_info,cik,character varying
wrds_mutualfund_old,wncen_fund_tickers,cik,character varying
wrds_mutualfund_samp,nsar_headers,owner_cik,character varying
wrds_sec_search,registrant,cik,text
wrds_xbrl_fundamental,wrds_fs_coregistrants,cik,character varying
wrds_xbrl_fundamental,wrds_fs_coregistrants,cik_coregistrant,character varying
wrds_xbrl_fundamental,wrds_fs_funda,cik,character varying
wrds_xbrl_fundamental,wrds_fsn_coregistrants,cik,character varying
wrds_xbrl_fundamental,wrds_fsn_coregistrants,cik_coregistrant,character varying
wrds_xbrl_fundamental,wrds_fsn_funda,cik,character varying
wrds_xbrl_fundamental,xbrl_fs_sub,cik,character varying
wrds_xbrl_fundamental,xbrl_fs_sub,nciks,double precision
wrds_xbrl_fundamental,xbrl_fs_sub,aciks,character varying
wrds_xbrl_fundamental,xbrl_fsn_sub,cik,character varying
wrds_xbrl_fundamental,xbrl_fsn_sub,nciks,double precision
wrds_xbrl_fundamental,xbrl_fsn_sub,aciks,character varying
wrds_xbrl_fundamental_old,wrds_fs_coregistrants,cik,character varying
wrds_xbrl_fundamental_old,wrds_fs_coregistrants,cik_coregistrant,character varying
wrds_xbrl_fundamental_old,wrds_fs_funda,cik,character varying
wrds_xbrl_fundamental_old,wrds_fsn_coregistrants,cik,character varying
wrds_xbrl_fundamental_old,wrds_fsn_coregistrants,cik_coregistrant,character varying
wrds_xbrl_fundamental_old,wrds_fsn_funda,cik,character varying
wrds_xbrl_fundamental_old,xbrl_fs_sub,cik,character varying
wrds_xbrl_fundamental_old,xbrl_fs_sub,nciks,double precision
wrds_xbrl_fundamental_old,xbrl_fs_sub,aciks,character varying
wrds_xbrl_fundamental_old,xbrl_fsn_sub,cik,character varying
wrds_xbrl_fundamental_old,xbrl_fsn_sub,nciks,double precision
wrds_xbrl_fundamental_old,xbrl_fsn_sub,aciks,character varying
wrdsabs,autolease,cik,character varying
wrdsabs,autoloan,cik,character varying
wrdsabs,cmbs,cik,character varying
wrdsabs,debtsecurities,cik,character varying
wrdsabs,debtsecurities,underlyingcik,character varying
wrdsapps,boardex_ciq,cikcode,double precision
wrdsapps,chars,cik,character varying
wrdsapps,chars,omcik,character varying
wrdsapps,chars,regcik,character varying
wrdsapps,chars,issuercik,character varying
wrdsapps,wrds_relationships,cik,character varying
wrdsapps_plink_boardex_ciq,boardex_ciq,cikcode,double precision
wrdsapps_plink_boardex_ciq_old,boardex_ciq,cikcode,double precision
wrdsapps_subsidiary,chars,cik,character varying
wrdsapps_subsidiary,chars,omcik,character varying
wrdsapps_subsidiary,chars,regcik,character varying
wrdsapps_subsidiary,chars,issuercik,character varying
wrdsapps_subsidiary,wrds_relationships,cik,character varying
wrdsapps_subsidiary_old,chars,cik,character varying
wrdsapps_subsidiary_old,chars,omcik,character varying
wrdsapps_subsidiary_old,chars,regcik,character varying
wrdsapps_subsidiary_old,chars,issuercik,character varying
wrdsapps_subsidiary_old,wrds_relationships,cik,character varying
wrdsfd,wrds_fs_coregistrants,cik,character varying
wrdsfd,wrds_fs_coregistrants,cik_coregistrant,character varying
wrdsfd,wrds_fs_funda,cik,character varying
wrdsfd,wrds_fsn_coregistrants,cik,character varying
wrdsfd,wrds_fsn_coregistrants,cik_coregistrant,character varying
wrdsfd,wrds_fsn_funda,cik,character varying
wrdsfd,xbrl_fs_sub,cik,character varying
wrdsfd,xbrl_fs_sub,nciks,double precision
wrdsfd,xbrl_fs_sub,aciks,character varying
wrdsfd,xbrl_fsn_sub,cik,character varying
wrdsfd,xbrl_fsn_sub,nciks,double precision
wrdsfd,xbrl_fsn_sub,aciks,character varying
wrdsinsd,sec_derivatives,issuercik,character varying
wrdsinsd,sec_document_info,issuercik,character varying
wrdsinsd,sec_footnotes,issuercik,character varying
wrdsinsd,sec_nonderivatives,issuercik,character varying
wrdsinsd,sec_reporting_owners,issuercik,character varying
wrdsinsd,sec_reporting_owners,rptownercik,character varying
wrdsinsd,sec_signatures,issuercik,character varying
wrdsinsd,secbert_footnotes,issuercik,character varying
wrdsinsd,secbert_footnotes_old,issuercik,character varying
wrdsmf,chars_ncen,cik,character varying
wrdsmf,nsar_headers,owner_cik,character varying
wrdsmf,registrant,cik,character varying
wrdsmf,series_cik,accession_number,character varying
wrdsmf,series_cik,series_cik,character varying
wrdsmf,series_cik,xbrlfdate,date
wrdsmf,wncen_fund_reported_info,cik,character varying
wrdsmf,wncen_fund_tickers,cik,character varying
wrdsmf,wnport_fund_reported_info,cik,character varying
wrdsmf,wnport_wncen_combined_holding,cik,character varying
wrdsmf,wnport_wncen_combined_holding,fixed_cik,character varying
wrdssec,_qvards_,cik,character varying
wrdssec,_qvards_,cikdate1,date
wrdssec,_qvards_,cikdate2,date
wrdssec,_qvards_,regcik,character varying
wrdssec,bow_cossim,cik,character varying
wrdssec,bow_filingsummary,cik,character varying
wrdssec,chars,cik,character varying
wrdssec,chars,omcik,character varying
wrdssec,chars,regcik,character varying
wrdssec,chars,issuercik,character varying
wrdssec,chars,rptownercik,character varying
wrdssec,cisdf,cik,character varying
wrdssec,derivatives,issuercik,character varying
wrdssec,dforms,cik,character varying
wrdssec,document_info,issuercik,character varying
wrdssec,exhibits,cik,character varying
wrdssec,fforms,cik,character varying
wrdssec,footnotes,issuercik,character varying
wrdssec,forms,cik,character varying
wrdssec,issuercredentials,cik,character varying
wrdssec,items8k,cik,character varying
wrdssec,missing_forms,cik,character varying
wrdssec,nonderivatives,issuercik,character varying
wrdssec,nsar_headers,owner_cik,character varying
wrdssec,registrantinfo,registrantcik,character varying
wrdssec,reporting_owners,issuercik,character varying
wrdssec,reporting_owners,rptownercik,character varying
wrdssec,sec_item_scores,cik,character varying
wrdssec,sec_item_scores_trans,cik,character varying
wrdssec,sec_item_words_filings,cik,character varying
wrdssec,seriescik,seriesciks_ordinal,double precision
wrdssec,seriescik,seriescik_ordinal,double precision
wrdssec,seriescik,seriescik_cik,character varying
wrdssec,seriescik,id,character varying
wrdssec,seriesciks,notregistrantseparateinsuranceac,double precision
wrdssec,seriesciks,seriesciks_ordinal,double precision
wrdssec,seriesciks,id,character varying
wrdssec,signatures,issuercik,character varying
wrdssec,table1,issuercik,character varying
wrdssec,table1,rptownercik,character varying
wrdssec,table2,issuercik,character varying
wrdssec,table2,rptownercik,character varying
wrdssec,table3,issuercik,character varying
wrdssec,table3,rptownercik,character varying
wrdssec,wciklink_cusip,cik,character varying
wrdssec,wciklink_cusip,coname,character varying
wrdssec,wciklink_cusip,cusip_full,character varying
wrdssec,wciklink_cusip,cusip,character varying
wrdssec,wciklink_cusip,cikdate1,date
wrdssec,wciklink_cusip,cikdate2,date
wrdssec,wciklink_cusip,tmatch,double precision
wrdssec,wciklink_cusip,issuer,character varying
wrdssec,wciklink_cusip,issue,character varying
wrdssec,wciklink_cusip,issue_check,character varying
wrdssec,wciklink_cusip,validated,double precision
wrdssec,wciklink_gvkey,cik,character varying
wrdssec,wciklink_gvkey,gvkey,character varying
wrdssec,wciklink_gvkey,source,character varying
wrdssec,wciklink_gvkey,link_desc,character varying
wrdssec,wciklink_gvkey,sec_company_name,character varying
wrdssec,wciklink_gvkey,link_company_name,character varying
wrdssec,wciklink_gvkey,sec_start_date,date
wrdssec,wciklink_gvkey,sec_end_date,date
wrdssec,wciklink_gvkey,link_start_date,date
wrdssec,wciklink_gvkey,link_end_date,date
wrdssec,wciklink_gvkey,n10k,numeric
wrdssec,wciklink_gvkey,n10k_nt,numeric
wrdssec,wciklink_gvkey,n10k_a,numeric
wrdssec,wciklink_gvkey,n10q,numeric
wrdssec,wciklink_gvkey,n10q_nt,numeric
wrdssec,wciklink_gvkey,n10q_a,numeric
wrdssec,wciklink_gvkey,ndef,numeric
wrdssec,wciklink_gvkey,n8k,numeric
wrdssec,wciklink_gvkey,nlet,numeric
wrdssec,wciklink_gvkey,n13d,numeric
wrdssec,wciklink_gvkey,n13g,numeric
wrdssec,wciklink_gvkey,n13f,numeric
wrdssec,wciklink_gvkey,ntot,numeric
wrdssec,wciklink_gvkey,ntot_nt,numeric
wrdssec,wciklink_gvkey,ntot_a,numeric
wrdssec,wciklink_names,cik,character varying
wrdssec,wciklink_names,first_cik_date,date
wrdssec,wciklink_names,last_cik_date,date
wrdssec,wciklink_names,company_name,character varying
wrdssec,wciklink_names,first_coname_date,date
wrdssec,wciklink_names,last_coname_date,date
wrdssec,wciklink_names,cusip,character varying
wrdssec,wciklink_names,first_cusip_date,date
wrdssec,wciklink_names,last_cusip_date,date
wrdssec,wciklink_names,gvkey,character varying
wrdssec,wciklink_names,first_gvkey_date,date
wrdssec,wciklink_names,last_gvkey_date,date
wrdssec,wciklink_names,ticker,character varying
wrdssec,wciklink_names,first_ticker_date,date
wrdssec,wciklink_names,last_ticker_date,date
wrdssec,wciklink_names,first_date,date
wrdssec,wciklink_names,last_date,date
wrdssec,wciklink_ticker,cik,character varying
wrdssec,wciklink_ticker,coname,character varying
wrdssec,wciklink_ticker,ticker,character varying
wrdssec,wciklink_ticker,n_records,double precision
wrdssec,wciklink_ticker,ftdate,date
wrdssec,wciklink_ticker,ltdate,date
wrdssec,wncen_cef_fund,registrantcik,character varying
wrdssec,wncen_cef_longtermdebtdefault,registrantcik,character varying
wrdssec,wncen_cef_rightsoffering,registrantcik,character varying
wrdssec,wncen_cef_securityrelateditems,registrantcik,character varying
wrdssec,wncen_etf_aps,registrantcik,character varying
wrdssec,wncen_etf_fund,registrantcik,character varying
wrdssec,wncen_fund,cik,character varying
wrdssec,wncen_fund,registrantcik,character varying
wrdssec,wncen_fund_admin,registrantcik,character varying
wrdssec,wncen_fund_broker,registrantcik,character varying
wrdssec,wncen_fund_brokerdealer,registrantcik,character varying
wrdssec,wncen_fund_custodian,registrantcik,character varying
wrdssec,wncen_fund_feederinfo,registrantcik,character varying
wrdssec,wncen_fund_foreigninv,registrantcik,character varying
wrdssec,wncen_fund_invadv,registrantcik,character varying
wrdssec,wncen_fund_masterinfo,registrantcik,character varying
wrdssec,wncen_fund_pricingservice,registrantcik,character varying
wrdssec,wncen_fund_prtransaction,registrantcik,character varying
wrdssec,wncen_fund_seclending,registrantcik,character varying
wrdssec,wncen_fund_shareclasses,registrantcik,character varying
wrdssec,wncen_fund_shservagent,registrantcik,character varying
wrdssec,wncen_fund_subadv,registrantcik,character varying
wrdssec,wncen_fund_transferagent,registrantcik,character varying
wrdssec,wncen_reg_accountant,registrantcik,character varying
wrdssec,wncen_reg_director,registrantcik,character varying
wrdssec,wncen_reg_locbookrec,registrantcik,character varying
wrdssec,wncen_reg_underwriter,registrantcik,character varying
wrdssec,wncen_uit_admins,registrantcik,character varying
wrdssec,wncen_uit_contractsecurities,registrantcik,character varying
wrdssec,wncen_uit_depositors,registrantcik,character varying
wrdssec,wncen_uit_divestments,registrantcik,character varying
wrdssec,wncen_uit_fund,registrantcik,character varying
wrdssec,wncen_uit_nrsi,registrantcik,character varying
wrdssec,wncen_uit_nrsi,seriescik,character varying
wrdssec,wncen_uit_registrantheldsec,registrantcik,character varying
wrdssec,wrds_13f_holdings,cik,character varying
wrdssec,wrds_13f_link,cik,character varying
wrdssec,wrds_13f_summary,cik,character varying
wrdssec,wrds_13f_summary,omcik,character varying
wrdssec,wrds_forms,cik,character varying
wrdssec,wrds_forms_reg,regcik,character varying
wrdssec,wrds_nlpsa,cik,character varying
wrdssec,wrds_vc_form1a,cik,character varying
wrdssec,wrds_vc_form1a,coissuercik,character varying
wrdssec,wrds_vc_form1a,empinfocik,character varying
wrdssec,wrds_vc_form1k,cik,character varying
wrdssec,wrds_vc_form1k,coissuercik,character varying
wrdssec,wrds_vc_form1k,issuercik,character varying
wrdssec,wrds_vc_form1z,cik,character varying
wrdssec,wrds_vc_form1z,coissuercik,character varying
wrdssec,wrds_vc_form1z,signaturecik,character varying
wrdssec,wrds_vc_formc,filercik,character varying
wrdssec,wrds_vc_formc,commissioncik,character varying
wrdssec,wrds_vc_formd,primarycik,character varying
wrdssec,wrds_vc_formd,issuer_cik,character varying
wrdssec,wrds_vc_formd,regcik,character varying
wrdssec_all,dforms,cik,character varying
wrdssec_all,exhibits,cik,character varying
wrdssec_all,fforms,cik,character varying
wrdssec_all,forms,cik,character varying
wrdssec_all,items8k,cik,character varying
wrdssec_all,missing_forms,cik,character varying
wrdssec_all,wrds_13f_holdings,cik,character varying
wrdssec_all,wrds_13f_link,cik,character varying
wrdssec_all,wrds_13f_summary,cik,character varying
wrdssec_all,wrds_13f_summary,omcik,character varying
wrdssec_all,wrds_forms,cik,character varying
wrdssec_all,wrds_forms_reg,regcik,character varying
wrdssec_all,wrds_vc_form1a,cik,character varying
wrdssec_all,wrds_vc_form1a,coissuercik,character varying
wrdssec_all,wrds_vc_form1a,empinfocik,character varying
wrdssec_all,wrds_vc_form1k,cik,character varying
wrdssec_all,wrds_vc_form1k,coissuercik,character varying
wrdssec_all,wrds_vc_form1k,issuercik,character varying
wrdssec_all,wrds_vc_form1z,cik,character varying
wrdssec_all,wrds_vc_form1z,coissuercik,character varying
wrdssec_all,wrds_vc_form1z,signaturecik,character varying
wrdssec_all,wrds_vc_formc,filercik,character varying
wrdssec_all,wrds_vc_formc,commissioncik,character varying
wrdssec_all,wrds_vc_formd,primarycik,character varying
wrdssec_all,wrds_vc_formd,issuer_cik,character varying
wrdssec_all,wrds_vc_formd,regcik,character varying
wrdssec_all_old,dforms,cik,character varying
wrdssec_all_old,exhibits,cik,character varying
wrdssec_all_old,fforms,cik,character varying
wrdssec_all_old,forms,cik,character varying
wrdssec_all_old,items8k,cik,character varying
wrdssec_all_old,missing_forms,cik,character varying
wrdssec_all_old,wrds_13f_holdings,cik,character varying
wrdssec_all_old,wrds_13f_link,cik,character varying
wrdssec_all_old,wrds_13f_summary,cik,character varying
wrdssec_all_old,wrds_13f_summary,omcik,character varying
wrdssec_all_old,wrds_forms,cik,character varying
wrdssec_all_old,wrds_forms_reg,regcik,character varying
wrdssec_all_old,wrds_vc_form1a,cik,character varying
wrdssec_all_old,wrds_vc_form1a,coissuercik,character varying
wrdssec_all_old,wrds_vc_form1a,empinfocik,character varying
wrdssec_all_old,wrds_vc_form1k,cik,character varying
wrdssec_all_old,wrds_vc_form1k,coissuercik,character varying
wrdssec_all_old,wrds_vc_form1k,issuercik,character varying
wrdssec_all_old,wrds_vc_form1z,cik,character varying
wrdssec_all_old,wrds_vc_form1z,coissuercik,character varying
wrdssec_all_old,wrds_vc_form1z,signaturecik,character varying
wrdssec_all_old,wrds_vc_formc,filercik,character varying
wrdssec_all_old,wrds_vc_formc,commissioncik,character varying
wrdssec_all_old,wrds_vc_formd,primarycik,character varying
wrdssec_all_old,wrds_vc_formd,issuer_cik,character varying
wrdssec_all_old,wrds_vc_formd,regcik,character varying
wrdssec_bow,bow_cossim,cik,character varying
wrdssec_bow,bow_filingsummary,cik,character varying
wrdssec_bow_old,bow_cossim,cik,character varying
wrdssec_bow_old,bow_filingsummary,cik,character varying
wrdssec_common,_qvards_,cik,character varying
wrdssec_common,_qvards_,cikdate1,date
wrdssec_common,_qvards_,cikdate2,date
wrdssec_common,_qvards_,regcik,character varying
wrdssec_common,chars,cik,character varying
wrdssec_common,chars,omcik,character varying
wrdssec_common,chars,regcik,character varying
wrdssec_common,chars,issuercik,character varying
wrdssec_common,chars,rptownercik,character varying
wrdssec_common,cisdf,cik,character varying
wrdssec_common,wciklink_cusip,cik,character varying
wrdssec_common,wciklink_cusip,coname,character varying
wrdssec_common,wciklink_cusip,cusip_full,character varying
wrdssec_common,wciklink_cusip,cusip,character varying
wrdssec_common,wciklink_cusip,cikdate1,date
wrdssec_common,wciklink_cusip,cikdate2,date
wrdssec_common,wciklink_cusip,tmatch,double precision
wrdssec_common,wciklink_cusip,issuer,character varying
wrdssec_common,wciklink_cusip,issue,character varying
wrdssec_common,wciklink_cusip,issue_check,character varying
wrdssec_common,wciklink_cusip,validated,double precision
wrdssec_common,wciklink_gvkey,cik,character varying
wrdssec_common,wciklink_gvkey,gvkey,character varying
wrdssec_common,wciklink_gvkey,source,character varying
wrdssec_common,wciklink_gvkey,link_desc,character varying
wrdssec_common,wciklink_gvkey,sec_company_name,character varying
wrdssec_common,wciklink_gvkey,link_company_name,character varying
wrdssec_common,wciklink_gvkey,sec_start_date,date
wrdssec_common,wciklink_gvkey,sec_end_date,date
wrdssec_common,wciklink_gvkey,link_start_date,date
wrdssec_common,wciklink_gvkey,link_end_date,date
wrdssec_common,wciklink_gvkey,n10k,numeric
wrdssec_common,wciklink_gvkey,n10k_nt,numeric
wrdssec_common,wciklink_gvkey,n10k_a,numeric
wrdssec_common,wciklink_gvkey,n10q,numeric
wrdssec_common,wciklink_gvkey,n10q_nt,numeric
wrdssec_common,wciklink_gvkey,n10q_a,numeric
wrdssec_common,wciklink_gvkey,ndef,numeric
wrdssec_common,wciklink_gvkey,n8k,numeric
wrdssec_common,wciklink_gvkey,nlet,numeric
wrdssec_common,wciklink_gvkey,n13d,numeric
wrdssec_common,wciklink_gvkey,n13g,numeric
wrdssec_common,wciklink_gvkey,n13f,numeric
wrdssec_common,wciklink_gvkey,ntot,numeric
wrdssec_common,wciklink_gvkey,ntot_nt,numeric
wrdssec_common,wciklink_gvkey,ntot_a,numeric
wrdssec_common,wciklink_names,cik,character varying
wrdssec_common,wciklink_names,first_cik_date,date
wrdssec_common,wciklink_names,last_cik_date,date
wrdssec_common,wciklink_names,company_name,character varying
wrdssec_common,wciklink_names,first_coname_date,date
wrdssec_common,wciklink_names,last_coname_date,date
wrdssec_common,wciklink_names,cusip,character varying
wrdssec_common,wciklink_names,first_cusip_date,date
wrdssec_common,wciklink_names,last_cusip_date,date
wrdssec_common,wciklink_names,gvkey,character varying
wrdssec_common,wciklink_names,first_gvkey_date,date
wrdssec_common,wciklink_names,last_gvkey_date,date
wrdssec_common,wciklink_names,ticker,character varying
wrdssec_common,wciklink_names,first_ticker_date,date
wrdssec_common,wciklink_names,last_ticker_date,date
wrdssec_common,wciklink_names,first_date,date
wrdssec_common,wciklink_names,last_date,date
wrdssec_common,wciklink_ticker,cik,character varying
wrdssec_common,wciklink_ticker,coname,character varying
wrdssec_common,wciklink_ticker,ticker,character varying
wrdssec_common,wciklink_ticker,n_records,double precision
wrdssec_common,wciklink_ticker,ftdate,date
wrdssec_common,wciklink_ticker,ltdate,date
wrdssec_common_old,_qvards_,cik,character varying
wrdssec_common_old,_qvards_,cikdate1,date
wrdssec_common_old,_qvards_,cikdate2,date
wrdssec_common_old,_qvards_,regcik,character varying
wrdssec_common_old,chars,cik,character varying
wrdssec_common_old,chars,omcik,character varying
wrdssec_common_old,chars,regcik,character varying
wrdssec_common_old,chars,issuercik,character varying
wrdssec_common_old,chars,rptownercik,character varying
wrdssec_common_old,cisdf,cik,character varying
wrdssec_common_old,wciklink_cusip,cik,character varying
wrdssec_common_old,wciklink_cusip,coname,character varying
wrdssec_common_old,wciklink_cusip,cusip_full,character varying
wrdssec_common_old,wciklink_cusip,cusip,character varying
wrdssec_common_old,wciklink_cusip,cikdate1,date
wrdssec_common_old,wciklink_cusip,cikdate2,date
wrdssec_common_old,wciklink_cusip,tmatch,double precision
wrdssec_common_old,wciklink_cusip,issuer,character varying
wrdssec_common_old,wciklink_cusip,issue,character varying
wrdssec_common_old,wciklink_cusip,issue_check,character varying
wrdssec_common_old,wciklink_cusip,validated,double precision
wrdssec_common_old,wciklink_gvkey,cik,character varying
wrdssec_common_old,wciklink_gvkey,gvkey,character varying
wrdssec_common_old,wciklink_gvkey,source,character varying
wrdssec_common_old,wciklink_gvkey,link_desc,character varying
wrdssec_common_old,wciklink_gvkey,sec_company_name,character varying
wrdssec_common_old,wciklink_gvkey,link_company_name,character varying
wrdssec_common_old,wciklink_gvkey,sec_start_date,date
wrdssec_common_old,wciklink_gvkey,sec_end_date,date
wrdssec_common_old,wciklink_gvkey,link_start_date,date
wrdssec_common_old,wciklink_gvkey,link_end_date,date
wrdssec_common_old,wciklink_gvkey,n10k,numeric
wrdssec_common_old,wciklink_gvkey,n10k_nt,numeric
wrdssec_common_old,wciklink_gvkey,n10k_a,numeric
wrdssec_common_old,wciklink_gvkey,n10q,numeric
wrdssec_common_old,wciklink_gvkey,n10q_nt,numeric
wrdssec_common_old,wciklink_gvkey,n10q_a,numeric
wrdssec_common_old,wciklink_gvkey,ndef,numeric
wrdssec_common_old,wciklink_gvkey,n8k,numeric
wrdssec_common_old,wciklink_gvkey,nlet,numeric
wrdssec_common_old,wciklink_gvkey,n13d,numeric
wrdssec_common_old,wciklink_gvkey,n13g,numeric
wrdssec_common_old,wciklink_gvkey,n13f,numeric
wrdssec_common_old,wciklink_gvkey,ntot,numeric
wrdssec_common_old,wciklink_gvkey,ntot_nt,numeric
wrdssec_common_old,wciklink_gvkey,ntot_a,numeric
wrdssec_common_old,wciklink_names,cik,character varying
wrdssec_common_old,wciklink_names,first_cik_date,date
wrdssec_common_old,wciklink_names,last_cik_date,date
wrdssec_common_old,wciklink_names,company_name,character varying
wrdssec_common_old,wciklink_names,first_coname_date,date
wrdssec_common_old,wciklink_names,last_coname_date,date
wrdssec_common_old,wciklink_names,cusip,character varying
wrdssec_common_old,wciklink_names,first_cusip_date,date
wrdssec_common_old,wciklink_names,last_cusip_date,date
wrdssec_common_old,wciklink_names,gvkey,character varying
wrdssec_common_old,wciklink_names,first_gvkey_date,date
wrdssec_common_old,wciklink_names,last_gvkey_date,date
wrdssec_common_old,wciklink_names,ticker,character varying
wrdssec_common_old,wciklink_names,first_ticker_date,date
wrdssec_common_old,wciklink_names,last_ticker_date,date
wrdssec_common_old,wciklink_names,first_date,date
wrdssec_common_old,wciklink_names,last_date,date
wrdssec_common_old,wciklink_ticker,cik,character varying
wrdssec_common_old,wciklink_ticker,coname,character varying
wrdssec_common_old,wciklink_ticker,ticker,character varying
wrdssec_common_old,wciklink_ticker,n_records,double precision
wrdssec_common_old,wciklink_ticker,ftdate,date
wrdssec_common_old,wciklink_ticker,ltdate,date
wrdssec_insiders,derivatives,issuercik,character varying
wrdssec_insiders,document_info,issuercik,character varying
wrdssec_insiders,footnotes,issuercik,character varying
wrdssec_insiders,nonderivatives,issuercik,character varying
wrdssec_insiders,reporting_owners,issuercik,character varying
wrdssec_insiders,reporting_owners,rptownercik,character varying
wrdssec_insiders,signatures,issuercik,character varying
wrdssec_insiders,table1,issuercik,character varying
wrdssec_insiders,table1,rptownercik,character varying
wrdssec_insiders,table2,issuercik,character varying
wrdssec_insiders,table2,rptownercik,character varying
wrdssec_insiders,table3,issuercik,character varying
wrdssec_insiders,table3,rptownercik,character varying
wrdssec_premium,issuercredentials,cik,character varying
wrdssec_premium,nsar_headers,owner_cik,character varying
wrdssec_premium,registrantinfo,registrantcik,character varying
wrdssec_premium,sec_item_scores,cik,character varying
wrdssec_premium,sec_item_scores_trans,cik,character varying
wrdssec_premium,sec_item_words_filings,cik,character varying
wrdssec_premium,seriescik,seriesciks_ordinal,double precision
wrdssec_premium,seriescik,seriescik_ordinal,double precision
wrdssec_premium,seriescik,seriescik_cik,character varying
wrdssec_premium,seriescik,id,character varying
wrdssec_premium,seriesciks,notregistrantseparateinsuranceac,double precision
wrdssec_premium,seriesciks,seriesciks_ordinal,double precision
wrdssec_premium,seriesciks,id,character varying
wrdssec_premium,wncen_cef_fund,registrantcik,character varying
wrdssec_premium,wncen_cef_longtermdebtdefault,registrantcik,character varying
wrdssec_premium,wncen_cef_rightsoffering,registrantcik,character varying
wrdssec_premium,wncen_cef_securityrelateditems,registrantcik,character varying
wrdssec_premium,wncen_etf_aps,registrantcik,character varying
wrdssec_premium,wncen_etf_fund,registrantcik,character varying
wrdssec_premium,wncen_fund,cik,character varying
wrdssec_premium,wncen_fund,registrantcik,character varying
wrdssec_premium,wncen_fund_admin,registrantcik,character varying
wrdssec_premium,wncen_fund_broker,registrantcik,character varying
wrdssec_premium,wncen_fund_brokerdealer,registrantcik,character varying
wrdssec_premium,wncen_fund_custodian,registrantcik,character varying
wrdssec_premium,wncen_fund_feederinfo,registrantcik,character varying
wrdssec_premium,wncen_fund_foreigninv,registrantcik,character varying
wrdssec_premium,wncen_fund_invadv,registrantcik,character varying
wrdssec_premium,wncen_fund_masterinfo,registrantcik,character varying
wrdssec_premium,wncen_fund_pricingservice,registrantcik,character varying
wrdssec_premium,wncen_fund_prtransaction,registrantcik,character varying
wrdssec_premium,wncen_fund_seclending,registrantcik,character varying
wrdssec_premium,wncen_fund_shareclasses,registrantcik,character varying
wrdssec_premium,wncen_fund_shservagent,registrantcik,character varying
wrdssec_premium,wncen_fund_subadv,registrantcik,character varying
wrdssec_premium,wncen_fund_transferagent,registrantcik,character varying
wrdssec_premium,wncen_reg_accountant,registrantcik,character varying
wrdssec_premium,wncen_reg_director,registrantcik,character varying
wrdssec_premium,wncen_reg_locbookrec,registrantcik,character varying
wrdssec_premium,wncen_reg_underwriter,registrantcik,character varying
wrdssec_premium,wncen_uit_admins,registrantcik,character varying
wrdssec_premium,wncen_uit_contractsecurities,registrantcik,character varying
wrdssec_premium,wncen_uit_depositors,registrantcik,character varying
wrdssec_premium,wncen_uit_divestments,registrantcik,character varying
wrdssec_premium,wncen_uit_fund,registrantcik,character varying
wrdssec_premium,wncen_uit_nrsi,registrantcik,character varying
wrdssec_premium,wncen_uit_nrsi,seriescik,character varying
wrdssec_premium,wncen_uit_registrantheldsec,registrantcik,character varying
wrdssec_secsa,bow_cossim,cik,character varying
wrdssec_secsa,bow_filingsummary,cik,character varying
wrdssec_secsa,wrds_nlpsa,cik,character varying
wrdssec_secsa_old,wrds_nlpsa,cik,character varying
